product_ndc,generic_name,brand_name,dosage_form,route,strength,strength_unit,category,categories,pharm_class,product_type,requires_prescription
0093-2267,Amoxicillin,Amoxicillin,"Tablet, Chewable",Oral,125,mg/1,ANTIBIOTICS,ANTIBIOTICS,Penicillin-class Antibacterial,HUMAN PRESCRIPTION DRUG,true
0143-9888,Amoxicillin,Amoxicillin,"Powder, FOR Suspension",Oral,125,mg/5mL,ANTIBIOTICS,ANTIBIOTICS,Penicillin-class Antibacterial,HUMAN PRESCRIPTION DRUG,true
0093-4160,Amoxicillin,Amoxicillin,"Powder, FOR Suspension",Oral,200,mg/5mL,ANTIBIOTICS,ANTIBIOTICS,Penicillin-class Antibacterial,HUMAN PRESCRIPTION DRUG,true
0093-2268,Amoxicillin,Amoxicillin,"Tablet, Chewable",Oral,250,mg/1,ANTIBIOTICS,ANTIBIOTICS,Penicillin-class Antibacterial,HUMAN PRESCRIPTION DRUG,true
0093-3107,Amoxicillin,Amoxicillin,Capsule,Oral,250,mg/1,ANTIBIOTICS,ANTIBIOTICS,Penicillin-class Antibacterial,HUMAN PRESCRIPTION DRUG,true
0093-4155,Amoxicillin,Amoxicillin,"Powder, FOR Suspension",Oral,250,mg/5mL,ANTIBIOTICS,ANTIBIOTICS,Penicillin-class Antibacterial,HUMAN PRESCRIPTION DRUG,true
0093-4161,Amoxicillin,Amoxicillin,"Powder, FOR Suspension",Oral,400,mg/5mL,ANTIBIOTICS,ANTIBIOTICS,Penicillin-class Antibacterial,HUMAN PRESCRIPTION DRUG,true
68071-3925,Amoxicillin,Amoxicillin,FOR Suspension,Oral,400,mg/5mL,ANTIBIOTICS,ANTIBIOTICS,Penicillin-class Antibacterial,HUMAN PRESCRIPTION DRUG,true
0093-2263,Amoxicillin,Amoxicillin,"Tablet, Film Coated",Oral,500,mg/1,ANTIBIOTICS,ANTIBIOTICS,Penicillin-class Antibacterial,HUMAN PRESCRIPTION DRUG,true
0093-3109,Amoxicillin,Amoxicillin,Capsule,Oral,500,mg/1,ANTIBIOTICS,ANTIBIOTICS,Penicillin-class Antibacterial,HUMAN PRESCRIPTION DRUG,true
0093-2264,Amoxicillin,Amoxicillin,"Tablet, Film Coated",Oral,875,mg/1,ANTIBIOTICS,ANTIBIOTICS,Penicillin-class Antibacterial,HUMAN PRESCRIPTION DRUG,true
0143-9285,Amoxicillin,Amoxicillin,"Tablet, Coated",Oral,875,mg/1,ANTIBIOTICS,ANTIBIOTICS,Penicillin-class Antibacterial,HUMAN PRESCRIPTION DRUG,true
59651-025,Amoxicillin And Clavulanate Potassium,Amoxicillin And Clavulanate Potassium,"Powder, FOR Suspension",Oral,125,mg/5mL,ANTIBIOTICS,ANTIBIOTICS,"Penicillin-class Antibacterial, beta Lactamase Inhibitor",HUMAN PRESCRIPTION DRUG,true
71297-240,Amoxicillin And Clavulanate Potassium,Augmentin,FOR Suspension,Oral,125,mg/5mL,ANTIBIOTICS,ANTIBIOTICS,"Penicillin-class Antibacterial, beta Lactamase Inhibitor",HUMAN PRESCRIPTION DRUG,true
80425-0180,Amoxicillin And Clavulanate Potassium,Amoxicillin And Clavulanate Potassium,"Tablet, Film Coated",Oral,125,mg/1,ANTIBIOTICS,ANTIBIOTICS,"Penicillin-class Antibacterial, beta Lactamase Inhibitor",HUMAN PRESCRIPTION DRUG,true
0093-2277,Amoxicillin And Clavulanate Potassium,Amoxicillin And Clavulanate Potassium,"Powder, FOR Suspension",Oral,200,mg/5mL,ANTIBIOTICS,ANTIBIOTICS,"Penicillin-class Antibacterial, beta Lactamase Inhibitor",HUMAN PRESCRIPTION DRUG,true
62135-104,Amoxicillin And Clavulanate Potassium,Amoxicillin And Clavulanate Potassium,"Tablet, Chewable",Oral,200,mg/1,ANTIBIOTICS,ANTIBIOTICS,"Penicillin-class Antibacterial, beta Lactamase Inhibitor",HUMAN PRESCRIPTION DRUG,true
0781-1874,Amoxicillin And Clavulanate Potassium,Amoxicillin And Clavulanate Potassium,"Tablet, Film Coated",Oral,250,mg/1,ANTIBIOTICS,ANTIBIOTICS,"Penicillin-class Antibacterial, beta Lactamase Inhibitor",HUMAN PRESCRIPTION DRUG,true
59651-026,Amoxicillin And Clavulanate Potassium,Amoxicillin And Clavulanate Potassium,"Powder, FOR Suspension",Oral,250,mg/5mL,ANTIBIOTICS,ANTIBIOTICS,"Penicillin-class Antibacterial, beta Lactamase Inhibitor",HUMAN PRESCRIPTION DRUG,true
69097-098,Amoxicillin And Clavulanate Potassium,Amoxicillin And Clavulanate Potassium,Suspension,Oral,250,mg/5mL,ANTIBIOTICS,ANTIBIOTICS,"Penicillin-class Antibacterial, beta Lactamase Inhibitor",HUMAN PRESCRIPTION DRUG,true
81964-204,Amoxicillin And Clavulanate Potassium,Amoxicillin AND Clavulanate Potassium,FOR Suspension,Oral,250,mg/5mL,ANTIBIOTICS,ANTIBIOTICS,"Penicillin-class Antibacterial, beta Lactamase Inhibitor",HUMAN PRESCRIPTION DRUG,true
0093-2279,Amoxicillin And Clavulanate Potassium,Amoxicillin And Clavulanate Potassium,"Powder, FOR Suspension",Oral,400,mg/5mL,ANTIBIOTICS,ANTIBIOTICS,"Penicillin-class Antibacterial, beta Lactamase Inhibitor",HUMAN PRESCRIPTION DRUG,true
0093-2274,Amoxicillin And Clavulanate Potassium,Amoxicillin And Clavulanate Potassium,"Tablet, Film Coated",Oral,500,mg/1,ANTIBIOTICS,ANTIBIOTICS,"Penicillin-class Antibacterial, beta Lactamase Inhibitor",HUMAN PRESCRIPTION DRUG,true
62135-091,Amoxicillin And Clavulanate Potassium,Amoxicillin And Clavulanate Potassium,Tablet,Oral,500,mg/1,ANTIBIOTICS,ANTIBIOTICS,"Penicillin-class Antibacterial, beta Lactamase Inhibitor",HUMAN PRESCRIPTION DRUG,true
0781-1943,Amoxicillin And Clavulanate Potassium,Amoxicillin And Clavulanate Potassium,"Tablet, Multilayer, Extended Release",Oral,562.5,mg/1,ANTIBIOTICS,ANTIBIOTICS,"Penicillin-class Antibacterial, Penicillin-class Antibacterial, beta Lactamase Inhibitor",HUMAN PRESCRIPTION DRUG,true
81964-220,Amoxicillin And Clavulanate Potassium,Amoxicillin And Clavulanate Potassium,"Tablet, Film Coated, Extended Release",Oral,562.5,mg/1,ANTIBIOTICS,ANTIBIOTICS,"Penicillin-class Antibacterial, Penicillin-class Antibacterial, beta Lactamase Inhibitor",HUMAN PRESCRIPTION DRUG,true
0093-8675,Amoxicillin And Clavulanate Potassium,Amoxicillin And Clavulanate Potassium,"Powder, FOR Suspension",Oral,600,mg/5mL,ANTIBIOTICS,ANTIBIOTICS,"Penicillin-class Antibacterial, beta Lactamase Inhibitor",HUMAN PRESCRIPTION DRUG,true
0143-9853,Amoxicillin And Clavulanate Potassium,Amoxicillin And Clavulanate Potassium,Suspension,Oral,600,mg/5mL,ANTIBIOTICS,ANTIBIOTICS,"Penicillin-class Antibacterial, beta Lactamase Inhibitor",HUMAN PRESCRIPTION DRUG,true
67296-1921,Amoxicillin And Clavulanate Potassium,Amoxicillin AND Clavulanate Potassium,FOR Suspension,Oral,600,mg/5mL,ANTIBIOTICS,ANTIBIOTICS,"Penicillin-class Antibacterial, beta Lactamase Inhibitor",HUMAN PRESCRIPTION DRUG,true
85766-123,Amoxicillin And Clavulanate Potassium,Amoxicillin And Clavulanate Potassium,"Tablet, Multilayer, Extended Release",Oral,62.5,mg/1,ANTIBIOTICS,ANTIBIOTICS,"Penicillin-class Antibacterial, Penicillin-class Antibacterial, beta Lactamase Inhibitor",HUMAN PRESCRIPTION DRUG,true
0093-2275,Amoxicillin And Clavulanate Potassium,Amoxicillin And Clavulanate Potassium,"Tablet, Film Coated",Oral,875,mg/1,ANTIBIOTICS,ANTIBIOTICS,"Penicillin-class Antibacterial, beta Lactamase Inhibitor",HUMAN PRESCRIPTION DRUG,true
0143-9249,Amoxicillin And Clavulanate Potassium,Amoxicillin And Clavulanate Potassium,Tablet,Oral,875,mg/1,ANTIBIOTICS,ANTIBIOTICS,"Penicillin-class Antibacterial, beta Lactamase Inhibitor",HUMAN PRESCRIPTION DRUG,true
50090-6324,Amoxicillin And Clavulanate Potassium,Amoxicillin AND Clavulanate Potassium,"Tablet, Coated",Oral,875,mg/1,ANTIBIOTICS,ANTIBIOTICS,"Penicillin-class Antibacterial, beta Lactamase Inhibitor",HUMAN PRESCRIPTION DRUG,true
25021-136,Ampicillin,Ampicillin,"Injection, Powder, FOR Solution",Intramuscular,1,g/1,ANTIBIOTICS,ANTIBIOTICS,Penicillin-class Antibacterial,HUMAN PRESCRIPTION DRUG,true
44567-104,Ampicillin,Ampicillin,"Injection, Powder, FOR Solution",Intravenous,10,g/1,ANTIBIOTICS,ANTIBIOTICS,Penicillin-class Antibacterial,HUMAN PRESCRIPTION DRUG,true
44567-105,Ampicillin,Ampicillin,"Injection, Powder, FOR Solution",Intramuscular,125,mg/1,ANTIBIOTICS,ANTIBIOTICS,Penicillin-class Antibacterial,HUMAN PRESCRIPTION DRUG,true
25021-137,Ampicillin,Ampicillin,"Injection, Powder, FOR Solution",Intramuscular,2,g/1,ANTIBIOTICS,ANTIBIOTICS,Penicillin-class Antibacterial,HUMAN PRESCRIPTION DRUG,true
44567-100,Ampicillin,Ampicillin,"Injection, Powder, FOR Solution",Intramuscular,250,mg/1,ANTIBIOTICS,ANTIBIOTICS,Penicillin-class Antibacterial,HUMAN PRESCRIPTION DRUG,true
59651-550,Ampicillin,Ampicillin,Capsule,Oral,250,mg/1,ANTIBIOTICS,ANTIBIOTICS,Penicillin-class Antibacterial,HUMAN PRESCRIPTION DRUG,true
0781-2145,Ampicillin,Ampicillin,Capsule,Oral,500,mg/1,ANTIBIOTICS,ANTIBIOTICS,Penicillin-class Antibacterial,HUMAN PRESCRIPTION DRUG,true
44567-101,Ampicillin,Ampicillin,"Injection, Powder, FOR Solution",Intramuscular,500,mg/1,ANTIBIOTICS,ANTIBIOTICS,Penicillin-class Antibacterial,HUMAN PRESCRIPTION DRUG,true
0404-9760,Ampicillin Sodium,Ampicillin,"Injection, Powder, FOR Solution",Intramuscular,1,g/1,ANTIBIOTICS,ANTIBIOTICS,Penicillin-class Antibacterial,HUMAN PRESCRIPTION DRUG,true
0781-3409,Ampicillin Sodium,Ampicillin,"Injection, Powder, FOR Solution",Intravenous,10,g/1,ANTIBIOTICS,ANTIBIOTICS,Penicillin-class Antibacterial,HUMAN PRESCRIPTION DRUG,true
25021-197,Ampicillin Sodium,Ampicillin Sodium,"Injection, Powder, FOR Solution",Intravenous,10,g/100mL,ANTIBIOTICS,ANTIBIOTICS,Penicillin-class Antibacterial,HUMAN PRESCRIPTION DRUG,true
72485-418,Ampicillin Sodium,Ampicillin Sodium And Sulbactam Sodium,"Injection, Powder, FOR Solution",Intramuscular,10,g/15g,ANTIBIOTICS,ANTIBIOTICS,"Penicillin-class Antibacterial, beta Lactamase Inhibitor",HUMAN PRESCRIPTION DRUG,true
0781-3400,Ampicillin Sodium,Ampicillin,"Injection, Powder, FOR Solution",Intramuscular,125,mg/1,ANTIBIOTICS,ANTIBIOTICS,Penicillin-class Antibacterial,HUMAN PRESCRIPTION DRUG,true
0404-9818,Ampicillin Sodium,Ampicillin,"Injection, Powder, FOR Solution",Intravenous,2,g/1,ANTIBIOTICS,ANTIBIOTICS,Penicillin-class Antibacterial,HUMAN PRESCRIPTION DRUG,true
0781-3402,Ampicillin Sodium,Ampicillin,"Injection, Powder, FOR Solution",Intramuscular,250,mg/1,ANTIBIOTICS,ANTIBIOTICS,Penicillin-class Antibacterial,HUMAN PRESCRIPTION DRUG,true
0781-3407,Ampicillin Sodium,Ampicillin,"Injection, Powder, FOR Solution",Intramuscular,500,mg/1,ANTIBIOTICS,ANTIBIOTICS,Penicillin-class Antibacterial,HUMAN PRESCRIPTION DRUG,true
0093-2027,Azithromycin,Azithromycin,"Powder, FOR Suspension",Oral,100,mg/5mL,ANTIBIOTICS,ANTIBIOTICS,Macrolide Antimicrobial,HUMAN PRESCRIPTION DRUG,true
62135-704,Azithromycin,Azithromycin,Suspension,Oral,100,mg/5mL,ANTIBIOTICS,ANTIBIOTICS,Macrolide Antimicrobial,HUMAN PRESCRIPTION DRUG,true
0093-2026,Azithromycin,Azithromycin,"Powder, FOR Suspension",Oral,200,mg/5mL,ANTIBIOTICS,ANTIBIOTICS,Macrolide Antimicrobial,HUMAN PRESCRIPTION DRUG,true
62135-705,Azithromycin,Azithromycin,Suspension,Oral,200,mg/5mL,ANTIBIOTICS,ANTIBIOTICS,Macrolide Antimicrobial,HUMAN PRESCRIPTION DRUG,true
0527-2370,Azithromycin,Azithromycin,"Tablet, Film Coated",Oral,250,mg/1,ANTIBIOTICS,ANTIBIOTICS,Macrolide Antimicrobial,HUMAN PRESCRIPTION DRUG,true
0527-2395,Azithromycin,Azithromycin,"Tablet, Film Coated",Oral,500,mg/1,ANTIBIOTICS,ANTIBIOTICS,Macrolide Antimicrobial,HUMAN PRESCRIPTION DRUG,true
55150-174,Azithromycin,Azithromycin,"Injection, Powder, Lyophilized, FOR Solution",Intravenous,500,mg/1,ANTIBIOTICS,ANTIBIOTICS,Macrolide Antimicrobial,HUMAN PRESCRIPTION DRUG,true
62756-512,Azithromycin,Azithromycin,"Injection, Powder, Lyophilized, FOR Solution",Intravenous,500,mg/5mL,ANTIBIOTICS,ANTIBIOTICS,Macrolide Antimicrobial,HUMAN PRESCRIPTION DRUG,true
0781-8091,Azithromycin,Azithromycin,"Tablet, Film Coated",Oral,600,mg/1,ANTIBIOTICS,ANTIBIOTICS,Macrolide Antimicrobial,HUMAN PRESCRIPTION DRUG,true
70436-220,Azithromycin Dihydrate,Azithromycin Dihydrate,"Powder, FOR Suspension",Oral,100,mg/5mL,ANTIBIOTICS,ANTIBIOTICS,Macrolide Antimicrobial,HUMAN PRESCRIPTION DRUG,true
0069-3120,Azithromycin Dihydrate,Zithromax,"Powder, FOR Suspension",Oral,200,mg/5mL,ANTIBIOTICS,ANTIBIOTICS,Macrolide Antimicrobial,HUMAN PRESCRIPTION DRUG,true
0069-3060,Azithromycin Dihydrate,Zithromax,"Tablet, Film Coated",Oral,250,mg/1,ANTIBIOTICS,ANTIBIOTICS,Macrolide Antimicrobial,HUMAN PRESCRIPTION DRUG,true
80425-0431,Azithromycin Dihydrate,Azithromycin Dihydrate,Tablet,Oral,250,mg/1,ANTIBIOTICS,ANTIBIOTICS,Macrolide Antimicrobial,HUMAN PRESCRIPTION DRUG,true
0069-0400,Azithromycin Dihydrate,Zithromax,"Injection, Powder, Lyophilized, FOR Solution",Intravenous,500,mg/5mL,ANTIBIOTICS,ANTIBIOTICS,Macrolide Antimicrobial,HUMAN PRESCRIPTION DRUG,true
0069-3070,Azithromycin Dihydrate,Zithromax,"Tablet, Film Coated",Oral,500,mg/1,ANTIBIOTICS,ANTIBIOTICS,Macrolide Antimicrobial,HUMAN PRESCRIPTION DRUG,true
80425-0412,Azithromycin Dihydrate,Azithromycin Dihydrate,Tablet,Oral,500,mg/1,ANTIBIOTICS,ANTIBIOTICS,Macrolide Antimicrobial,HUMAN PRESCRIPTION DRUG,true
67046-1503,Azithromycin Dihydrate,Azithromycin Dihydrate,Tablet,Oral,600,mg/1,ANTIBIOTICS,ANTIBIOTICS,Macrolide Antimicrobial,HUMAN PRESCRIPTION DRUG,true
68094-690,Azithromycin Dihydrate,Azithromycin Dihydrate,"Tablet, Film Coated",Oral,600,mg/1,ANTIBIOTICS,ANTIBIOTICS,Macrolide Antimicrobial,HUMAN PRESCRIPTION DRUG,true
0404-9833,Cefazolin,Cefazolin,"Injection, Powder, FOR Solution",Intramuscular,1,g/1,ANTIBIOTICS,ANTIBIOTICS,Cephalosporin Antibacterial,HUMAN PRESCRIPTION DRUG,true
0143-9261,Cefazolin,Cefazolin,"Injection, Powder, FOR Solution",Intravenous,10,g/1,ANTIBIOTICS,ANTIBIOTICS,Cephalosporin Antibacterial,HUMAN PRESCRIPTION DRUG,true
0143-9139,Cefazolin,Cefazolin,"Injection, Powder, FOR Solution",Intravenous,2,g/1,ANTIBIOTICS,ANTIBIOTICS,Cephalosporin Antibacterial,HUMAN PRESCRIPTION DRUG,true
0143-9665,Cefazolin,Cefazolin,"Injection, Powder, FOR Solution",Intravenous,20,g/1,ANTIBIOTICS,ANTIBIOTICS,Cephalosporin Antibacterial,HUMAN PRESCRIPTION DRUG,true
0143-9923,Cefazolin,Cefazolin,"Injection, Powder, FOR Solution",Intramuscular,225,mg/mL,ANTIBIOTICS,ANTIBIOTICS,Cephalosporin Antibacterial,HUMAN PRESCRIPTION DRUG,true
0143-9140,Cefazolin,Cefazolin,"Injection, Powder, FOR Solution",Intravenous,3,g/1,ANTIBIOTICS,ANTIBIOTICS,Cephalosporin Antibacterial,HUMAN PRESCRIPTION DRUG,true
0143-9262,Cefazolin,Cefazolin,"Injection, Powder, FOR Solution",Intramuscular,330,mg/mL,ANTIBIOTICS,ANTIBIOTICS,Cephalosporin Antibacterial,HUMAN PRESCRIPTION DRUG,true
0781-3450,Cefazolin,Cefazolin,"Injection, Powder, FOR Solution",Intramuscular,500,mg/1,ANTIBIOTICS,ANTIBIOTICS,Cephalosporin Antibacterial,HUMAN PRESCRIPTION DRUG,true
0264-3103,Cefazolin Sodium,Cefazolin Sodium,Solution,Intravenous,1,g/50mL,ANTIBIOTICS,ANTIBIOTICS,Cephalosporin Antibacterial,HUMAN PRESCRIPTION DRUG,true
0338-3503,Cefazolin Sodium,Cefazolin,"Injection, Solution",Intravenous,1,g/50mL,ANTIBIOTICS,ANTIBIOTICS,Cephalosporin Antibacterial,HUMAN PRESCRIPTION DRUG,true
63323-237,Cefazolin Sodium,Cefazolin,"Powder, FOR Solution",Intramuscular,1,g/3mL,ANTIBIOTICS,ANTIBIOTICS,Cephalosporin Antibacterial,HUMAN PRESCRIPTION DRUG,true
72189-584,Cefazolin Sodium,Cefazolin Sodium,"Injection, Powder, FOR Solution",Intramuscular,1,g/1,ANTIBIOTICS,ANTIBIOTICS,Cephalosporin Antibacterial,HUMAN PRESCRIPTION DRUG,true
63323-238,Cefazolin Sodium,Cefazolin,"Powder, FOR Solution",Intravenous,10,g/1,ANTIBIOTICS,ANTIBIOTICS,Cephalosporin Antibacterial,HUMAN PRESCRIPTION DRUG,true
66288-1100,Cefazolin Sodium,Cefazolin,"Injection, Powder, Lyophilized, FOR Solution",Intravenous,100,g/1,ANTIBIOTICS,ANTIBIOTICS,Cephalosporin Antibacterial,HUMAN PRESCRIPTION DRUG,true
0264-3105,Cefazolin Sodium,Cefazolin Sodium,Solution,Intravenous,2,g/50mL,ANTIBIOTICS,ANTIBIOTICS,Cephalosporin Antibacterial,HUMAN PRESCRIPTION DRUG,true
0338-3508,Cefazolin Sodium,Cefazolin,"Injection, Solution",Intravenous,2,g/100mL,ANTIBIOTICS,ANTIBIOTICS,Cephalosporin Antibacterial,HUMAN PRESCRIPTION DRUG,true
0264-3107,Cefazolin Sodium,Cefazolin Sodium,Solution,Intravenous,3,g/50mL,ANTIBIOTICS,ANTIBIOTICS,Cephalosporin Antibacterial,HUMAN PRESCRIPTION DRUG,true
0338-0096,Cefazolin Sodium,Cefazolin,"Injection, Solution",Intravenous,3,g/150mL,ANTIBIOTICS,ANTIBIOTICS,Cephalosporin Antibacterial,HUMAN PRESCRIPTION DRUG,true
66288-1300,Cefazolin Sodium,Cefazolin,"Injection, Powder, Lyophilized, FOR Solution",Intravenous,300,g/1,ANTIBIOTICS,ANTIBIOTICS,Cephalosporin Antibacterial,HUMAN PRESCRIPTION DRUG,true
63323-236,Cefazolin Sodium,Cefazolin,"Powder, FOR Solution",Intramuscular,500,mg/2.2mL,ANTIBIOTICS,ANTIBIOTICS,Cephalosporin Antibacterial,HUMAN PRESCRIPTION DRUG,true
0143-9382,Cefepime Hydrochloride,Cefepime Hydrochloride,"Injection, Powder, FOR Solution",Intramuscular,1,g/1,ANTIBIOTICS,ANTIBIOTICS,Cephalosporin Antibacterial,HUMAN PRESCRIPTION DRUG,true
0264-3193,Cefepime Hydrochloride,Cefepime Hydrochloride AND Dextrose,"Injection, Solution",Intravenous,1,g/50mL,ANTIBIOTICS,ANTIBIOTICS,Cephalosporin Antibacterial,HUMAN PRESCRIPTION DRUG,true
25021-121,Cefepime Hydrochloride,Cefepime,"Injection, Powder, FOR Solution",Intramuscular,1,g/20mL,ANTIBIOTICS,ANTIBIOTICS,Cephalosporin Antibacterial,HUMAN PRESCRIPTION DRUG,true
0143-9383,Cefepime Hydrochloride,Cefepime Hydrochloride,"Injection, Powder, FOR Solution",Intravenous,2,g/1,ANTIBIOTICS,ANTIBIOTICS,Cephalosporin Antibacterial,HUMAN PRESCRIPTION DRUG,true
0264-3195,Cefepime Hydrochloride,Cefepime Hydrochloride AND Dextrose,"Injection, Solution",Intravenous,2,g/50mL,ANTIBIOTICS,ANTIBIOTICS,Cephalosporin Antibacterial,HUMAN PRESCRIPTION DRUG,true
25021-122,Cefepime Hydrochloride,Cefepime,"Injection, Powder, FOR Solution",Intravenous,2,g/20mL,ANTIBIOTICS,ANTIBIOTICS,Cephalosporin Antibacterial,HUMAN PRESCRIPTION DRUG,true
67184-1002,Cefepime Hydrochloride,Cefepime,"Injection, Powder, FOR Solution",Intramuscular,500,mg/1,ANTIBIOTICS,ANTIBIOTICS,Cephalosporin Antibacterial,HUMAN PRESCRIPTION DRUG,true
0338-5002,Ceftriaxone Sodium,Ceftriaxone,"Injection, Solution",Intravenous,1,g/50mL,ANTIBIOTICS,ANTIBIOTICS,Cephalosporin Antibacterial,HUMAN PRESCRIPTION DRUG,true
0409-7332,Ceftriaxone Sodium,Ceftriaxone Sodium,"Injection, Powder, FOR Solution",Intramuscular,1,g/1,ANTIBIOTICS,ANTIBIOTICS,Cephalosporin Antibacterial,HUMAN PRESCRIPTION DRUG,true
0409-7334,Ceftriaxone Sodium,Ceftriaxone Sodium,"Injection, Powder, FOR Solution",Intravenous,10,g/100mL,ANTIBIOTICS,ANTIBIOTICS,Cephalosporin Antibacterial,HUMAN PRESCRIPTION DRUG,true
60505-6150,Ceftriaxone Sodium,Ceftriaxone Sodium,"Injection, Powder, FOR Solution",Intravenous,10,g/1,ANTIBIOTICS,ANTIBIOTICS,Cephalosporin Antibacterial,HUMAN PRESCRIPTION DRUG,true
66288-6100,Ceftriaxone Sodium,Ceftriaxone,"Injection, Powder, FOR Solution",Intravenous,100,g/1,ANTIBIOTICS,ANTIBIOTICS,Cephalosporin Antibacterial,HUMAN PRESCRIPTION DRUG,true
0338-5003,Ceftriaxone Sodium,Ceftriaxone,"Injection, Solution",Intravenous,2,g/50mL,ANTIBIOTICS,ANTIBIOTICS,Cephalosporin Antibacterial,HUMAN PRESCRIPTION DRUG,true
0409-7335,Ceftriaxone Sodium,Ceftriaxone Sodium,"Injection, Powder, FOR Solution",Intramuscular,2,g/1,ANTIBIOTICS,ANTIBIOTICS,Cephalosporin Antibacterial,HUMAN PRESCRIPTION DRUG,true
0409-7337,Ceftriaxone Sodium,Ceftriaxone Sodium,"Injection, Powder, FOR Solution",Intramuscular,250,mg/1,ANTIBIOTICS,ANTIBIOTICS,Cephalosporin Antibacterial,HUMAN PRESCRIPTION DRUG,true
0409-7338,Ceftriaxone Sodium,Ceftriaxone Sodium,"Injection, Powder, FOR Solution",Intramuscular,500,mg/1,ANTIBIOTICS,ANTIBIOTICS,Cephalosporin Antibacterial,HUMAN PRESCRIPTION DRUG,true
0093-4175,Cephalexin,Cephalexin,"Powder, FOR Suspension",Oral,125,mg/5mL,ANTIBIOTICS,ANTIBIOTICS,Cephalosporin Antibacterial,HUMAN PRESCRIPTION DRUG,true
63629-9204,Cephalexin,Cephalexin,FOR Suspension,Oral,125,mg/5mL,ANTIBIOTICS,ANTIBIOTICS,Cephalosporin Antibacterial,HUMAN PRESCRIPTION DRUG,true
0093-2238,Cephalexin,Cephalexin,Tablet,Oral,250,mg/1,ANTIBIOTICS,ANTIBIOTICS,Cephalosporin Antibacterial,HUMAN PRESCRIPTION DRUG,true
0093-3145,Cephalexin,Cephalexin,Capsule,Oral,250,mg/1,ANTIBIOTICS,ANTIBIOTICS,Cephalosporin Antibacterial,HUMAN PRESCRIPTION DRUG,true
0093-4177,Cephalexin,Cephalexin,"Powder, FOR Suspension",Oral,250,mg/5mL,ANTIBIOTICS,ANTIBIOTICS,Cephalosporin Antibacterial,HUMAN PRESCRIPTION DRUG,true
50090-4795,Cephalexin,Cephalexin,FOR Suspension,Oral,250,mg/5mL,ANTIBIOTICS,ANTIBIOTICS,Cephalosporin Antibacterial,HUMAN PRESCRIPTION DRUG,true
59651-783,Cephalexin,Cephalexin,"Tablet, Film Coated",Oral,250,mg/1,ANTIBIOTICS,ANTIBIOTICS,Cephalosporin Antibacterial,HUMAN PRESCRIPTION DRUG,true
67877-254,Cephalexin,Cephalexin,Capsule,Oral,333,mg/1,ANTIBIOTICS,ANTIBIOTICS,Cephalosporin Antibacterial,HUMAN PRESCRIPTION DRUG,true
0093-2240,Cephalexin,Cephalexin,Tablet,Oral,500,mg/1,ANTIBIOTICS,ANTIBIOTICS,Cephalosporin Antibacterial,HUMAN PRESCRIPTION DRUG,true
0093-3147,Cephalexin,Cephalexin,Capsule,Oral,500,mg/1,ANTIBIOTICS,ANTIBIOTICS,Cephalosporin Antibacterial,HUMAN PRESCRIPTION DRUG,true
59651-784,Cephalexin,Cephalexin,"Tablet, Film Coated",Oral,500,mg/1,ANTIBIOTICS,ANTIBIOTICS,Cephalosporin Antibacterial,HUMAN PRESCRIPTION DRUG,true
59651-728,Cephalexin,Cephalexin,Capsule,Oral,750,mg/1,ANTIBIOTICS,ANTIBIOTICS,Cephalosporin Antibacterial,HUMAN PRESCRIPTION DRUG,true
64950-381,Ciprofloxacin,Ciprofloxacin Otic,Solution/ Drops,Auricular (otic),.5,mg/.25mL,ANTIBIOTICS,ANTIBIOTICS,Fluoroquinolone Antibacterial,HUMAN PRESCRIPTION DRUG,true
25021-114,Ciprofloxacin,Ciprofloxacin,"Injection, Solution",Intravenous,2,mg/mL,ANTIBIOTICS,ANTIBIOTICS,Quinolone Antimicrobial,HUMAN PRESCRIPTION DRUG,true
0409-2300,Ciprofloxacin,Ciprofloxacin In Dextrose,"Injection, Solution",Intravenous,200,mg/100mL,ANTIBIOTICS,ANTIBIOTICS,Fluoroquinolone Antibacterial,HUMAN PRESCRIPTION DRUG,true
0143-9927,Ciprofloxacin,Ciprofloxacin,"Tablet, Film Coated",Oral,250,mg/1,ANTIBIOTICS,ANTIBIOTICS,Fluoroquinolone Antibacterial,HUMAN PRESCRIPTION DRUG,true
43063-410,Ciprofloxacin,Ciprofloxacin,Tablet,Oral,250,mg/1,ANTIBIOTICS,ANTIBIOTICS,Fluoroquinolone Antibacterial,HUMAN PRESCRIPTION DRUG,true
58657-675,Ciprofloxacin,Ciprofloxacin,"Tablet, Coated",Oral,250,mg/1,ANTIBIOTICS,ANTIBIOTICS,Fluoroquinolone Antibacterial,HUMAN PRESCRIPTION DRUG,true
50090-4217,Ciprofloxacin,Ciprofloxacin,Solution,Ophthalmic,3,mg/mL,ANTIBIOTICS,ANTIBIOTICS,Fluoroquinolone Antibacterial,HUMAN PRESCRIPTION DRUG,true
0409-3300,Ciprofloxacin,Ciprofloxacin In Dextrose,"Injection, Solution",Intravenous,400,mg/200mL,ANTIBIOTICS,ANTIBIOTICS,Fluoroquinolone Antibacterial,HUMAN PRESCRIPTION DRUG,true
0143-9928,Ciprofloxacin,Ciprofloxacin,"Tablet, Film Coated",Oral,500,mg/1,ANTIBIOTICS,ANTIBIOTICS,Fluoroquinolone Antibacterial,HUMAN PRESCRIPTION DRUG,true
43063-869,Ciprofloxacin,Ciprofloxacin,Tablet,Oral,500,mg/1,ANTIBIOTICS,ANTIBIOTICS,Fluoroquinolone Antibacterial,HUMAN PRESCRIPTION DRUG,true
51655-490,Ciprofloxacin,Ciprofloxacin,"Tablet, Coated",Oral,500,mg/1,ANTIBIOTICS,ANTIBIOTICS,Fluoroquinolone Antibacterial,HUMAN PRESCRIPTION DRUG,true
0143-9929,Ciprofloxacin,Ciprofloxacin,"Tablet, Film Coated",Oral,750,mg/1,ANTIBIOTICS,ANTIBIOTICS,Fluoroquinolone Antibacterial,HUMAN PRESCRIPTION DRUG,true
43063-767,Ciprofloxacin,Ciprofloxacin,Tablet,Oral,750,mg/1,ANTIBIOTICS,ANTIBIOTICS,Fluoroquinolone Antibacterial,HUMAN PRESCRIPTION DRUG,true
0143-9381,Doxycycline,Doxycycline,"Injection, Powder, FOR Solution",Intravenous,100,mg/1,ANTIBIOTICS,ANTIBIOTICS,Tetracycline-class Drug,HUMAN PRESCRIPTION DRUG,true
0404-9855,Doxycycline,Doxycycline,"Injection, Powder, Lyophilized, FOR Solution",Intravenous,100,mg/10mL,ANTIBIOTICS,ANTIBIOTICS,Tetracycline-class Drug,HUMAN PRESCRIPTION DRUG,true
0527-1338,Doxycycline,Doxycycline,"Tablet, Film Coated",Oral,100,mg/1,ANTIBIOTICS,ANTIBIOTICS,Tetracycline-class Drug,HUMAN PRESCRIPTION DRUG,true
23155-135,Doxycycline,Doxycycline,Tablet,Oral,100,mg/1,ANTIBIOTICS,ANTIBIOTICS,Tetracycline-class Drug,HUMAN PRESCRIPTION DRUG,true
27808-233,Doxycycline,Doxycycline,Capsule,Oral,100,mg/1,ANTIBIOTICS,ANTIBIOTICS,Tetracycline-class Drug,HUMAN PRESCRIPTION DRUG,true
82449-008,Doxycycline,Doxycycline,"Injection, Powder, Lyophilized, FOR Solution",Intravenous,100,mg/100mg,ANTIBIOTICS,ANTIBIOTICS,Tetracycline-class Drug,HUMAN PRESCRIPTION DRUG,true
0527-1537,Doxycycline,Doxycycline,"Tablet, Film Coated",Oral,150,mg/1,ANTIBIOTICS,ANTIBIOTICS,Tetracycline-class Drug,HUMAN PRESCRIPTION DRUG,true
23155-136,Doxycycline,Doxycycline,Tablet,Oral,150,mg/1,ANTIBIOTICS,ANTIBIOTICS,Tetracycline-class Drug,HUMAN PRESCRIPTION DRUG,true
64380-181,Doxycycline,Doxycycline,Capsule,Oral,150,mg/1,ANTIBIOTICS,ANTIBIOTICS,Tetracycline-class Drug,HUMAN PRESCRIPTION DRUG,true
68382-911,Doxycycline,Doxycycline,"Injection, Powder, Lyophilized, FOR Solution",Intravenous,200,mg/20mL,ANTIBIOTICS,ANTIBIOTICS,Tetracycline-class Drug,HUMAN PRESCRIPTION DRUG,true
62135-417,Doxycycline,Doxycycline,"Powder, FOR Suspension",Oral,25,mg/5mL,ANTIBIOTICS,ANTIBIOTICS,Tetracycline-class Drug,HUMAN PRESCRIPTION DRUG,true
68180-657,Doxycycline,Doxycycline,FOR Suspension,Oral,25,mg/5mL,ANTIBIOTICS,ANTIBIOTICS,Tetracycline-class Drug,HUMAN PRESCRIPTION DRUG,true
0299-3822,Doxycycline,Oracea,Capsule,Oral,40,mg/1,ANTIBIOTICS,ANTIBIOTICS,Tetracycline-class Drug,HUMAN PRESCRIPTION DRUG,true
0527-1335,Doxycycline,Doxycycline,"Tablet, Film Coated",Oral,50,mg/1,ANTIBIOTICS,ANTIBIOTICS,Tetracycline-class Drug,HUMAN PRESCRIPTION DRUG,true
23155-133,Doxycycline,Doxycycline,Tablet,Oral,50,mg/1,ANTIBIOTICS,ANTIBIOTICS,Tetracycline-class Drug,HUMAN PRESCRIPTION DRUG,true
43386-790,Doxycycline,Doxycycline,Capsule,Oral,50,mg/1,ANTIBIOTICS,ANTIBIOTICS,Tetracycline-class Drug,HUMAN PRESCRIPTION DRUG,true
0527-1535,Doxycycline,Doxycycline,"Tablet, Film Coated",Oral,75,mg/1,ANTIBIOTICS,ANTIBIOTICS,Tetracycline-class Drug,HUMAN PRESCRIPTION DRUG,true
23155-134,Doxycycline,Doxycycline,Tablet,Oral,75,mg/1,ANTIBIOTICS,ANTIBIOTICS,Tetracycline-class Drug,HUMAN PRESCRIPTION DRUG,true
43386-791,Doxycycline,Doxycycline,Capsule,Oral,75,mg/1,ANTIBIOTICS,ANTIBIOTICS,Tetracycline-class Drug,HUMAN PRESCRIPTION DRUG,true
0143-2112,Doxycycline Hyclate,Doxycycline Hyclate,"Tablet, Coated",Oral,100,mg/1,ANTIBIOTICS,ANTIBIOTICS,Tetracycline-class Drug,HUMAN PRESCRIPTION DRUG,true
0143-9803,Doxycycline Hyclate,Doxycycline Hyclate,Capsule,Oral,100,mg/1,ANTIBIOTICS,ANTIBIOTICS,Tetracycline-class Drug,HUMAN PRESCRIPTION DRUG,true
0591-5553,Doxycycline Hyclate,Doxycycline Hyclate,Tablet,Oral,100,mg/1,ANTIBIOTICS,ANTIBIOTICS,Tetracycline-class Drug,HUMAN PRESCRIPTION DRUG,true
23155-142,Doxycycline Hyclate,Doxycycline Hyclate,"Tablet, Delayed Release",Oral,100,mg/1,ANTIBIOTICS,ANTIBIOTICS,Tetracycline-class Drug,HUMAN PRESCRIPTION DRUG,true
24658-310,Doxycycline Hyclate,Doxycycline Hyclate,"Tablet, Film Coated",Oral,100,mg/1,ANTIBIOTICS,ANTIBIOTICS,Tetracycline-class Drug,HUMAN PRESCRIPTION DRUG,true
70436-032,Doxycycline Hyclate,Doxycycline Hyclate,"Powder, FOR Solution",Intravenous,100,mg/10mL,ANTIBIOTICS,ANTIBIOTICS,Tetracycline-class Drug,HUMAN PRESCRIPTION DRUG,true
23155-143,Doxycycline Hyclate,Doxycycline Hyclate,"Tablet, Delayed Release",Oral,150,mg/1,ANTIBIOTICS,ANTIBIOTICS,Tetracycline-class Drug,HUMAN PRESCRIPTION DRUG,true
27241-154,Doxycycline Hyclate,Doxycycline Hyclate,Tablet,Oral,150,mg/1,ANTIBIOTICS,ANTIBIOTICS,Tetracycline-class Drug,HUMAN PRESCRIPTION DRUG,true
46708-388,Doxycycline Hyclate,Doxycycline Hyclate,"Tablet, Film Coated",Oral,150,mg/1,ANTIBIOTICS,ANTIBIOTICS,Tetracycline-class Drug,HUMAN PRESCRIPTION DRUG,true
42806-362,Doxycycline Hyclate,Doxycycline Hyclate,Tablet,Oral,20,mg/1,ANTIBIOTICS,ANTIBIOTICS,Tetracycline-class Drug,HUMAN PRESCRIPTION DRUG,true
46708-352,Doxycycline Hyclate,Doxycycline Hyclate,"Tablet, Film Coated",Oral,20,mg/1,ANTIBIOTICS,ANTIBIOTICS,Tetracycline-class Drug,HUMAN PRESCRIPTION DRUG,true
0591-4575,Doxycycline Hyclate,Doxycycline Hyclate,"Tablet, Delayed Release",Oral,200,mg/1,ANTIBIOTICS,ANTIBIOTICS,Tetracycline-class Drug,HUMAN PRESCRIPTION DRUG,true
70436-201,Doxycycline Hyclate,Doxycycline Hyclate,"Powder, FOR Solution",Intravenous,200,mg/20mL,ANTIBIOTICS,ANTIBIOTICS,Tetracycline-class Drug,HUMAN PRESCRIPTION DRUG,true
0143-9802,Doxycycline Hyclate,Doxycycline Hyclate,Capsule,Oral,50,mg/1,ANTIBIOTICS,ANTIBIOTICS,Tetracycline-class Drug,HUMAN PRESCRIPTION DRUG,true
0591-4550,Doxycycline Hyclate,Doxycycline Hyclate,"Tablet, Delayed Release",Oral,50,mg/1,ANTIBIOTICS,ANTIBIOTICS,Tetracycline-class Drug,HUMAN PRESCRIPTION DRUG,true
46708-499,Doxycycline Hyclate,Doxycycline Hyclate,"Tablet, Film Coated",Oral,50,mg/1,ANTIBIOTICS,ANTIBIOTICS,Tetracycline-class Drug,HUMAN PRESCRIPTION DRUG,true
64380-225,Doxycycline Hyclate,Doxycycline Hyclate,Tablet,Oral,50,mg/1,ANTIBIOTICS,ANTIBIOTICS,Tetracycline-class Drug,HUMAN PRESCRIPTION DRUG,true
51862-560,Doxycycline Hyclate,Doryx MPC,"Tablet, Delayed Release",Oral,60,mg/1,ANTIBIOTICS,ANTIBIOTICS,Tetracycline-class Drug,HUMAN PRESCRIPTION DRUG,true
16110-601,Doxycycline Hyclate,Acticlate,Capsule,Oral,75,mg/1,ANTIBIOTICS,ANTIBIOTICS,Tetracycline-class Drug,HUMAN PRESCRIPTION DRUG,true
23155-141,Doxycycline Hyclate,Doxycycline Hyclate,"Tablet, Delayed Release",Oral,75,mg/1,ANTIBIOTICS,ANTIBIOTICS,Tetracycline-class Drug,HUMAN PRESCRIPTION DRUG,true
27241-153,Doxycycline Hyclate,Doxycycline Hyclate,Tablet,Oral,75,mg/1,ANTIBIOTICS,ANTIBIOTICS,Tetracycline-class Drug,HUMAN PRESCRIPTION DRUG,true
46708-387,Doxycycline Hyclate,Doxycycline Hyclate,"Tablet, Film Coated",Oral,75,mg/1,ANTIBIOTICS,ANTIBIOTICS,Tetracycline-class Drug,HUMAN PRESCRIPTION DRUG,true
45802-038,Erythromycin,Erythromycin,Solution,Topical,20,mg/mL,ANTIBIOTICS,ANTIBIOTICS,"Macrolide Antimicrobial, Macrolide",HUMAN PRESCRIPTION DRUG,true
60219-1503,Erythromycin,Erythromycin Ethylsuccinate,Suspension,Oral,200,mg/5mL,ANTIBIOTICS,ANTIBIOTICS,"Macrolide Antimicrobial, Macrolide",HUMAN PRESCRIPTION DRUG,true
0093-5571,Erythromycin,Erythromycin,"Tablet, Film Coated",Oral,250,mg/1,ANTIBIOTICS,ANTIBIOTICS,"Macrolide Antimicrobial, Macrolide",HUMAN PRESCRIPTION DRUG,true
13668-586,Erythromycin,Erythromycin,"Tablet, Delayed Release",Oral,250,mg/1,ANTIBIOTICS,ANTIBIOTICS,"Macrolide Antimicrobial, Macrolide",HUMAN PRESCRIPTION DRUG,true
13668-606,Erythromycin,Erythromycin,"Tablet, Coated",Oral,250,mg/1,ANTIBIOTICS,ANTIBIOTICS,"Macrolide Antimicrobial, Macrolide",HUMAN PRESCRIPTION DRUG,true
24338-120,Erythromycin,Erythromycin,"Capsule, Delayed Release",Oral,250,mg/1,ANTIBIOTICS,ANTIBIOTICS,"Macrolide Antimicrobial, Macrolide",HUMAN PRESCRIPTION DRUG,true
75907-076,Erythromycin,Erythromycin,"Capsule, Delayed Release Pellets",Oral,250,mg/1,ANTIBIOTICS,ANTIBIOTICS,"Macrolide Antimicrobial, Macrolide",HUMAN PRESCRIPTION DRUG,true
13668-587,Erythromycin,Erythromycin,"Tablet, Delayed Release",Oral,333,mg/1,ANTIBIOTICS,ANTIBIOTICS,"Macrolide Antimicrobial, Macrolide",HUMAN PRESCRIPTION DRUG,true
60219-1504,Erythromycin,Erythromycin Ethylsuccinate,Suspension,Oral,400,mg/5mL,ANTIBIOTICS,ANTIBIOTICS,"Macrolide Antimicrobial, Macrolide",HUMAN PRESCRIPTION DRUG,true
0093-5572,Erythromycin,Erythromycin,"Tablet, Film Coated",Oral,500,mg/1,ANTIBIOTICS,ANTIBIOTICS,"Macrolide Antimicrobial, Macrolide",HUMAN PRESCRIPTION DRUG,true
13668-588,Erythromycin,Erythromycin,"Tablet, Delayed Release",Oral,500,mg/1,ANTIBIOTICS,ANTIBIOTICS,"Macrolide Antimicrobial, Macrolide",HUMAN PRESCRIPTION DRUG,true
13668-607,Erythromycin,Erythromycin,"Tablet, Coated",Oral,500,mg/1,ANTIBIOTICS,ANTIBIOTICS,"Macrolide Antimicrobial, Macrolide",HUMAN PRESCRIPTION DRUG,true
0338-0505,Gentamicin Sulfate,Gentamicin Sulfate In Sodium Chloride,"Injection, Solution",Intravenous,100,mg/100mL,ANTIBIOTICS,ANTIBIOTICS,Aminoglycoside Antibacterial,HUMAN PRESCRIPTION DRUG,true
0338-0511,Gentamicin Sulfate,Gentamicin Sulfate In Sodium Chloride,"Injection, Solution",Intravenous,100,mg/50mL,ANTIBIOTICS,ANTIBIOTICS,Aminoglycoside Antibacterial,HUMAN PRESCRIPTION DRUG,true
24208-580,Gentamicin Sulfate,Gentamicin Sulfate,Solution/ Drops,Ophthalmic,3,mg/mL,ANTIBIOTICS,ANTIBIOTICS,Aminoglycoside Antibacterial,HUMAN PRESCRIPTION DRUG,true
61314-633,Gentamicin Sulfate,Gentamicin Sulfate,Solution,Ophthalmic,3,mg/mL,ANTIBIOTICS,ANTIBIOTICS,Aminoglycoside Antibacterial,HUMAN PRESCRIPTION DRUG,true
0404-9865,Gentamicin Sulfate,Gentamicin Sulfate,"Injection, Solution",Intramuscular,40,mg/mL,ANTIBIOTICS,ANTIBIOTICS,Aminoglycoside Antibacterial,HUMAN PRESCRIPTION DRUG,true
0338-0507,Gentamicin Sulfate,Gentamicin Sulfate In Sodium Chloride,"Injection, Solution",Intravenous,60,mg/50mL,ANTIBIOTICS,ANTIBIOTICS,Aminoglycoside Antibacterial,HUMAN PRESCRIPTION DRUG,true
0338-0503,Gentamicin Sulfate,Gentamicin Sulfate In Sodium Chloride,"Injection, Solution",Intravenous,80,mg/100mL,ANTIBIOTICS,ANTIBIOTICS,Aminoglycoside Antibacterial,HUMAN PRESCRIPTION DRUG,true
0338-0509,Gentamicin Sulfate,Gentamicin Sulfate In Sodium Chloride,"Injection, Solution",Intravenous,80,mg/50mL,ANTIBIOTICS,ANTIBIOTICS,Aminoglycoside Antibacterial,HUMAN PRESCRIPTION DRUG,true
54288-140,Levofloxacin,Levofloxacin,Solution/ Drops,Ophthalmic,15,mg/mL,ANTIBIOTICS,ANTIBIOTICS,,HUMAN PRESCRIPTION DRUG,true
0527-1948,Levofloxacin,Levofloxacin,Solution,Oral,25,mg/mL,ANTIBIOTICS,ANTIBIOTICS,,HUMAN PRESCRIPTION DRUG,true
36000-045,Levofloxacin,Levofloxacin,"Injection, Solution",Intravenous,25,mg/mL,ANTIBIOTICS,ANTIBIOTICS,,HUMAN PRESCRIPTION DRUG,true
0143-9315,Levofloxacin,Levofloxacin,"Injection, Solution",Intravenous,250,mg/50mL,ANTIBIOTICS,ANTIBIOTICS,,HUMAN PRESCRIPTION DRUG,true
0904-6351,Levofloxacin,Levofloxacin,"Tablet, Film Coated",Oral,250,mg/1,ANTIBIOTICS,ANTIBIOTICS,,HUMAN PRESCRIPTION DRUG,true
62135-655,Levofloxacin,Levofloxacin,Tablet,Oral,250,mg/1,ANTIBIOTICS,ANTIBIOTICS,,HUMAN PRESCRIPTION DRUG,true
25021-132,Levofloxacin,Levofloxacin,"Injection, Solution",Intravenous,5,mg/mL,ANTIBIOTICS,ANTIBIOTICS,,HUMAN PRESCRIPTION DRUG,true
63323-355,Levofloxacin,Levofloxacin,Injection,Intravenous,5,mg/mL,ANTIBIOTICS,ANTIBIOTICS,,HUMAN PRESCRIPTION DRUG,true
72888-142,Levofloxacin,Levofloxacin,Solution,Ophthalmic,5,mg/mL,ANTIBIOTICS,ANTIBIOTICS,,HUMAN PRESCRIPTION DRUG,true
0143-9316,Levofloxacin,Levofloxacin,"Injection, Solution",Intravenous,500,mg/100mL,ANTIBIOTICS,ANTIBIOTICS,,HUMAN PRESCRIPTION DRUG,true
0904-6352,Levofloxacin,Levofloxacin,"Tablet, Film Coated",Oral,500,mg/1,ANTIBIOTICS,ANTIBIOTICS,,HUMAN PRESCRIPTION DRUG,true
55150-156,Levofloxacin,Levofloxacin,"Injection, Solution, Concentrate",Intravenous,500,mg/20mL,ANTIBIOTICS,ANTIBIOTICS,,HUMAN PRESCRIPTION DRUG,true
62135-656,Levofloxacin,Levofloxacin,Tablet,Oral,500,mg/1,ANTIBIOTICS,ANTIBIOTICS,,HUMAN PRESCRIPTION DRUG,true
0143-9317,Levofloxacin,Levofloxacin,"Injection, Solution",Intravenous,750,mg/150mL,ANTIBIOTICS,ANTIBIOTICS,,HUMAN PRESCRIPTION DRUG,true
0904-6353,Levofloxacin,Levofloxacin,"Tablet, Film Coated",Oral,750,mg/1,ANTIBIOTICS,ANTIBIOTICS,,HUMAN PRESCRIPTION DRUG,true
55150-157,Levofloxacin,Levofloxacin,"Injection, Solution, Concentrate",Intravenous,750,mg/30mL,ANTIBIOTICS,ANTIBIOTICS,,HUMAN PRESCRIPTION DRUG,true
62135-657,Levofloxacin,Levofloxacin,Tablet,Oral,750,mg/1,ANTIBIOTICS,ANTIBIOTICS,,HUMAN PRESCRIPTION DRUG,true
0009-5136,Linezolid,Zyvox,"Granule, FOR Suspension",Oral,100,mg/5mL,ANTIBIOTICS,ANTIBIOTICS,Oxazolidinone Antibacterial,HUMAN PRESCRIPTION DRUG,true
0054-0319,Linezolid,Linezolid,"Powder, FOR Suspension",Oral,100,mg/5mL,ANTIBIOTICS,ANTIBIOTICS,Oxazolidinone Antibacterial,HUMAN PRESCRIPTION DRUG,true
59762-1308,Linezolid,Linezolid,Suspension,Oral,100,mg/5mL,ANTIBIOTICS,ANTIBIOTICS,Oxazolidinone Antibacterial,HUMAN PRESCRIPTION DRUG,true
0409-4883,Linezolid,Linezolid,"Injection, Solution",Intravenous,2,mg/mL,ANTIBIOTICS,ANTIBIOTICS,Oxazolidinone Antibacterial,HUMAN PRESCRIPTION DRUG,true
0781-3431,Linezolid,Linezolid,"Injection, Solution",Intravenous,200,mg/100mL,ANTIBIOTICS,ANTIBIOTICS,Oxazolidinone Antibacterial,HUMAN PRESCRIPTION DRUG,true
0009-5138,Linezolid,Zyvox,"Tablet, Film Coated",Oral,600,mg/1,ANTIBIOTICS,ANTIBIOTICS,Oxazolidinone Antibacterial,HUMAN PRESCRIPTION DRUG,true
0009-5140,Linezolid,Zyvox,"Injection, Solution",Intravenous,600,mg/300mL,ANTIBIOTICS,ANTIBIOTICS,Oxazolidinone Antibacterial,HUMAN PRESCRIPTION DRUG,true
33342-352,Linezolid,Linezolid,"Tablet, Coated",Oral,600,mg/1,ANTIBIOTICS,ANTIBIOTICS,Oxazolidinone Antibacterial,HUMAN PRESCRIPTION DRUG,true
43386-022,Linezolid,Linezolid,Tablet,Oral,600,mg/1,ANTIBIOTICS,ANTIBIOTICS,Oxazolidinone Antibacterial,HUMAN PRESCRIPTION DRUG,true
66298-7807,Linezolid,Zyvox,Injection,Intravenous,600,mg/300mL,ANTIBIOTICS,ANTIBIOTICS,Oxazolidinone Antibacterial,HUMAN PRESCRIPTION DRUG,true
0143-9431,Meropenem,Meropenem,Injection,Intravenous,1,g/30mL,ANTIBIOTICS,ANTIBIOTICS,Penem Antibacterial,HUMAN PRESCRIPTION DRUG,true
0143-9486,Meropenem,Meropenem,"Injection, Powder, FOR Solution",Intravenous,1,g/20mL,ANTIBIOTICS,ANTIBIOTICS,Penem Antibacterial,HUMAN PRESCRIPTION DRUG,true
25021-161,Meropenem,Meropenem,"Injection, Powder, FOR Solution",Intravenous,1,g/30mL,ANTIBIOTICS,ANTIBIOTICS,Penem Antibacterial,HUMAN PRESCRIPTION DRUG,true
44567-146,Meropenem,Meropenem,"Injection, Powder, FOR Solution",Intravenous,1,g/1,ANTIBIOTICS,ANTIBIOTICS,Penem Antibacterial,HUMAN PRESCRIPTION DRUG,true
72485-412,Meropenem,Meropenem,Injection,Intravenous,1,g/20mL,ANTIBIOTICS,ANTIBIOTICS,Penem Antibacterial,HUMAN PRESCRIPTION DRUG,true
44567-402,Meropenem,Meropenem,"Injection, Powder, FOR Solution",Intravenous,2,g/1,ANTIBIOTICS,ANTIBIOTICS,Penem Antibacterial,HUMAN PRESCRIPTION DRUG,true
72078-081,Meropenem,Meropenem,Injection,Intravenous,2,g/1,ANTIBIOTICS,ANTIBIOTICS,Penem Antibacterial,HUMAN PRESCRIPTION DRUG,true
0143-9430,Meropenem,Meropenem,Injection,Intravenous,500,mg/20mL,ANTIBIOTICS,ANTIBIOTICS,Penem Antibacterial,HUMAN PRESCRIPTION DRUG,true
0143-9485,Meropenem,Meropenem,"Injection, Powder, FOR Solution",Intravenous,500,mg/10mL,ANTIBIOTICS,ANTIBIOTICS,Penem Antibacterial,HUMAN PRESCRIPTION DRUG,true
25021-160,Meropenem,Meropenem,"Injection, Powder, FOR Solution",Intravenous,500,mg/20mL,ANTIBIOTICS,ANTIBIOTICS,Penem Antibacterial,HUMAN PRESCRIPTION DRUG,true
44567-145,Meropenem,Meropenem,"Injection, Powder, FOR Solution",Intravenous,500,mg/1,ANTIBIOTICS,ANTIBIOTICS,Penem Antibacterial,HUMAN PRESCRIPTION DRUG,true
58657-739,Metronidazole,Metronidazole,Tablet,Oral,125,mg/1,ANTIBIOTICS,ANTIBIOTICS,Nitroimidazole Antimicrobial,HUMAN PRESCRIPTION DRUG,true
0904-7156,Metronidazole,Metronidazole,Tablet,Oral,250,mg/1,ANTIBIOTICS,ANTIBIOTICS,Nitroimidazole Antimicrobial,HUMAN PRESCRIPTION DRUG,true
29300-226,Metronidazole,Metronidazole,"Tablet, Film Coated",Oral,250,mg/1,ANTIBIOTICS,ANTIBIOTICS,Nitroimidazole Antimicrobial,HUMAN PRESCRIPTION DRUG,true
0025-1942,Metronidazole,Flagyl,Capsule,Oral,375,mg/1,ANTIBIOTICS,ANTIBIOTICS,Nitroimidazole Antimicrobial,HUMAN PRESCRIPTION DRUG,true
0409-0152,Metronidazole,Metronidazole,"Injection, Solution",Intravenous,5,mg/mL,ANTIBIOTICS,ANTIBIOTICS,Nitroimidazole Antimicrobial,HUMAN PRESCRIPTION DRUG,true
0264-5535,Metronidazole,Metronidazole,Solution,Intravenous,500,mg/100mL,ANTIBIOTICS,ANTIBIOTICS,Nitroimidazole Antimicrobial,HUMAN PRESCRIPTION DRUG,true
0338-1055,Metronidazole,Metronidazole,"Injection, Solution",Intravenous,500,mg/100mL,ANTIBIOTICS,ANTIBIOTICS,Nitroimidazole Antimicrobial,HUMAN PRESCRIPTION DRUG,true
0904-7126,Metronidazole,Metronidazole,Tablet,Oral,500,mg/1,ANTIBIOTICS,ANTIBIOTICS,Nitroimidazole Antimicrobial,HUMAN PRESCRIPTION DRUG,true
29300-227,Metronidazole,Metronidazole,"Tablet, Film Coated",Oral,500,mg/1,ANTIBIOTICS,ANTIBIOTICS,Nitroimidazole Antimicrobial,HUMAN PRESCRIPTION DRUG,true
46708-021,Metronidazole,Metronidazole,"Tablet, Film Coated, Extended Release",Oral,750,mg/1,ANTIBIOTICS,ANTIBIOTICS,Nitroimidazole Antimicrobial,HUMAN PRESCRIPTION DRUG,true
65976-100,Minocycline Hydrochloride,Arestin,Powder,Oral,1,mg/1,ANTIBIOTICS,ANTIBIOTICS,Tetracycline-class Drug,HUMAN PRESCRIPTION DRUG,true
0591-5695,Minocycline Hydrochloride,Minocycline Hydrochloride,Capsule,Oral,100,mg/1,ANTIBIOTICS,ANTIBIOTICS,Tetracycline-class Drug,HUMAN PRESCRIPTION DRUG,true
13668-487,Minocycline Hydrochloride,Minocycline Hydrochloride,Tablet,Oral,100,mg/1,ANTIBIOTICS,ANTIBIOTICS,Tetracycline-class Drug,HUMAN PRESCRIPTION DRUG,true
59651-339,Minocycline Hydrochloride,Minocycline Hydrochloride,"Tablet, Film Coated",Oral,100,mg/1,ANTIBIOTICS,ANTIBIOTICS,Tetracycline-class Drug,HUMAN PRESCRIPTION DRUG,true
70842-160,Minocycline Hydrochloride,Minocin,Injection,Intravenous,100,mg/1,ANTIBIOTICS,ANTIBIOTICS,Tetracycline-class Drug,HUMAN PRESCRIPTION DRUG,true
63629-9208,Minocycline Hydrochloride,Minocycline Hydrochloride,"Tablet, Film Coated, Extended Release",Oral,105,mg/1,ANTIBIOTICS,ANTIBIOTICS,Tetracycline-class Drug,HUMAN PRESCRIPTION DRUG,true
68382-552,Minocycline Hydrochloride,Minocycline Hydrochloride,"Tablet, Extended Release",Oral,105,mg/1,ANTIBIOTICS,ANTIBIOTICS,Tetracycline-class Drug,HUMAN PRESCRIPTION DRUG,true
63629-9209,Minocycline Hydrochloride,Minocycline Hydrochloride,"Tablet, Film Coated, Extended Release",Oral,115,mg/1,ANTIBIOTICS,ANTIBIOTICS,Tetracycline-class Drug,HUMAN PRESCRIPTION DRUG,true
68382-534,Minocycline Hydrochloride,Minocycline Hydrochloride,"Tablet, Extended Release",Oral,115,mg/1,ANTIBIOTICS,ANTIBIOTICS,Tetracycline-class Drug,HUMAN PRESCRIPTION DRUG,true
63629-9210,Minocycline Hydrochloride,Minocycline Hydrochloride,"Tablet, Film Coated, Extended Release",Oral,135,mg/1,ANTIBIOTICS,ANTIBIOTICS,Tetracycline-class Drug,HUMAN PRESCRIPTION DRUG,true
68180-381,Minocycline Hydrochloride,Minocycline Hydrochloride,"Tablet, Extended Release",Oral,135,mg/1,ANTIBIOTICS,ANTIBIOTICS,Tetracycline-class Drug,HUMAN PRESCRIPTION DRUG,true
63629-9211,Minocycline Hydrochloride,Minocycline Hydrochloride,"Tablet, Film Coated, Extended Release",Oral,45,mg/1,ANTIBIOTICS,ANTIBIOTICS,Tetracycline-class Drug,HUMAN PRESCRIPTION DRUG,true
68180-379,Minocycline Hydrochloride,Minocycline Hydrochloride,"Tablet, Extended Release",Oral,45,mg/1,ANTIBIOTICS,ANTIBIOTICS,Tetracycline-class Drug,HUMAN PRESCRIPTION DRUG,true
13668-482,Minocycline Hydrochloride,Minocycline Hydrochloride,Capsule,Oral,50,mg/1,ANTIBIOTICS,ANTIBIOTICS,Tetracycline-class Drug,HUMAN PRESCRIPTION DRUG,true
13668-485,Minocycline Hydrochloride,Minocycline Hydrochloride,Tablet,Oral,50,mg/1,ANTIBIOTICS,ANTIBIOTICS,Tetracycline-class Drug,HUMAN PRESCRIPTION DRUG,true
59651-337,Minocycline Hydrochloride,Minocycline Hydrochloride,"Tablet, Film Coated",Oral,50,mg/1,ANTIBIOTICS,ANTIBIOTICS,Tetracycline-class Drug,HUMAN PRESCRIPTION DRUG,true
63629-9212,Minocycline Hydrochloride,Minocycline Hydrochloride,"Tablet, Film Coated, Extended Release",Oral,55,mg/1,ANTIBIOTICS,ANTIBIOTICS,Tetracycline-class Drug,HUMAN PRESCRIPTION DRUG,true
68180-460,Minocycline Hydrochloride,Minocycline Hydrochloride,"Tablet, Extended Release",Oral,55,mg/1,ANTIBIOTICS,ANTIBIOTICS,Tetracycline-class Drug,HUMAN PRESCRIPTION DRUG,true
63629-9213,Minocycline Hydrochloride,Minocycline Hydrochloride,"Tablet, Film Coated, Extended Release",Oral,65,mg/1,ANTIBIOTICS,ANTIBIOTICS,Tetracycline-class Drug,HUMAN PRESCRIPTION DRUG,true
68382-532,Minocycline Hydrochloride,Minocycline Hydrochloride,"Tablet, Extended Release",Oral,65,mg/1,ANTIBIOTICS,ANTIBIOTICS,Tetracycline-class Drug,HUMAN PRESCRIPTION DRUG,true
13668-483,Minocycline Hydrochloride,Minocycline Hydrochloride,Capsule,Oral,75,mg/1,ANTIBIOTICS,ANTIBIOTICS,Tetracycline-class Drug,HUMAN PRESCRIPTION DRUG,true
13668-486,Minocycline Hydrochloride,Minocycline Hydrochloride,Tablet,Oral,75,mg/1,ANTIBIOTICS,ANTIBIOTICS,Tetracycline-class Drug,HUMAN PRESCRIPTION DRUG,true
59651-338,Minocycline Hydrochloride,Minocycline Hydrochloride,"Tablet, Film Coated",Oral,75,mg/1,ANTIBIOTICS,ANTIBIOTICS,Tetracycline-class Drug,HUMAN PRESCRIPTION DRUG,true
63629-9214,Minocycline Hydrochloride,Minocycline Hydrochloride,"Tablet, Film Coated, Extended Release",Oral,80,mg/1,ANTIBIOTICS,ANTIBIOTICS,Tetracycline-class Drug,HUMAN PRESCRIPTION DRUG,true
68382-551,Minocycline Hydrochloride,Minocycline Hydrochloride,"Tablet, Extended Release",Oral,80,mg/1,ANTIBIOTICS,ANTIBIOTICS,Tetracycline-class Drug,HUMAN PRESCRIPTION DRUG,true
63629-9215,Minocycline Hydrochloride,Minocycline Hydrochloride,"Tablet, Film Coated, Extended Release",Oral,90,mg/1,ANTIBIOTICS,ANTIBIOTICS,Tetracycline-class Drug,HUMAN PRESCRIPTION DRUG,true
68180-380,Minocycline Hydrochloride,Minocycline Hydrochloride,"Tablet, Extended Release",Oral,90,mg/1,ANTIBIOTICS,ANTIBIOTICS,Tetracycline-class Drug,HUMAN PRESCRIPTION DRUG,true
24208-790,Neomycin Sulfate,Neomycin AND Polymyxin B Sulfates AND Gramicidin,Solution/ Drops,Ophthalmic,1.75,mg/mL,ANTIBIOTICS,ANTIBIOTICS,"Aminoglycoside Antibacterial, Polymyxin-class Antibacterial",HUMAN PRESCRIPTION DRUG,true
24208-635,Neomycin Sulfate,Neomycin And Polymyxin B Sulfates And Hydrocortisone,Suspension/ Drops,Auricular (otic),10,mg/mL,ANTIBIOTICS,ANTIBIOTICS,"Aminoglycoside Antibacterial, Corticosteroid, Polymyxin-class Antibacterial",HUMAN PRESCRIPTION DRUG,true
87879-003,Neomycin Sulfate,Neomycin Sulfate,Granule,Topical,100,kg/100kg,ANTIBIOTICS,ANTIBIOTICS,Aminoglycoside Antibacterial,HUMAN OTC DRUG,false
24208-631,Neomycin Sulfate,Neomycin And Polymyxin B Sulfates And Hydrocortisone,Solution/ Drops,Auricular (otic),3.5,mg/mL,ANTIBIOTICS,ANTIBIOTICS,"Aminoglycoside Antibacterial, Corticosteroid, Polymyxin-class Antibacterial",HUMAN PRESCRIPTION DRUG,true
24208-830,Neomycin Sulfate,Neomycin Polymyxin B Sulfates And Dexamethasone,Suspension/ Drops,Ophthalmic,3.5,mg/mL,ANTIBIOTICS,ANTIBIOTICS,"Aminoglycoside Antibacterial, Corticosteroid, Polymyxin-class Antibacterial",HUMAN PRESCRIPTION DRUG,true
50090-2365,Neomycin Sulfate,Neomycin And Polymyxin B Sulfates And Hydrocortisone,Suspension,Auricular (otic),3.5,mg/mL,ANTIBIOTICS,ANTIBIOTICS,"Aminoglycoside Antibacterial, Corticosteroid, Polymyxin-class Antibacterial",HUMAN PRESCRIPTION DRUG,true
61314-646,Neomycin Sulfate,Neomycin And Polymyxin B Sulfates And Hydrocortisone,Solution,Auricular (otic),3.5,mg/mL,ANTIBIOTICS,ANTIBIOTICS,"Aminoglycoside Antibacterial, Corticosteroid, Polymyxin-class Antibacterial",HUMAN PRESCRIPTION DRUG,true
0093-1177,Neomycin Sulfate,Neomycin Sulfate,Tablet,Oral,500,mg/1,ANTIBIOTICS,ANTIBIOTICS,Aminoglycoside Antibacterial,HUMAN PRESCRIPTION DRUG,true
0409-2999,Piperacillin And Tazobactam,Piperacillin And Tazobactam,"Injection, Powder, Lyophilized, FOR Solution",Intravenous,12,g/60mL,ANTIBIOTICS,ANTIBIOTICS,"Penicillin-class Antibacterial, beta Lactamase Inhibitor",HUMAN PRESCRIPTION DRUG,true
0781-3117,Piperacillin And Tazobactam,Piperacillin And Tazobactam,"Injection, Powder, Lyophilized, FOR Solution",Intravenous,12,g/100mL,ANTIBIOTICS,ANTIBIOTICS,"Penicillin-class Antibacterial, beta Lactamase Inhibitor",HUMAN PRESCRIPTION DRUG,true
0409-3383,Piperacillin And Tazobactam,Piperacillin And Tazobactam,"Injection, Powder, Lyophilized, FOR Solution",Intravenous,2,g/10mL,ANTIBIOTICS,ANTIBIOTICS,"Penicillin-class Antibacterial, beta Lactamase Inhibitor",HUMAN PRESCRIPTION DRUG,true
35369-0502,Piperacillin And Tazobactam,Piperacillin And Tazobactam,"Injection, Powder, FOR Solution",Intravenous,2,g/10mL,ANTIBIOTICS,ANTIBIOTICS,"Penicillin-class Antibacterial, beta Lactamase Inhibitor",HUMAN PRESCRIPTION DRUG,true
0409-3385,Piperacillin And Tazobactam,Piperacillin And Tazobactam,"Injection, Powder, Lyophilized, FOR Solution",Intravenous,3,g/15mL,ANTIBIOTICS,ANTIBIOTICS,"Penicillin-class Antibacterial, beta Lactamase Inhibitor",HUMAN PRESCRIPTION DRUG,true
35369-0503,Piperacillin And Tazobactam,Piperacillin And Tazobactam,"Injection, Powder, FOR Solution",Intravenous,3,g/15mL,ANTIBIOTICS,ANTIBIOTICS,"Penicillin-class Antibacterial, beta Lactamase Inhibitor",HUMAN PRESCRIPTION DRUG,true
0781-3180,Piperacillin And Tazobactam,Piperacillin And Tazobactam,"Injection, Powder, Lyophilized, FOR Solution",Intravenous,36,g/250mL,ANTIBIOTICS,ANTIBIOTICS,"Penicillin-class Antibacterial, beta Lactamase Inhibitor",HUMAN PRESCRIPTION DRUG,true
44567-804,Piperacillin And Tazobactam,Piperacillin And Tazobactam,"Injection, Powder, FOR Solution",Intravenous,36,g/1,ANTIBIOTICS,ANTIBIOTICS,"Penicillin-class Antibacterial, beta Lactamase Inhibitor",HUMAN PRESCRIPTION DRUG,true
65219-256,Piperacillin And Tazobactam,Piperacillin And Tazobactam,"Injection, Powder, FOR Solution",Intravenous,36,g/180mL,ANTIBIOTICS,ANTIBIOTICS,"Penicillin-class Antibacterial, beta Lactamase Inhibitor",HUMAN PRESCRIPTION DRUG,true
0409-3390,Piperacillin And Tazobactam,Piperacillin And Tazobactam,"Injection, Powder, Lyophilized, FOR Solution",Intravenous,4,g/20mL,ANTIBIOTICS,ANTIBIOTICS,"Penicillin-class Antibacterial, beta Lactamase Inhibitor",HUMAN PRESCRIPTION DRUG,true
35369-0501,Piperacillin And Tazobactam,Piperacillin And Tazobactam,"Injection, Powder, FOR Solution",Intravenous,4,g/20mL,ANTIBIOTICS,ANTIBIOTICS,"Penicillin-class Antibacterial, beta Lactamase Inhibitor",HUMAN PRESCRIPTION DRUG,true
35369-0504,Piperacillin And Tazobactam,Piperacillin And Tazobactam,"Injection, Powder, Lyophilized, FOR Solution",Intravenous,4.5,g/180mL,ANTIBIOTICS,ANTIBIOTICS,"Penicillin-class Antibacterial, beta Lactamase Inhibitor",HUMAN PRESCRIPTION DRUG,true
55150-474,Piperacillin Sodium And Tazobactam Sodium,Piperacillin And Tazobactam,"Injection, Powder, Lyophilized, FOR Solution",Intravenous,12,g/100mL,ANTIBIOTICS,ANTIBIOTICS,"Penicillin-class Antibacterial, beta Lactamase Inhibitor",HUMAN PRESCRIPTION DRUG,true
81284-154,Piperacillin Sodium And Tazobactam Sodium,Piperacillin And Tazobactam,"Injection, Powder, Lyophilized, FOR Solution",Intravenous,12,g/60mL,ANTIBIOTICS,ANTIBIOTICS,"Penicillin-class Antibacterial, beta Lactamase Inhibitor",HUMAN PRESCRIPTION DRUG,true
0338-9632,Piperacillin Sodium And Tazobactam Sodium,Zosyn,"Injection, Solution",Intravenous,2,g/50mL,ANTIBIOTICS,ANTIBIOTICS,"Penicillin-class Antibacterial, beta Lactamase Inhibitor",HUMAN PRESCRIPTION DRUG,true
55150-119,Piperacillin Sodium And Tazobactam Sodium,Piperacillin And Tazobactam,"Injection, Powder, Lyophilized, FOR Solution",Intravenous,2,g/1,ANTIBIOTICS,ANTIBIOTICS,"Penicillin-class Antibacterial, beta Lactamase Inhibitor",HUMAN PRESCRIPTION DRUG,true
81284-151,Piperacillin Sodium And Tazobactam Sodium,Piperacillin AND Tazobactam,"Injection, Powder, Lyophilized, FOR Solution",Intravenous,2,g/10mL,ANTIBIOTICS,ANTIBIOTICS,"Penicillin-class Antibacterial, beta Lactamase Inhibitor",HUMAN PRESCRIPTION DRUG,true
0338-9636,Piperacillin Sodium And Tazobactam Sodium,Zosyn,"Injection, Solution",Intravenous,3,g/50mL,ANTIBIOTICS,ANTIBIOTICS,"Penicillin-class Antibacterial, beta Lactamase Inhibitor",HUMAN PRESCRIPTION DRUG,true
55150-120,Piperacillin Sodium And Tazobactam Sodium,Piperacillin And Tazobactam,"Injection, Powder, Lyophilized, FOR Solution",Intravenous,3,g/1,ANTIBIOTICS,ANTIBIOTICS,"Penicillin-class Antibacterial, beta Lactamase Inhibitor",HUMAN PRESCRIPTION DRUG,true
72572-573,Piperacillin Sodium And Tazobactam Sodium,Piperacillin And Tazobactam,"Injection, Powder, FOR Solution",Intravenous,3,g/15mL,ANTIBIOTICS,ANTIBIOTICS,"Penicillin-class Antibacterial, beta Lactamase Inhibitor",HUMAN PRESCRIPTION DRUG,true
81284-152,Piperacillin Sodium And Tazobactam Sodium,Piperacillin AND Tazobactam,"Injection, Powder, Lyophilized, FOR Solution",Intravenous,3,g/15mL,ANTIBIOTICS,ANTIBIOTICS,"Penicillin-class Antibacterial, beta Lactamase Inhibitor",HUMAN PRESCRIPTION DRUG,true
55150-473,Piperacillin Sodium And Tazobactam Sodium,Piperacillin And Tazobactam,"Injection, Powder, Lyophilized, FOR Solution",Intravenous,36,g/250mL,ANTIBIOTICS,ANTIBIOTICS,"Penicillin-class Antibacterial, beta Lactamase Inhibitor",HUMAN PRESCRIPTION DRUG,true
63323-304,Piperacillin Sodium And Tazobactam Sodium,Piperacillin And Tazobactam,"Injection, Powder, FOR Solution",Intravenous,36,g/180mL,ANTIBIOTICS,ANTIBIOTICS,"Penicillin-class Antibacterial, beta Lactamase Inhibitor",HUMAN PRESCRIPTION DRUG,true
81284-155,Piperacillin Sodium And Tazobactam Sodium,Piperacillin And Tazobactam,"Injection, Powder, Lyophilized, FOR Solution",Intravenous,36,g/180mL,ANTIBIOTICS,ANTIBIOTICS,"Penicillin-class Antibacterial, beta Lactamase Inhibitor",HUMAN PRESCRIPTION DRUG,true
0338-9638,Piperacillin Sodium And Tazobactam Sodium,Zosyn,"Injection, Solution",Intravenous,4,g/100mL,ANTIBIOTICS,ANTIBIOTICS,"Penicillin-class Antibacterial, beta Lactamase Inhibitor",HUMAN PRESCRIPTION DRUG,true
55150-121,Piperacillin Sodium And Tazobactam Sodium,Piperacillin And Tazobactam,"Injection, Powder, Lyophilized, FOR Solution",Intravenous,4,g/1,ANTIBIOTICS,ANTIBIOTICS,"Penicillin-class Antibacterial, beta Lactamase Inhibitor",HUMAN PRESCRIPTION DRUG,true
72572-574,Piperacillin Sodium And Tazobactam Sodium,Piperacillin And Tazobactam,"Injection, Powder, FOR Solution",Intravenous,4,g/20mL,ANTIBIOTICS,ANTIBIOTICS,"Penicillin-class Antibacterial, beta Lactamase Inhibitor",HUMAN PRESCRIPTION DRUG,true
81284-153,Piperacillin Sodium And Tazobactam Sodium,Piperacillin AND Tazobactam,"Injection, Powder, Lyophilized, FOR Solution",Intravenous,4,g/20mL,ANTIBIOTICS,ANTIBIOTICS,"Penicillin-class Antibacterial, beta Lactamase Inhibitor",HUMAN PRESCRIPTION DRUG,true
39822-0412,Tobramycin,Tobramycin,"Injection, Powder, Lyophilized, FOR Solution",Intravenous,1.2,g/30mL,ANTIBIOTICS,ANTIBIOTICS,Aminoglycoside Antibacterial,HUMAN PRESCRIPTION DRUG,true
68083-253,Tobramycin,Tobramycin,Injection,Intramuscular,10,mg/mL,ANTIBIOTICS,ANTIBIOTICS,Aminoglycoside Antibacterial,HUMAN PRESCRIPTION DRUG,true
70436-110,Tobramycin,Tobramycin,"Injection, Powder, FOR Solution",Intravenous,1200,mg/30mL,ANTIBIOTICS,ANTIBIOTICS,Aminoglycoside Antibacterial,HUMAN PRESCRIPTION DRUG,true
49502-401,Tobramycin,Tobi Podhaler,Capsule,Oral,28,mg/1,ANTIBIOTICS,ANTIBIOTICS,Aminoglycoside Antibacterial,HUMAN PRESCRIPTION DRUG,true
24208-290,Tobramycin,Tobramycin,Solution,Ophthalmic,3,mg/mL,ANTIBIOTICS,ANTIBIOTICS,Aminoglycoside Antibacterial,HUMAN PRESCRIPTION DRUG,true
50090-4190,Tobramycin,Tobramycin,Solution/ Drops,Ophthalmic,3,mg/mL,ANTIBIOTICS,ANTIBIOTICS,Aminoglycoside Antibacterial,HUMAN PRESCRIPTION DRUG,true
0093-4085,Tobramycin,Tobramycin,Solution,Respiratory (inhalation),300,mg/5mL,ANTIBIOTICS,ANTIBIOTICS,Aminoglycoside Antibacterial,HUMAN PRESCRIPTION DRUG,true
10122-820,Tobramycin,Bethkis,Solution,Respiratory (inhalation),300,mg/4mL,ANTIBIOTICS,ANTIBIOTICS,Aminoglycoside Antibacterial,HUMAN PRESCRIPTION DRUG,true
0409-3578,Tobramycin,Tobramycin,"Injection, Solution",Intramuscular,40,mg/mL,ANTIBIOTICS,ANTIBIOTICS,Aminoglycoside Antibacterial,HUMAN PRESCRIPTION DRUG,true
36000-242,Tobramycin,Tobramycin,Injection,Intramuscular,40,mg/mL,ANTIBIOTICS,ANTIBIOTICS,Aminoglycoside Antibacterial,HUMAN PRESCRIPTION DRUG,true
0143-9357,Vancomycin Hydrochloride,Vancomycin Hydrochloride,"Injection, Powder, Lyophilized, FOR Solution",Intravenous,1,g/1,ANTIBIOTICS,ANTIBIOTICS,Glycopeptide Antibacterial,HUMAN PRESCRIPTION DRUG,true
0338-3552,Vancomycin Hydrochloride,Vancomycin Hydrochloride,"Injection, Solution",Intravenous,1,g/200mL,ANTIBIOTICS,ANTIBIOTICS,Glycopeptide Antibacterial,HUMAN PRESCRIPTION DRUG,true
25021-151,Vancomycin Hydrochloride,Vancomycin Hydrochloride,"Injection, Powder, Lyophilized, FOR Solution",Intravenous,1,g/20mL,ANTIBIOTICS,ANTIBIOTICS,Glycopeptide Antibacterial,HUMAN PRESCRIPTION DRUG,true
0143-9152,Vancomycin Hydrochloride,Vancomycin Hydrochloride,"Injection, Powder, Lyophilized, FOR Solution",Intravenous,1.25,g/1,ANTIBIOTICS,ANTIBIOTICS,Glycopeptide Antibacterial,HUMAN PRESCRIPTION DRUG,true
0338-0122,Vancomycin Hydrochloride,Vancomycin Hydrochloride,"Injection, Solution",Intravitreal,1.25,g/250mL,ANTIBIOTICS,ANTIBIOTICS,Glycopeptide Antibacterial,HUMAN PRESCRIPTION DRUG,true
25021-148,Vancomycin Hydrochloride,Vancomycin Hydrochloride,"Injection, Powder, Lyophilized, FOR Solution",Intravenous,1.25,g/25mL,ANTIBIOTICS,ANTIBIOTICS,Glycopeptide Antibacterial,HUMAN PRESCRIPTION DRUG,true
82449-006,Vancomycin Hydrochloride,Vancomycin Hydrochloride,"Injection, Powder, Lyophilized, FOR Solution",Intravenous,1.25,g/30mL,ANTIBIOTICS,ANTIBIOTICS,Glycopeptide Antibacterial,HUMAN PRESCRIPTION DRUG,true
83634-115,Vancomycin Hydrochloride,Vancomycin Hydrochloride,"Injection, Powder, FOR Solution",Intravenous,1.25,g/1,ANTIBIOTICS,ANTIBIOTICS,Glycopeptide Antibacterial,HUMAN PRESCRIPTION DRUG,true
0143-9153,Vancomycin Hydrochloride,Vancomycin Hydrochloride,"Injection, Powder, Lyophilized, FOR Solution",Intravenous,1.5,g/1,ANTIBIOTICS,ANTIBIOTICS,Glycopeptide Antibacterial,HUMAN PRESCRIPTION DRUG,true
0338-0124,Vancomycin Hydrochloride,Vancomycin Hydrochloride,"Injection, Solution",Intravitreal,1.5,g/300mL,ANTIBIOTICS,ANTIBIOTICS,Glycopeptide Antibacterial,HUMAN PRESCRIPTION DRUG,true
25021-149,Vancomycin Hydrochloride,Vancomycin Hydrochloride,"Injection, Powder, Lyophilized, FOR Solution",Intravenous,1.5,g/30mL,ANTIBIOTICS,ANTIBIOTICS,Glycopeptide Antibacterial,HUMAN PRESCRIPTION DRUG,true
83634-116,Vancomycin Hydrochloride,Vancomycin Hydrochloride,"Injection, Powder, FOR Solution",Intravenous,1.5,g/1,ANTIBIOTICS,ANTIBIOTICS,Glycopeptide Antibacterial,HUMAN PRESCRIPTION DRUG,true
72078-065,Vancomycin Hydrochloride,Vancomycin Hydrochloride,"Injection, Powder, Lyophilized, FOR Solution",Intravenous,1.75,g/35mL,ANTIBIOTICS,ANTIBIOTICS,Glycopeptide Antibacterial,HUMAN PRESCRIPTION DRUG,true
0143-9359,Vancomycin Hydrochloride,Vancomycin Hydrochloride,"Injection, Powder, FOR Solution",Intravenous,10,g/1,ANTIBIOTICS,ANTIBIOTICS,Glycopeptide Antibacterial,HUMAN PRESCRIPTION DRUG,true
25021-158,Vancomycin Hydrochloride,Vancomycin,"Injection, Powder, Lyophilized, FOR Solution",Intravenous,10,g/100mL,ANTIBIOTICS,ANTIBIOTICS,Glycopeptide Antibacterial,HUMAN PRESCRIPTION DRUG,true
55150-206,Vancomycin Hydrochloride,Vancomycin Hydrochloride,"Injection, Powder, Lyophilized, FOR Solution",Intravenous,10,g/1,ANTIBIOTICS,ANTIBIOTICS,Glycopeptide Antibacterial,HUMAN PRESCRIPTION DRUG,true
71288-026,Vancomycin Hydrochloride,Vancomycin Hydrochloride,"Injection, Powder, Lyophilized, FOR Solution",Intravenous,10,g/95mL,ANTIBIOTICS,ANTIBIOTICS,Glycopeptide Antibacterial,HUMAN PRESCRIPTION DRUG,true
0143-9164,Vancomycin Hydrochloride,Vancomycin Hydrochloride,"Injection, Powder, FOR Solution",Intravenous,10.25,g/g,ANTIBIOTICS,ANTIBIOTICS,Glycopeptide Antibacterial,HUMAN PRESCRIPTION DRUG,true
66288-7100,Vancomycin Hydrochloride,Vancomycin Hydrochloride,"Injection, Powder, Lyophilized, FOR Solution",Intravenous,100,g/1,ANTIBIOTICS,ANTIBIOTICS,Glycopeptide Antibacterial,HUMAN PRESCRIPTION DRUG,true
0143-9162,Vancomycin Hydrochloride,Vancomycin Hydrochloride,"Injection, Powder, FOR Solution",Intravenous,1025,mg/mg,ANTIBIOTICS,ANTIBIOTICS,Glycopeptide Antibacterial,HUMAN PRESCRIPTION DRUG,true
0121-1032,Vancomycin Hydrochloride,Vancomycin Hydrochloride,Capsule,Oral,125,mg/1,ANTIBIOTICS,ANTIBIOTICS,Glycopeptide Antibacterial,HUMAN PRESCRIPTION DRUG,true
0143-9474,Vancomycin Hydrochloride,Vancomycin Hydrochloride,"Injection, Powder, FOR Solution",Intravenous,1280,mg/mg,ANTIBIOTICS,ANTIBIOTICS,Glycopeptide Antibacterial,HUMAN PRESCRIPTION DRUG,true
0143-9475,Vancomycin Hydrochloride,Vancomycin Hydrochloride,"Injection, Powder, FOR Solution",Intravenous,1540,mg/mg,ANTIBIOTICS,ANTIBIOTICS,Glycopeptide Antibacterial,HUMAN PRESCRIPTION DRUG,true
72078-066,Vancomycin Hydrochloride,Vancomycin Hydrochloride,"Injection, Powder, Lyophilized, FOR Solution",Intravenous,2,g/40mL,ANTIBIOTICS,ANTIBIOTICS,Glycopeptide Antibacterial,HUMAN PRESCRIPTION DRUG,true
0121-1033,Vancomycin Hydrochloride,Vancomycin Hydrochloride,Capsule,Oral,250,mg/1,ANTIBIOTICS,ANTIBIOTICS,Glycopeptide Antibacterial,HUMAN PRESCRIPTION DRUG,true
62559-830,Vancomycin Hydrochloride,Vancomycin Hydrochloride,"Powder, FOR Solution",Oral,250,mg/5mL,ANTIBIOTICS,ANTIBIOTICS,Glycopeptide Antibacterial,HUMAN PRESCRIPTION DRUG,true
69238-2261,Vancomycin Hydrochloride,Vancomycin Hydrochloride,Solution,Oral,250,mg/5mL,ANTIBIOTICS,ANTIBIOTICS,Glycopeptide Antibacterial,HUMAN PRESCRIPTION DRUG,true
0143-9358,Vancomycin Hydrochloride,Vancomycin Hydrochloride,"Injection, Powder, FOR Solution",Intravenous,5,g/1,ANTIBIOTICS,ANTIBIOTICS,Glycopeptide Antibacterial,HUMAN PRESCRIPTION DRUG,true
25021-157,Vancomycin Hydrochloride,Vancomycin,"Injection, Powder, Lyophilized, FOR Solution",Intravenous,5,g/100mL,ANTIBIOTICS,ANTIBIOTICS,Glycopeptide Antibacterial,HUMAN PRESCRIPTION DRUG,true
55150-205,Vancomycin Hydrochloride,Vancomycin Hydrochloride,"Injection, Powder, Lyophilized, FOR Solution",Intravenous,5,g/1,ANTIBIOTICS,ANTIBIOTICS,Glycopeptide Antibacterial,HUMAN PRESCRIPTION DRUG,true
0143-9163,Vancomycin Hydrochloride,Vancomycin Hydrochloride,"Injection, Powder, FOR Solution",Intravenous,5.13,g/g,ANTIBIOTICS,ANTIBIOTICS,Glycopeptide Antibacterial,HUMAN PRESCRIPTION DRUG,true
0143-9356,Vancomycin Hydrochloride,Vancomycin Hydrochloride,"Injection, Powder, Lyophilized, FOR Solution",Intravenous,500,mg/1,ANTIBIOTICS,ANTIBIOTICS,Glycopeptide Antibacterial,HUMAN PRESCRIPTION DRUG,true
0338-3551,Vancomycin Hydrochloride,Vancomycin Hydrochloride,"Injection, Solution",Intravenous,500,mg/100mL,ANTIBIOTICS,ANTIBIOTICS,Glycopeptide Antibacterial,HUMAN PRESCRIPTION DRUG,true
0409-1319,Vancomycin Hydrochloride,Vancomycin Hydrochloride,"Injection, Powder, Lyophilized, FOR Solution",Intravenous,500,mg/5mL,ANTIBIOTICS,ANTIBIOTICS,Glycopeptide Antibacterial,HUMAN PRESCRIPTION DRUG,true
0409-6509,Vancomycin Hydrochloride,Vancomycin Hydrochloride,"Injection, Powder, Lyophilized, FOR Solution",Intravenous,500,mg/10mL,ANTIBIOTICS,ANTIBIOTICS,Glycopeptide Antibacterial,HUMAN PRESCRIPTION DRUG,true
0143-9161,Vancomycin Hydrochloride,Vancomycin Hydrochloride,"Injection, Powder, FOR Solution",Intravenous,513,mg/mg,ANTIBIOTICS,ANTIBIOTICS,Glycopeptide Antibacterial,HUMAN PRESCRIPTION DRUG,true
0143-9355,Vancomycin Hydrochloride,Vancomycin Hydrochloride,"Injection, Powder, Lyophilized, FOR Solution",Intravenous,750,mg/1,ANTIBIOTICS,ANTIBIOTICS,Glycopeptide Antibacterial,HUMAN PRESCRIPTION DRUG,true
0338-3580,Vancomycin Hydrochloride,Vancomycin Hydrochloride,"Injection, Solution",Intravenous,750,mg/150mL,ANTIBIOTICS,ANTIBIOTICS,Glycopeptide Antibacterial,HUMAN PRESCRIPTION DRUG,true
25021-147,Vancomycin Hydrochloride,Vancomycin Hydrochloride,"Injection, Powder, Lyophilized, FOR Solution",Intravenous,750,mg/15mL,ANTIBIOTICS,ANTIBIOTICS,Glycopeptide Antibacterial,HUMAN PRESCRIPTION DRUG,true
82449-005,Vancomycin Hydrochloride,Vancomycin Hydrochloride,"Injection, Powder, Lyophilized, FOR Solution",Intravenous,750,mg/20mL,ANTIBIOTICS,ANTIBIOTICS,Glycopeptide Antibacterial,HUMAN PRESCRIPTION DRUG,true
83634-114,Vancomycin Hydrochloride,Vancomycin Hydrochloride,"Injection, Powder, FOR Solution",Intravenous,750,mg/1,ANTIBIOTICS,ANTIBIOTICS,Glycopeptide Antibacterial,HUMAN PRESCRIPTION DRUG,true
0143-9473,Vancomycin Hydrochloride,Vancomycin Hydrochloride,"Injection, Powder, FOR Solution",Intravenous,769,mg/mg,ANTIBIOTICS,ANTIBIOTICS,Glycopeptide Antibacterial,HUMAN PRESCRIPTION DRUG,true
46287-035,Amlodipine,Norliqva,Solution,Oral,1,mg/mL,BLOOD_PRESSURE,BLOOD_PRESSURE,Dihydropyridine Calcium Channel Blocker,HUMAN PRESCRIPTION DRUG,true
52652-5001,Amlodipine,Katerzia,Suspension,Oral,1,mg/mL,BLOOD_PRESSURE,BLOOD_PRESSURE,"Calcium Channel Blocker, Dihydropyridine Calcium Channel Blocker",HUMAN PRESCRIPTION DRUG,true
33342-284,Amlodipine,"Amlodipine,valsartan And Hydrochlorothiazide","Tablet, Film Coated",Oral,10,mg/1,BLOOD_PRESSURE,BLOOD_PRESSURE,"Angiotensin 2 Receptor Blocker, Calcium Channel Blocker, Dihydropyridine Calcium Channel Blocker, Thiazide Diuretic",HUMAN PRESCRIPTION DRUG,true
81279-135,Amlodipine,Sdamlo,Solution,Oral,10,mg/10mg,BLOOD_PRESSURE,BLOOD_PRESSURE,"Calcium Channel Blocker, Dihydropyridine Calcium Channel Blocker",HUMAN PRESCRIPTION DRUG,true
81279-133,Amlodipine,Sdamlo,Solution,Oral,2.5,mg/2.5mg,BLOOD_PRESSURE,BLOOD_PRESSURE,"Calcium Channel Blocker, Dihydropyridine Calcium Channel Blocker",HUMAN PRESCRIPTION DRUG,true
33342-283,Amlodipine,"Amlodipine,valsartan And Hydrochlorothiazide","Tablet, Film Coated",Oral,5,mg/1,BLOOD_PRESSURE,BLOOD_PRESSURE,"Angiotensin 2 Receptor Blocker, Calcium Channel Blocker, Dihydropyridine Calcium Channel Blocker, Thiazide Diuretic",HUMAN PRESCRIPTION DRUG,true
81279-134,Amlodipine,Sdamlo,Solution,Oral,5,mg/5mg,BLOOD_PRESSURE,BLOOD_PRESSURE,"Calcium Channel Blocker, Dihydropyridine Calcium Channel Blocker",HUMAN PRESCRIPTION DRUG,true
0069-7232,Amlodipine And Atorvastatin,Caduet,"Tablet, Film Coated",Oral,10,mg/1,BLOOD_PRESSURE,BLOOD_PRESSURE|HEART,"Calcium Channel Blocker, Dihydropyridine Calcium Channel Blocker, HMG-CoA Reductase Inhibitor",HUMAN PRESCRIPTION DRUG,true
66993-270,Amlodipine And Atorvastatin,Amlodipine And Atorvastatin,"Tablet, Coated",Oral,10,mg/1,BLOOD_PRESSURE,BLOOD_PRESSURE|HEART,"Calcium Channel Blocker, Dihydropyridine Calcium Channel Blocker, HMG-CoA Reductase Inhibitor",HUMAN PRESCRIPTION DRUG,true
46708-755,Amlodipine And Atorvastatin,Amlodipine And Atorvastatin,"Tablet, Film Coated",Oral,2.5,mg/1,BLOOD_PRESSURE,BLOOD_PRESSURE|HEART,"Calcium Channel Blocker, Dihydropyridine Calcium Channel Blocker, HMG-CoA Reductase Inhibitor",HUMAN PRESCRIPTION DRUG,true
66993-263,Amlodipine And Atorvastatin,Amlodipine And Atorvastatin,"Tablet, Coated",Oral,2.5,mg/1,BLOOD_PRESSURE,BLOOD_PRESSURE|HEART,"Calcium Channel Blocker, Dihydropyridine Calcium Channel Blocker, HMG-CoA Reductase Inhibitor",HUMAN PRESCRIPTION DRUG,true
0069-6180,Amlodipine And Atorvastatin,Caduet,"Tablet, Film Coated",Oral,5,mg/1,BLOOD_PRESSURE,BLOOD_PRESSURE|HEART,"Calcium Channel Blocker, Dihydropyridine Calcium Channel Blocker, HMG-CoA Reductase Inhibitor",HUMAN PRESCRIPTION DRUG,true
66993-266,Amlodipine And Atorvastatin,Amlodipine And Atorvastatin,"Tablet, Coated",Oral,5,mg/1,BLOOD_PRESSURE,BLOOD_PRESSURE|HEART,"Calcium Channel Blocker, Dihydropyridine Calcium Channel Blocker, HMG-CoA Reductase Inhibitor",HUMAN PRESCRIPTION DRUG,true
23155-750,Benazepril Hydrochloride,Benazepril Hydrochloride,Tablet,Oral,10,mg/1,BLOOD_PRESSURE,BLOOD_PRESSURE,Angiotensin Converting Enzyme Inhibitor,HUMAN PRESCRIPTION DRUG,true
43063-679,Benazepril Hydrochloride,Benazepril Hydrochloride,"Tablet, Coated",Oral,10,mg/1,BLOOD_PRESSURE,BLOOD_PRESSURE,Angiotensin Converting Enzyme Inhibitor,HUMAN PRESCRIPTION DRUG,true
50090-5751,Benazepril Hydrochloride,Benazepril Hydrochloride,"Tablet, Film Coated",Oral,10,mg/1,BLOOD_PRESSURE,BLOOD_PRESSURE,Angiotensin Converting Enzyme Inhibitor,HUMAN PRESCRIPTION DRUG,true
23155-751,Benazepril Hydrochloride,Benazepril Hydrochloride,Tablet,Oral,20,mg/1,BLOOD_PRESSURE,BLOOD_PRESSURE,Angiotensin Converting Enzyme Inhibitor,HUMAN PRESCRIPTION DRUG,true
43063-677,Benazepril Hydrochloride,Benazepril Hydrochloride,"Tablet, Coated",Oral,20,mg/1,BLOOD_PRESSURE,BLOOD_PRESSURE,Angiotensin Converting Enzyme Inhibitor,HUMAN PRESCRIPTION DRUG,true
50090-5750,Benazepril Hydrochloride,Benazepril Hydrochloride,"Tablet, Film Coated",Oral,20,mg/1,BLOOD_PRESSURE,BLOOD_PRESSURE,Angiotensin Converting Enzyme Inhibitor,HUMAN PRESCRIPTION DRUG,true
23155-752,Benazepril Hydrochloride,Benazepril Hydrochloride,Tablet,Oral,40,mg/1,BLOOD_PRESSURE,BLOOD_PRESSURE,Angiotensin Converting Enzyme Inhibitor,HUMAN PRESCRIPTION DRUG,true
43063-748,Benazepril Hydrochloride,Benazepril Hydrochloride,"Tablet, Film Coated",Oral,40,mg/1,BLOOD_PRESSURE,BLOOD_PRESSURE,Angiotensin Converting Enzyme Inhibitor,HUMAN PRESCRIPTION DRUG,true
43547-338,Benazepril Hydrochloride,Benazepril Hydrochloride,"Tablet, Coated",Oral,40,mg/1,BLOOD_PRESSURE,BLOOD_PRESSURE,Angiotensin Converting Enzyme Inhibitor,HUMAN PRESCRIPTION DRUG,true
23155-749,Benazepril Hydrochloride,Benazepril Hydrochloride,Tablet,Oral,5,mg/1,BLOOD_PRESSURE,BLOOD_PRESSURE,Angiotensin Converting Enzyme Inhibitor,HUMAN PRESCRIPTION DRUG,true
43547-335,Benazepril Hydrochloride,Benazepril Hydrochloride,"Tablet, Coated",Oral,5,mg/1,BLOOD_PRESSURE,BLOOD_PRESSURE,Angiotensin Converting Enzyme Inhibitor,HUMAN PRESCRIPTION DRUG,true
0185-0325,Benazepril Hydrochloride And Hydrochlorothiazide,Benazepril Hydrochloride And Hydrochlorothiazide,"Tablet, Film Coated",Oral,10,mg/1,BLOOD_PRESSURE,BLOOD_PRESSURE,"Angiotensin Converting Enzyme Inhibitor, Thiazide Diuretic",HUMAN PRESCRIPTION DRUG,true
30698-452,Benazepril Hydrochloride And Hydrochlorothiazide,Lotensin HCT,Tablet,Oral,10,mg/1,BLOOD_PRESSURE,BLOOD_PRESSURE,"Angiotensin Converting Enzyme Inhibitor, Thiazide Diuretic",HUMAN PRESCRIPTION DRUG,true
0185-0211,Benazepril Hydrochloride And Hydrochlorothiazide,Benazepril Hydrochloride And Hydrochlorothiazide,"Tablet, Film Coated",Oral,20,mg/1,BLOOD_PRESSURE,BLOOD_PRESSURE,"Angiotensin Converting Enzyme Inhibitor, Thiazide Diuretic",HUMAN PRESCRIPTION DRUG,true
0574-0228,Benazepril Hydrochloride And Hydrochlorothiazide,Benazepril Hydrochloride And Hydrochlorothiazide,Tablet,Oral,20,mg/1,BLOOD_PRESSURE,BLOOD_PRESSURE,"Angiotensin Converting Enzyme Inhibitor, Thiazide Diuretic",HUMAN PRESCRIPTION DRUG,true
0185-0236,Benazepril Hydrochloride And Hydrochlorothiazide,Benazepril Hydrochloride And Hydrochlorothiazide,"Tablet, Film Coated",Oral,5,mg/1,BLOOD_PRESSURE,BLOOD_PRESSURE,"Angiotensin Converting Enzyme Inhibitor, Thiazide Diuretic",HUMAN PRESCRIPTION DRUG,true
62559-414,Benazepril Hydrochloride And Hydrochlorothiazide,Benazepril Hydrochloride And Hydrochlorothiazide,Tablet,Oral,5,mg/1,BLOOD_PRESSURE,BLOOD_PRESSURE,"Angiotensin Converting Enzyme Inhibitor, Thiazide Diuretic",HUMAN PRESCRIPTION DRUG,true
16714-530,Bisoprolol Fumarate,Bisoprolol Fumarate,"Tablet, Film Coated",Oral,10,mg/1,BLOOD_PRESSURE,BLOOD_PRESSURE,beta-Adrenergic Blocker,HUMAN PRESCRIPTION DRUG,true
29300-127,Bisoprolol Fumarate,Bisoprolol Fumarate,Tablet,Oral,10,mg/1,BLOOD_PRESSURE,BLOOD_PRESSURE,beta-Adrenergic Blocker,HUMAN PRESCRIPTION DRUG,true
52817-268,Bisoprolol Fumarate,Bisoprolol Fumarate,"Tablet, Film Coated",Oral,2.5,mg/1,BLOOD_PRESSURE,BLOOD_PRESSURE,beta-Adrenergic Blocker,HUMAN PRESCRIPTION DRUG,true
16714-529,Bisoprolol Fumarate,Bisoprolol Fumarate,"Tablet, Film Coated",Oral,5,mg/1,BLOOD_PRESSURE,BLOOD_PRESSURE,beta-Adrenergic Blocker,HUMAN PRESCRIPTION DRUG,true
29300-126,Bisoprolol Fumarate,Bisoprolol Fumarate,Tablet,Oral,5,mg/1,BLOOD_PRESSURE,BLOOD_PRESSURE,beta-Adrenergic Blocker,HUMAN PRESCRIPTION DRUG,true
0093-3243,Bisoprolol Fumarate And Hydrochlorothiazide,Bisoprolol Fumarate And Hydrochlorothiazide,"Tablet, Film Coated",Oral,10,mg/1,BLOOD_PRESSURE,BLOOD_PRESSURE,"Thiazide Diuretic, beta-Adrenergic Blocker",HUMAN PRESCRIPTION DRUG,true
10135-742,Bisoprolol Fumarate And Hydrochlorothiazide,Bisoprolol Fumarate And Hydrochlorothiazide,Tablet,Oral,10,mg/1,BLOOD_PRESSURE,BLOOD_PRESSURE,"Thiazide Diuretic, beta-Adrenergic Blocker",HUMAN PRESCRIPTION DRUG,true
0093-3241,Bisoprolol Fumarate And Hydrochlorothiazide,Bisoprolol Fumarate And Hydrochlorothiazide,"Tablet, Film Coated",Oral,2.5,mg/1,BLOOD_PRESSURE,BLOOD_PRESSURE,"Thiazide Diuretic, beta-Adrenergic Blocker",HUMAN PRESCRIPTION DRUG,true
10135-740,Bisoprolol Fumarate And Hydrochlorothiazide,Bisoprolol Fumarate And Hydrochlorothiazide,Tablet,Oral,2.5,mg/1,BLOOD_PRESSURE,BLOOD_PRESSURE,"Thiazide Diuretic, beta-Adrenergic Blocker",HUMAN PRESCRIPTION DRUG,true
0093-3242,Bisoprolol Fumarate And Hydrochlorothiazide,Bisoprolol Fumarate And Hydrochlorothiazide,"Tablet, Film Coated",Oral,5,mg/1,BLOOD_PRESSURE,BLOOD_PRESSURE,"Thiazide Diuretic, beta-Adrenergic Blocker",HUMAN PRESCRIPTION DRUG,true
10135-741,Bisoprolol Fumarate And Hydrochlorothiazide,Bisoprolol Fumarate And Hydrochlorothiazide,Tablet,Oral,5,mg/1,BLOOD_PRESSURE,BLOOD_PRESSURE,"Thiazide Diuretic, beta-Adrenergic Blocker",HUMAN PRESCRIPTION DRUG,true
29300-187,Bisoprolol Fumarate And Hydrochlorothiazide,Bisoprolol Fumarate And Hydrochlorothiazide,Tablet,Oral,6.25,mg/1,BLOOD_PRESSURE,BLOOD_PRESSURE,"Thiazide Diuretic, beta-Adrenergic Blocker",HUMAN PRESCRIPTION DRUG,true
0641-6007,Bumetanide,Bumetanide,"Injection, Solution",Intramuscular,.25,mg/mL,BLOOD_PRESSURE,BLOOD_PRESSURE,Loop Diuretic,HUMAN PRESCRIPTION DRUG,true
0641-6284,Bumetanide,Bumetanide,Injection,Intramuscular,.25,mg/mL,BLOOD_PRESSURE,BLOOD_PRESSURE,Loop Diuretic,HUMAN PRESCRIPTION DRUG,true
0185-0128,Bumetanide,Bumetanide,Tablet,Oral,.5,mg/1,BLOOD_PRESSURE,BLOOD_PRESSURE,Loop Diuretic,HUMAN PRESCRIPTION DRUG,true
0185-0129,Bumetanide,Bumetanide,Tablet,Oral,1,mg/1,BLOOD_PRESSURE,BLOOD_PRESSURE,Loop Diuretic,HUMAN PRESCRIPTION DRUG,true
0185-0130,Bumetanide,Bumetanide,Tablet,Oral,2,mg/1,BLOOD_PRESSURE,BLOOD_PRESSURE,Loop Diuretic,HUMAN PRESCRIPTION DRUG,true
46287-085,Clonidine Hydrochloride,Qlonilik,Solution,Oral,.05,mg/mL,BLOOD_PRESSURE,BLOOD_PRESSURE,Central alpha-2 Adrenergic Agonist,HUMAN PRESCRIPTION DRUG,true
52817-183,Clonidine Hydrochloride,Clonidine Hydrochloride,Tablet,Oral,.05,mg/1,BLOOD_PRESSURE,BLOOD_PRESSURE,Central alpha-2 Adrenergic Agonist,HUMAN PRESCRIPTION DRUG,true
0228-2127,Clonidine Hydrochloride,Clonidine Hydrochloride,Tablet,Oral,.1,mg/1,BLOOD_PRESSURE,BLOOD_PRESSURE,Central alpha-2 Adrenergic Agonist,HUMAN PRESCRIPTION DRUG,true
0228-4241,Clonidine Hydrochloride,Clonidine Hydrochloride,"Tablet, Extended Release",Oral,.1,mg/1,BLOOD_PRESSURE,BLOOD_PRESSURE,Central alpha-2 Adrenergic Agonist,HUMAN PRESCRIPTION DRUG,true
24478-148,Clonidine Hydrochloride,Onyda XR,"Suspension, Extended Release",Oral,.1,mg/mL,BLOOD_PRESSURE,BLOOD_PRESSURE,Central alpha-2 Adrenergic Agonist,HUMAN PRESCRIPTION DRUG,true
67457-218,Clonidine Hydrochloride,Duraclon,"Injection, Solution",Epidural,.1,mg/mL,BLOOD_PRESSURE,BLOOD_PRESSURE,Central alpha-2 Adrenergic Agonist,HUMAN PRESCRIPTION DRUG,true
0228-2128,Clonidine Hydrochloride,Clonidine Hydrochloride,Tablet,Oral,.2,mg/1,BLOOD_PRESSURE,BLOOD_PRESSURE,Central alpha-2 Adrenergic Agonist,HUMAN PRESCRIPTION DRUG,true
0228-2129,Clonidine Hydrochloride,Clonidine Hydrochloride,Tablet,Oral,.3,mg/1,BLOOD_PRESSURE,BLOOD_PRESSURE,Central alpha-2 Adrenergic Agonist,HUMAN PRESCRIPTION DRUG,true
0143-9724,Clonidine Hydrochloride,Clonidine Hydrochloride,"Injection, Solution",Intravenous,100,ug/mL,BLOOD_PRESSURE,BLOOD_PRESSURE,Central alpha-2 Adrenergic Agonist,HUMAN PRESCRIPTION DRUG,true
0143-9723,Clonidine Hydrochloride,Clonidine Hydrochloride,"Injection, Solution",Intravenous,500,ug/mL,BLOOD_PRESSURE,BLOOD_PRESSURE,Central alpha-2 Adrenergic Agonist,HUMAN PRESCRIPTION DRUG,true
44567-662,Diltiazem Hydrochloride,Diltiazem Hydrochloride In Sodium Chloride,"Injection, Solution",Intravenous,1,mg/mL,BLOOD_PRESSURE,BLOOD_PRESSURE,Calcium Channel Blocker,HUMAN PRESCRIPTION DRUG,true
0409-4350,Diltiazem Hydrochloride,Diltiazem Hydrochloride,"Injection, Powder, Lyophilized, FOR Solution",Intravenous,100,mg/1,BLOOD_PRESSURE,BLOOD_PRESSURE,Calcium Channel Blocker,HUMAN PRESCRIPTION DRUG,true
0093-0321,Diltiazem Hydrochloride,Diltiazem Hydrochloride,"Tablet, Film Coated",Oral,120,mg/1,BLOOD_PRESSURE,BLOOD_PRESSURE,Calcium Channel Blocker,HUMAN PRESCRIPTION DRUG,true
0187-0792,Diltiazem Hydrochloride,Cardizem,"Tablet, Coated",Oral,120,mg/1,BLOOD_PRESSURE,BLOOD_PRESSURE,Calcium Channel Blocker,HUMAN PRESCRIPTION DRUG,true
0187-0795,Diltiazem Hydrochloride,Cardizem CD,"Capsule, Coated, Extended Release",Oral,120,mg/1,BLOOD_PRESSURE,BLOOD_PRESSURE,Calcium Channel Blocker,HUMAN PRESCRIPTION DRUG,true
0187-2045,Diltiazem Hydrochloride,Cardizem LA,"Tablet, Extended Release",Oral,120,mg/1,BLOOD_PRESSURE,BLOOD_PRESSURE,Calcium Channel Blocker,HUMAN PRESCRIPTION DRUG,true
0187-2612,Diltiazem Hydrochloride,Tiazac,"Capsule, Extended Release",Oral,120,mg/1,BLOOD_PRESSURE,BLOOD_PRESSURE,Calcium Channel Blocker,HUMAN PRESCRIPTION DRUG,true
50228-484,Diltiazem Hydrochloride,Diltiazem Hydrochloride,Tablet,Oral,120,mg/1,BLOOD_PRESSURE,BLOOD_PRESSURE,Calcium Channel Blocker,HUMAN PRESCRIPTION DRUG,true
0187-0796,Diltiazem Hydrochloride,Cardizem CD,"Capsule, Coated, Extended Release",Oral,180,mg/1,BLOOD_PRESSURE,BLOOD_PRESSURE,Calcium Channel Blocker,HUMAN PRESCRIPTION DRUG,true
0187-2046,Diltiazem Hydrochloride,Cardizem LA,"Tablet, Extended Release",Oral,180,mg/1,BLOOD_PRESSURE,BLOOD_PRESSURE,Calcium Channel Blocker,HUMAN PRESCRIPTION DRUG,true
0187-2613,Diltiazem Hydrochloride,Tiazac,"Capsule, Extended Release",Oral,180,mg/1,BLOOD_PRESSURE,BLOOD_PRESSURE,Calcium Channel Blocker,HUMAN PRESCRIPTION DRUG,true
0187-0797,Diltiazem Hydrochloride,Cardizem CD,"Capsule, Coated, Extended Release",Oral,240,mg/1,BLOOD_PRESSURE,BLOOD_PRESSURE,Calcium Channel Blocker,HUMAN PRESCRIPTION DRUG,true
0187-2047,Diltiazem Hydrochloride,Cardizem LA,"Tablet, Extended Release",Oral,240,mg/1,BLOOD_PRESSURE,BLOOD_PRESSURE,Calcium Channel Blocker,HUMAN PRESCRIPTION DRUG,true
0187-2614,Diltiazem Hydrochloride,Tiazac,"Capsule, Extended Release",Oral,240,mg/1,BLOOD_PRESSURE,BLOOD_PRESSURE,Calcium Channel Blocker,HUMAN PRESCRIPTION DRUG,true
0093-0318,Diltiazem Hydrochloride,Diltiazem Hydrochloride,"Tablet, Film Coated",Oral,30,mg/1,BLOOD_PRESSURE,BLOOD_PRESSURE,Calcium Channel Blocker,HUMAN PRESCRIPTION DRUG,true
0187-0771,Diltiazem Hydrochloride,Cardizem,"Tablet, Coated",Oral,30,mg/1,BLOOD_PRESSURE,BLOOD_PRESSURE,Calcium Channel Blocker,HUMAN PRESCRIPTION DRUG,true
50228-481,Diltiazem Hydrochloride,Diltiazem Hydrochloride,Tablet,Oral,30,mg/1,BLOOD_PRESSURE,BLOOD_PRESSURE,Calcium Channel Blocker,HUMAN PRESCRIPTION DRUG,true
0187-0798,Diltiazem Hydrochloride,Cardizem CD,"Capsule, Coated, Extended Release",Oral,300,mg/1,BLOOD_PRESSURE,BLOOD_PRESSURE,Calcium Channel Blocker,HUMAN PRESCRIPTION DRUG,true
0187-2048,Diltiazem Hydrochloride,Cardizem LA,"Tablet, Extended Release",Oral,300,mg/1,BLOOD_PRESSURE,BLOOD_PRESSURE,Calcium Channel Blocker,HUMAN PRESCRIPTION DRUG,true
0187-2615,Diltiazem Hydrochloride,Tiazac,"Capsule, Extended Release",Oral,300,mg/1,BLOOD_PRESSURE,BLOOD_PRESSURE,Calcium Channel Blocker,HUMAN PRESCRIPTION DRUG,true
0187-0799,Diltiazem Hydrochloride,Cardizem CD,"Capsule, Coated, Extended Release",Oral,360,mg/1,BLOOD_PRESSURE,BLOOD_PRESSURE,Calcium Channel Blocker,HUMAN PRESCRIPTION DRUG,true
0187-2049,Diltiazem Hydrochloride,Cardizem LA,"Tablet, Extended Release",Oral,360,mg/1,BLOOD_PRESSURE,BLOOD_PRESSURE,Calcium Channel Blocker,HUMAN PRESCRIPTION DRUG,true
0187-2616,Diltiazem Hydrochloride,Tiazac,"Capsule, Extended Release",Oral,360,mg/1,BLOOD_PRESSURE,BLOOD_PRESSURE,Calcium Channel Blocker,HUMAN PRESCRIPTION DRUG,true
0187-2050,Diltiazem Hydrochloride,Cardizem LA,"Tablet, Extended Release",Oral,420,mg/1,BLOOD_PRESSURE,BLOOD_PRESSURE,Calcium Channel Blocker,HUMAN PRESCRIPTION DRUG,true
0187-2617,Diltiazem Hydrochloride,Tiazac,"Capsule, Extended Release",Oral,420,mg/1,BLOOD_PRESSURE,BLOOD_PRESSURE,Calcium Channel Blocker,HUMAN PRESCRIPTION DRUG,true
0641-6013,Diltiazem Hydrochloride,Diltiazem Hydrochloride,Injection,Intravenous,5,mg/mL,BLOOD_PRESSURE,BLOOD_PRESSURE,Calcium Channel Blocker,HUMAN PRESCRIPTION DRUG,true
25021-319,Diltiazem Hydrochloride,Diltiazem Hydrochloride,"Injection, Solution",Intravenous,5,mg/mL,BLOOD_PRESSURE,BLOOD_PRESSURE,Calcium Channel Blocker,HUMAN PRESCRIPTION DRUG,true
0093-0319,Diltiazem Hydrochloride,Diltiazem Hydrochloride,"Tablet, Film Coated",Oral,60,mg/1,BLOOD_PRESSURE,BLOOD_PRESSURE,Calcium Channel Blocker,HUMAN PRESCRIPTION DRUG,true
0187-0772,Diltiazem Hydrochloride,Cardizem,"Tablet, Coated",Oral,60,mg/1,BLOOD_PRESSURE,BLOOD_PRESSURE,Calcium Channel Blocker,HUMAN PRESCRIPTION DRUG,true
0378-6060,Diltiazem Hydrochloride,Diltiazem Hydrochloride,"Capsule, Extended Release",Oral,60,mg/1,BLOOD_PRESSURE,BLOOD_PRESSURE,Calcium Channel Blocker,HUMAN PRESCRIPTION DRUG,true
50090-7401,Diltiazem Hydrochloride,Diltiazem Hydrochloride,Tablet,Oral,60,mg/1,BLOOD_PRESSURE,BLOOD_PRESSURE,Calcium Channel Blocker,HUMAN PRESCRIPTION DRUG,true
0093-0320,Diltiazem Hydrochloride,Diltiazem Hydrochloride,"Tablet, Film Coated",Oral,90,mg/1,BLOOD_PRESSURE,BLOOD_PRESSURE,Calcium Channel Blocker,HUMAN PRESCRIPTION DRUG,true
0378-6090,Diltiazem Hydrochloride,Diltiazem Hydrochloride,"Capsule, Extended Release",Oral,90,mg/1,BLOOD_PRESSURE,BLOOD_PRESSURE,Calcium Channel Blocker,HUMAN PRESCRIPTION DRUG,true
50228-483,Diltiazem Hydrochloride,Diltiazem Hydrochloride,Tablet,Oral,90,mg/1,BLOOD_PRESSURE,BLOOD_PRESSURE,Calcium Channel Blocker,HUMAN PRESCRIPTION DRUG,true
68682-704,Diltiazem Hydrochloride Extended-Release Tablets,Diltiazem Hydrochloride,"Tablet, Extended Release",Oral,120,mg/1,BLOOD_PRESSURE,BLOOD_PRESSURE,Calcium Channel Blocker,HUMAN PRESCRIPTION DRUG,true
68682-705,Diltiazem Hydrochloride Extended-Release Tablets,Diltiazem Hydrochloride,"Tablet, Extended Release",Oral,180,mg/1,BLOOD_PRESSURE,BLOOD_PRESSURE,Calcium Channel Blocker,HUMAN PRESCRIPTION DRUG,true
68682-706,Diltiazem Hydrochloride Extended-Release Tablets,Diltiazem Hydrochloride,"Tablet, Extended Release",Oral,240,mg/1,BLOOD_PRESSURE,BLOOD_PRESSURE,Calcium Channel Blocker,HUMAN PRESCRIPTION DRUG,true
68682-707,Diltiazem Hydrochloride Extended-Release Tablets,Diltiazem Hydrochloride,"Tablet, Extended Release",Oral,300,mg/1,BLOOD_PRESSURE,BLOOD_PRESSURE,Calcium Channel Blocker,HUMAN PRESCRIPTION DRUG,true
68682-708,Diltiazem Hydrochloride Extended-Release Tablets,Diltiazem Hydrochloride,"Tablet, Extended Release",Oral,360,mg/1,BLOOD_PRESSURE,BLOOD_PRESSURE,Calcium Channel Blocker,HUMAN PRESCRIPTION DRUG,true
68682-709,Diltiazem Hydrochloride Extended-Release Tablets,Diltiazem Hydrochloride,"Tablet, Extended Release",Oral,420,mg/1,BLOOD_PRESSURE,BLOOD_PRESSURE,Calcium Channel Blocker,HUMAN PRESCRIPTION DRUG,true
0093-2070,Doxazosin Mesylate,Doxazosin,Tablet,Oral,1,mg/1,BLOOD_PRESSURE,BLOOD_PRESSURE,alpha-Adrenergic Blocker,HUMAN PRESCRIPTION DRUG,true
0093-2069,Doxazosin Mesylate,Doxazosin,Tablet,Oral,2,mg/1,BLOOD_PRESSURE,BLOOD_PRESSURE,alpha-Adrenergic Blocker,HUMAN PRESCRIPTION DRUG,true
0093-2068,Doxazosin Mesylate,Doxazosin,Tablet,Oral,4,mg/1,BLOOD_PRESSURE,BLOOD_PRESSURE,alpha-Adrenergic Blocker,HUMAN PRESCRIPTION DRUG,true
58151-078,Doxazosin Mesylate,Cardura,"Tablet, Film Coated, Extended Release",Oral,4,mg/1,BLOOD_PRESSURE,BLOOD_PRESSURE,alpha-Adrenergic Blocker,HUMAN PRESCRIPTION DRUG,true
0093-2067,Doxazosin Mesylate,Doxazosin,Tablet,Oral,8,mg/1,BLOOD_PRESSURE,BLOOD_PRESSURE,alpha-Adrenergic Blocker,HUMAN PRESCRIPTION DRUG,true
58151-079,Doxazosin Mesylate,Cardura,"Tablet, Film Coated, Extended Release",Oral,8,mg/1,BLOOD_PRESSURE,BLOOD_PRESSURE,alpha-Adrenergic Blocker,HUMAN PRESCRIPTION DRUG,true
31722-020,Enalapril Maleate,Enalapril Maleate Oral Solution,Solution,Oral,1,mg/mL,BLOOD_PRESSURE,BLOOD_PRESSURE,Angiotensin Converting Enzyme Inhibitor,HUMAN PRESCRIPTION DRUG,true
0187-0142,Enalapril Maleate,Vasotec,Tablet,Oral,10,mg/1,BLOOD_PRESSURE,BLOOD_PRESSURE,Angiotensin Converting Enzyme Inhibitor,HUMAN PRESCRIPTION DRUG,true
0187-0140,Enalapril Maleate,Vasotec,Tablet,Oral,2.5,mg/1,BLOOD_PRESSURE,BLOOD_PRESSURE,Angiotensin Converting Enzyme Inhibitor,HUMAN PRESCRIPTION DRUG,true
0187-0143,Enalapril Maleate,Vasotec,Tablet,Oral,20,mg/1,BLOOD_PRESSURE,BLOOD_PRESSURE,Angiotensin Converting Enzyme Inhibitor,HUMAN PRESCRIPTION DRUG,true
0187-0141,Enalapril Maleate,Vasotec,Tablet,Oral,5,mg/1,BLOOD_PRESSURE,BLOOD_PRESSURE,Angiotensin Converting Enzyme Inhibitor,HUMAN PRESCRIPTION DRUG,true
16571-173,Eplerenone,Eplerenone,Tablet,Oral,25,mg/1,BLOOD_PRESSURE,BLOOD_PRESSURE,Aldosterone Antagonist,HUMAN PRESCRIPTION DRUG,true
16729-293,Eplerenone,Eplerenone,"Tablet, Film Coated",Oral,25,mg/1,BLOOD_PRESSURE,BLOOD_PRESSURE,Aldosterone Antagonist,HUMAN PRESCRIPTION DRUG,true
42291-454,Eplerenone,Eplerenone,"Tablet, Coated",Oral,25,mg/1,BLOOD_PRESSURE,BLOOD_PRESSURE,Aldosterone Antagonist,HUMAN PRESCRIPTION DRUG,true
16571-174,Eplerenone,Eplerenone,Tablet,Oral,50,mg/1,BLOOD_PRESSURE,BLOOD_PRESSURE,Aldosterone Antagonist,HUMAN PRESCRIPTION DRUG,true
16729-294,Eplerenone,Eplerenone,"Tablet, Film Coated",Oral,50,mg/1,BLOOD_PRESSURE,BLOOD_PRESSURE,Aldosterone Antagonist,HUMAN PRESCRIPTION DRUG,true
42291-455,Eplerenone,Eplerenone,"Tablet, Coated",Oral,50,mg/1,BLOOD_PRESSURE,BLOOD_PRESSURE,Aldosterone Antagonist,HUMAN PRESCRIPTION DRUG,true
0404-9785,Esmolol Hydrochloride,Esmolol Hydrochloride,"Injection, Solution",Intravenous,10,mg/mL,BLOOD_PRESSURE,BLOOD_PRESSURE,beta-Adrenergic Blocker,HUMAN PRESCRIPTION DRUG,true
0404-9825,Esmolol Hydrochloride,Brevibloc,Injection,Intravenous,10,mg/mL,BLOOD_PRESSURE,BLOOD_PRESSURE,beta-Adrenergic Blocker,HUMAN PRESCRIPTION DRUG,true
0404-9858,Esmolol Hydrochloride,Esmolol Hydrochloride,"Injection, Solution",Intravenous,100,mg/10mL,BLOOD_PRESSURE,BLOOD_PRESSURE,beta-Adrenergic Blocker,HUMAN PRESCRIPTION DRUG,true
10019-075,Esmolol Hydrochloride,Brevibloc,Injection,Intravenous,20,mg/mL,BLOOD_PRESSURE,BLOOD_PRESSURE,beta-Adrenergic Blocker,HUMAN PRESCRIPTION DRUG,true
25021-309,Esmolol Hydrochloride,Esmolol Hydrochloride,"Injection, Solution",Intravenous,20,mg/mL,BLOOD_PRESSURE,BLOOD_PRESSURE,beta-Adrenergic Blocker,HUMAN PRESCRIPTION DRUG,true
0603-3583,Felodipine,Felodipine,"Tablet, Film Coated, Extended Release",Oral,10,mg/1,BLOOD_PRESSURE,BLOOD_PRESSURE,Dihydropyridine Calcium Channel Blocker,HUMAN PRESCRIPTION DRUG,true
13668-134,Felodipine,Felodipine,"Tablet, Extended Release",Oral,10,mg/1,BLOOD_PRESSURE,BLOOD_PRESSURE,Dihydropyridine Calcium Channel Blocker,HUMAN PRESCRIPTION DRUG,true
51407-089,Felodipine,Felodipine,"Tablet, Film Coated",Oral,10,mg/1,BLOOD_PRESSURE,BLOOD_PRESSURE,Dihydropyridine Calcium Channel Blocker,HUMAN PRESCRIPTION DRUG,true
0603-3581,Felodipine,Felodipine,"Tablet, Extended Release",Oral,2.5,mg/1,BLOOD_PRESSURE,BLOOD_PRESSURE,Dihydropyridine Calcium Channel Blocker,HUMAN PRESCRIPTION DRUG,true
57237-108,Felodipine,Felodipine,"Tablet, Film Coated, Extended Release",Oral,2.5,mg/1,BLOOD_PRESSURE,BLOOD_PRESSURE,Dihydropyridine Calcium Channel Blocker,HUMAN PRESCRIPTION DRUG,true
61442-431,Felodipine,Felodipine,"Tablet, Film Coated",Oral,2.5,mg/1,BLOOD_PRESSURE,BLOOD_PRESSURE,Dihydropyridine Calcium Channel Blocker,HUMAN PRESCRIPTION DRUG,true
0603-3582,Felodipine,Felodipine,"Tablet, Extended Release",Oral,5,mg/1,BLOOD_PRESSURE,BLOOD_PRESSURE,Dihydropyridine Calcium Channel Blocker,HUMAN PRESCRIPTION DRUG,true
51407-088,Felodipine,Felodipine,"Tablet, Film Coated",Oral,5,mg/1,BLOOD_PRESSURE,BLOOD_PRESSURE,Dihydropyridine Calcium Channel Blocker,HUMAN PRESCRIPTION DRUG,true
57237-109,Felodipine,Felodipine,"Tablet, Film Coated, Extended Release",Oral,5,mg/1,BLOOD_PRESSURE,BLOOD_PRESSURE,Dihydropyridine Calcium Channel Blocker,HUMAN PRESCRIPTION DRUG,true
0054-3294,Furosemide,Furosemide,Solution,Oral,10,mg/mL,BLOOD_PRESSURE,BLOOD_PRESSURE,Loop Diuretic,HUMAN PRESCRIPTION DRUG,true
0143-9155,Furosemide,Furosemide,Injection,Intramuscular,10,mg/mL,BLOOD_PRESSURE,BLOOD_PRESSURE,Loop Diuretic,HUMAN PRESCRIPTION DRUG,true
0404-9862,Furosemide,Furosemide,"Injection, Solution",Intravenous,10,mg/mL,BLOOD_PRESSURE,BLOOD_PRESSURE,Loop Diuretic,HUMAN PRESCRIPTION DRUG,true
42571-438,Furosemide,Furosemide,Injection,Intramuscular,100,mg/10mL,BLOOD_PRESSURE,BLOOD_PRESSURE,Loop Diuretic,HUMAN PRESCRIPTION DRUG,true
55150-324,Furosemide,Furosemide,"Injection, Solution",Intramuscular,100,mg/10mL,BLOOD_PRESSURE,BLOOD_PRESSURE,Loop Diuretic,HUMAN PRESCRIPTION DRUG,true
0054-4297,Furosemide,Furosemide,Tablet,Oral,20,mg/1,BLOOD_PRESSURE,BLOOD_PRESSURE,Loop Diuretic,HUMAN PRESCRIPTION DRUG,true
0404-9864,Furosemide,Furosemide,"Injection, Solution",Intramuscular,20,mg/2mL,BLOOD_PRESSURE,BLOOD_PRESSURE,Loop Diuretic,HUMAN PRESCRIPTION DRUG,true
42571-436,Furosemide,Furosemide,Injection,Intramuscular,20,mg/2mL,BLOOD_PRESSURE,BLOOD_PRESSURE,Loop Diuretic,HUMAN PRESCRIPTION DRUG,true
81137-001,Furosemide,Lasix Onyu,Injection,Subcutaneous,30,mg/mL,BLOOD_PRESSURE,BLOOD_PRESSURE,Loop Diuretic,HUMAN PRESCRIPTION DRUG,true
0054-3298,Furosemide,Furosemide,Solution,Oral,40,mg/5mL,BLOOD_PRESSURE,BLOOD_PRESSURE,Loop Diuretic,HUMAN PRESCRIPTION DRUG,true
0054-4299,Furosemide,Furosemide,Tablet,Oral,40,mg/1,BLOOD_PRESSURE,BLOOD_PRESSURE,Loop Diuretic,HUMAN PRESCRIPTION DRUG,true
42571-437,Furosemide,Furosemide,Injection,Intramuscular,40,mg/4mL,BLOOD_PRESSURE,BLOOD_PRESSURE,Loop Diuretic,HUMAN PRESCRIPTION DRUG,true
55150-323,Furosemide,Furosemide,"Injection, Solution",Intramuscular,40,mg/4mL,BLOOD_PRESSURE,BLOOD_PRESSURE,Loop Diuretic,HUMAN PRESCRIPTION DRUG,true
68094-756,Furosemide,Furosemide,Solution,Oral,40,mg/4mL,BLOOD_PRESSURE,BLOOD_PRESSURE,Loop Diuretic,HUMAN PRESCRIPTION DRUG,true
0054-4301,Furosemide,Furosemide,Tablet,Oral,80,mg/1,BLOOD_PRESSURE,BLOOD_PRESSURE,Loop Diuretic,HUMAN PRESCRIPTION DRUG,true
71767-111,Furosemide,Furoscix,Injection,Subcutaneous,80,mg/mL,BLOOD_PRESSURE,BLOOD_PRESSURE,Loop Diuretic,HUMAN PRESCRIPTION DRUG,true
70954-522,Hydrochlorothiazide,Inzirqo,"Powder, FOR Suspension",Oral,10,mg/mL,BLOOD_PRESSURE,BLOOD_PRESSURE,Thiazide Diuretic,HUMAN PRESCRIPTION DRUG,true
0172-3444,Hydrochlorothiazide,Hydrochlorothiazide,Tablet,Oral,12.5,mg/1,BLOOD_PRESSURE,BLOOD_PRESSURE,Thiazide Diuretic,HUMAN PRESCRIPTION DRUG,true
0591-0347,Hydrochlorothiazide,Hydrochlorothiazide,"Capsule, Gelatin Coated",Oral,12.5,mg/1,BLOOD_PRESSURE,BLOOD_PRESSURE,Thiazide Diuretic,HUMAN PRESCRIPTION DRUG,true
0615-8344,Hydrochlorothiazide,Hydrochlorothiazide,Capsule,Oral,12.5,mg/1,BLOOD_PRESSURE,BLOOD_PRESSURE,Thiazide Diuretic,HUMAN PRESCRIPTION DRUG,true
0172-2083,Hydrochlorothiazide,Hydrochlorothiazide,Tablet,Oral,25,mg/1,BLOOD_PRESSURE,BLOOD_PRESSURE,Thiazide Diuretic,HUMAN PRESCRIPTION DRUG,true
0172-2089,Hydrochlorothiazide,Hydrochlorothiazide,Tablet,Oral,50,mg/1,BLOOD_PRESSURE,BLOOD_PRESSURE,Thiazide Diuretic,HUMAN PRESCRIPTION DRUG,true
0024-5851,Irbesartan,Avapro,"Tablet, Film Coated",Oral,150,mg/1,BLOOD_PRESSURE,BLOOD_PRESSURE,Angiotensin 2 Receptor Blocker,HUMAN PRESCRIPTION DRUG,true
29300-213,Irbesartan,Irbesartan,Tablet,Oral,150,mg/1,BLOOD_PRESSURE,BLOOD_PRESSURE,Angiotensin 2 Receptor Blocker,HUMAN PRESCRIPTION DRUG,true
0024-5852,Irbesartan,Avapro,"Tablet, Film Coated",Oral,300,mg/1,BLOOD_PRESSURE,BLOOD_PRESSURE,Angiotensin 2 Receptor Blocker,HUMAN PRESCRIPTION DRUG,true
29300-214,Irbesartan,Irbesartan,Tablet,Oral,300,mg/1,BLOOD_PRESSURE,BLOOD_PRESSURE,Angiotensin 2 Receptor Blocker,HUMAN PRESCRIPTION DRUG,true
29300-212,Irbesartan,Irbesartan,Tablet,Oral,75,mg/1,BLOOD_PRESSURE,BLOOD_PRESSURE,Angiotensin 2 Receptor Blocker,HUMAN PRESCRIPTION DRUG,true
42658-121,Irbesartan,Irbesartan,"Tablet, Film Coated",Oral,75,mg/1,BLOOD_PRESSURE,BLOOD_PRESSURE,Angiotensin 2 Receptor Blocker,HUMAN PRESCRIPTION DRUG,true
0143-9363,Labetalol Hydrochloride,Labetalol HCl In Sodium Chloride,Injection,Intravenous,1,mg/mL,BLOOD_PRESSURE,BLOOD_PRESSURE,beta-Adrenergic Blocker,HUMAN PRESCRIPTION DRUG,true
0591-0605,Labetalol Hydrochloride,Labetalol Hydrochloride,"Tablet, Film Coated",Oral,100,mg/1,BLOOD_PRESSURE,BLOOD_PRESSURE,beta-Adrenergic Blocker,HUMAN PRESCRIPTION DRUG,true
23155-723,Labetalol Hydrochloride,Labetalol Hydrochloride,Tablet,Oral,100,mg/1,BLOOD_PRESSURE,BLOOD_PRESSURE,beta-Adrenergic Blocker,HUMAN PRESCRIPTION DRUG,true
83301-0058,Labetalol Hydrochloride,Labetalol Hydrochloride,Injection,Intravenous,100,mg/20mL,BLOOD_PRESSURE,BLOOD_PRESSURE,beta-Adrenergic Blocker,HUMAN PRESCRIPTION DRUG,true
0615-8513,Labetalol Hydrochloride,Labetalol Hydrochloride,"Tablet, Film Coated",Oral,200,mg/1,BLOOD_PRESSURE,BLOOD_PRESSURE,beta-Adrenergic Blocker,HUMAN PRESCRIPTION DRUG,true
23155-724,Labetalol Hydrochloride,Labetalol Hydrochloride,Tablet,Oral,200,mg/1,BLOOD_PRESSURE,BLOOD_PRESSURE,beta-Adrenergic Blocker,HUMAN PRESCRIPTION DRUG,true
83301-0059,Labetalol Hydrochloride,Labetalol Hydrochloride,Injection,Intravenous,200,mg/40mL,BLOOD_PRESSURE,BLOOD_PRESSURE,beta-Adrenergic Blocker,HUMAN PRESCRIPTION DRUG,true
0904-7453,Labetalol Hydrochloride,Labetalol Hydrochloride,"Tablet, Film Coated",Oral,300,mg/1,BLOOD_PRESSURE,BLOOD_PRESSURE,beta-Adrenergic Blocker,HUMAN PRESCRIPTION DRUG,true
23155-725,Labetalol Hydrochloride,Labetalol Hydrochloride,Tablet,Oral,300,mg/1,BLOOD_PRESSURE,BLOOD_PRESSURE,beta-Adrenergic Blocker,HUMAN PRESCRIPTION DRUG,true
23155-726,Labetalol Hydrochloride,Labetalol Hydrochloride,Tablet,Oral,400,mg/1,BLOOD_PRESSURE,BLOOD_PRESSURE,beta-Adrenergic Blocker,HUMAN PRESCRIPTION DRUG,true
70377-063,Labetalol Hydrochloride,Labetalol Hydrochloride,"Tablet, Film Coated",Oral,400,mg/1,BLOOD_PRESSURE,BLOOD_PRESSURE,beta-Adrenergic Blocker,HUMAN PRESCRIPTION DRUG,true
0143-9183,Labetalol Hydrochloride,Labetalol Hydrochloride,"Injection, Solution",Intravenous,5,mg/mL,BLOOD_PRESSURE,BLOOD_PRESSURE,beta-Adrenergic Blocker,HUMAN PRESCRIPTION DRUG,true
0143-9320,Labetalol Hydrochloride,Labetalol Hydrochloride,Injection,Intravenous,5,mg/mL,BLOOD_PRESSURE,BLOOD_PRESSURE,beta-Adrenergic Blocker,HUMAN PRESCRIPTION DRUG,true
52652-3001,Lisinopril,Qbrelis,Solution,Oral,1,mg/mL,BLOOD_PRESSURE,BLOOD_PRESSURE,Angiotensin Converting Enzyme Inhibitor,HUMAN PRESCRIPTION DRUG,true
0591-0407,Lisinopril,Lisinopril,Tablet,Oral,10,mg/1,BLOOD_PRESSURE,BLOOD_PRESSURE,Angiotensin Converting Enzyme Inhibitor,HUMAN PRESCRIPTION DRUG,true
0591-0405,Lisinopril,Lisinopril,Tablet,Oral,2.5,mg/1,BLOOD_PRESSURE,BLOOD_PRESSURE,Angiotensin Converting Enzyme Inhibitor,HUMAN PRESCRIPTION DRUG,true
0591-0408,Lisinopril,Lisinopril,Tablet,Oral,20,mg/1,BLOOD_PRESSURE,BLOOD_PRESSURE,Angiotensin Converting Enzyme Inhibitor,HUMAN PRESCRIPTION DRUG,true
0591-0885,Lisinopril,Lisinopril,Tablet,Oral,30,mg/1,BLOOD_PRESSURE,BLOOD_PRESSURE,Angiotensin Converting Enzyme Inhibitor,HUMAN PRESCRIPTION DRUG,true
0591-0409,Lisinopril,Lisinopril,Tablet,Oral,40,mg/1,BLOOD_PRESSURE,BLOOD_PRESSURE,Angiotensin Converting Enzyme Inhibitor,HUMAN PRESCRIPTION DRUG,true
0591-0406,Lisinopril,Lisinopril,Tablet,Oral,5,mg/1,BLOOD_PRESSURE,BLOOD_PRESSURE,Angiotensin Converting Enzyme Inhibitor,HUMAN PRESCRIPTION DRUG,true
83245-053,Losartan Potassium,Arbli,Suspension,Oral,10,mg/mL,BLOOD_PRESSURE,BLOOD_PRESSURE,Angiotensin 2 Receptor Blocker,HUMAN PRESCRIPTION DRUG,true
0615-7960,Losartan Potassium,Losartan Potassium,"Tablet, Film Coated",Oral,100,mg/1,BLOOD_PRESSURE,BLOOD_PRESSURE,Angiotensin 2 Receptor Blocker,HUMAN PRESCRIPTION DRUG,true
11788-102,Losartan Potassium,Losartan Potassium,Tablet,Oral,100,mg/1,BLOOD_PRESSURE,BLOOD_PRESSURE,Angiotensin 2 Receptor Blocker,HUMAN PRESCRIPTION DRUG,true
0615-7958,Losartan Potassium,Losartan Potassium,"Tablet, Film Coated",Oral,25,mg/1,BLOOD_PRESSURE,BLOOD_PRESSURE,Angiotensin 2 Receptor Blocker,HUMAN PRESCRIPTION DRUG,true
11788-100,Losartan Potassium,Losartan Potassium,Tablet,Oral,25,mg/1,BLOOD_PRESSURE,BLOOD_PRESSURE,Angiotensin 2 Receptor Blocker,HUMAN PRESCRIPTION DRUG,true
0615-7959,Losartan Potassium,Losartan Potassium,"Tablet, Film Coated",Oral,50,mg/1,BLOOD_PRESSURE,BLOOD_PRESSURE,Angiotensin 2 Receptor Blocker,HUMAN PRESCRIPTION DRUG,true
11788-101,Losartan Potassium,Losartan Potassium,Tablet,Oral,50,mg/1,BLOOD_PRESSURE,BLOOD_PRESSURE,Angiotensin 2 Receptor Blocker,HUMAN PRESCRIPTION DRUG,true
0093-7368,Losartan Potassium And Hydrochlorothiazide,Losartan Potassium And Hydrochlorothiazide,"Tablet, Film Coated",Oral,100,mg/1,BLOOD_PRESSURE,BLOOD_PRESSURE,"Angiotensin 2 Receptor Blocker, Thiazide Diuretic",HUMAN PRESCRIPTION DRUG,true
29300-190,Losartan Potassium And Hydrochlorothiazide,Losartan Potassium And Hydrochlorothiazide,"Tablet, Film Coated",Oral,12.5,mg/1,BLOOD_PRESSURE,BLOOD_PRESSURE,"Angiotensin 2 Receptor Blocker, Thiazide Diuretic",HUMAN PRESCRIPTION DRUG,true
68180-215,Losartan Potassium And Hydrochlorothiazide,Losartan Potassium And Hydrochlorothiazide,Tablet,Oral,12.5,mg/1,BLOOD_PRESSURE,BLOOD_PRESSURE,"Angiotensin 2 Receptor Blocker, Thiazide Diuretic",HUMAN PRESCRIPTION DRUG,true
29300-192,Losartan Potassium And Hydrochlorothiazide,Losartan Potassium And Hydrochlorothiazide,"Tablet, Film Coated",Oral,25,mg/1,BLOOD_PRESSURE,BLOOD_PRESSURE,"Angiotensin 2 Receptor Blocker, Thiazide Diuretic",HUMAN PRESCRIPTION DRUG,true
50090-4993,Losartan Potassium And Hydrochlorothiazide,Losartan Potassium And Hydrochlorothiazide,Tablet,Oral,25,mg/1,BLOOD_PRESSURE,BLOOD_PRESSURE,"Angiotensin 2 Receptor Blocker, Thiazide Diuretic",HUMAN PRESCRIPTION DRUG,true
0093-7367,Losartan Potassium And Hydrochlorothiazide,Losartan Potassium And Hydrochlorothiazide,"Tablet, Film Coated",Oral,50,mg/1,BLOOD_PRESSURE,BLOOD_PRESSURE,"Angiotensin 2 Receptor Blocker, Thiazide Diuretic",HUMAN PRESCRIPTION DRUG,true
0615-7825,Metoprolol Succinate,Metoprolol Succinate,"Tablet, Extended Release",Oral,100,mg/1,BLOOD_PRESSURE,BLOOD_PRESSURE,beta-Adrenergic Blocker,HUMAN PRESCRIPTION DRUG,true
0904-6324,Metoprolol Succinate,Metoprolol Succinate,"Tablet, Film Coated, Extended Release",Oral,100,mg/1,BLOOD_PRESSURE,BLOOD_PRESSURE,beta-Adrenergic Blocker,HUMAN PRESCRIPTION DRUG,true
10631-010,Metoprolol Succinate,Kapspargo,"Capsule, Extended Release",Oral,100,mg/1,BLOOD_PRESSURE,BLOOD_PRESSURE,beta-Adrenergic Blocker,HUMAN PRESCRIPTION DRUG,true
10631-011,Metoprolol Succinate,Kapspargo,"Capsule, Extended Release",Oral,200,mg/1,BLOOD_PRESSURE,BLOOD_PRESSURE,beta-Adrenergic Blocker,HUMAN PRESCRIPTION DRUG,true
27808-305,Metoprolol Succinate,Metoprolol Succinate,"Tablet, Extended Release",Oral,200,mg/1,BLOOD_PRESSURE,BLOOD_PRESSURE,beta-Adrenergic Blocker,HUMAN PRESCRIPTION DRUG,true
31722-592,Metoprolol Succinate,Metoprolol Succinate,"Tablet, Film Coated, Extended Release",Oral,200,mg/1,BLOOD_PRESSURE,BLOOD_PRESSURE,beta-Adrenergic Blocker,HUMAN PRESCRIPTION DRUG,true
0615-7823,Metoprolol Succinate,Metoprolol Succinate,"Tablet, Extended Release",Oral,25,mg/1,BLOOD_PRESSURE,BLOOD_PRESSURE,beta-Adrenergic Blocker,HUMAN PRESCRIPTION DRUG,true
0904-6322,Metoprolol Succinate,Metoprolol Succinate,"Tablet, Film Coated, Extended Release",Oral,25,mg/1,BLOOD_PRESSURE,BLOOD_PRESSURE,beta-Adrenergic Blocker,HUMAN PRESCRIPTION DRUG,true
10631-008,Metoprolol Succinate,Kapspargo,"Capsule, Extended Release",Oral,25,mg/1,BLOOD_PRESSURE,BLOOD_PRESSURE,beta-Adrenergic Blocker,HUMAN PRESCRIPTION DRUG,true
0615-7824,Metoprolol Succinate,Metoprolol Succinate,"Tablet, Extended Release",Oral,50,mg/1,BLOOD_PRESSURE,BLOOD_PRESSURE,beta-Adrenergic Blocker,HUMAN PRESCRIPTION DRUG,true
0904-6323,Metoprolol Succinate,Metoprolol Succinate,"Tablet, Film Coated, Extended Release",Oral,50,mg/1,BLOOD_PRESSURE,BLOOD_PRESSURE,beta-Adrenergic Blocker,HUMAN PRESCRIPTION DRUG,true
10631-009,Metoprolol Succinate,Kapspargo,"Capsule, Extended Release",Oral,50,mg/1,BLOOD_PRESSURE,BLOOD_PRESSURE,beta-Adrenergic Blocker,HUMAN PRESCRIPTION DRUG,true
0409-1778,Metoprolol Tartrate,Metoprolol Tartrate,"Injection, Solution",Intravenous,1,mg/mL,BLOOD_PRESSURE,BLOOD_PRESSURE,beta-Adrenergic Blocker,HUMAN PRESCRIPTION DRUG,true
30698-464,Metoprolol Tartrate,Lopressor,Solution,Oral,10,mg/mL,BLOOD_PRESSURE,BLOOD_PRESSURE,beta-Adrenergic Blocker,HUMAN PRESCRIPTION DRUG,true
0378-0047,Metoprolol Tartrate,Metoprolol Tartrate,"Tablet, Film Coated",Oral,100,mg/1,BLOOD_PRESSURE,BLOOD_PRESSURE,beta-Adrenergic Blocker,HUMAN PRESCRIPTION DRUG,true
30698-459,Metoprolol Tartrate,Lopressor,Tablet,Oral,100,mg/1,BLOOD_PRESSURE,BLOOD_PRESSURE,beta-Adrenergic Blocker,HUMAN PRESCRIPTION DRUG,true
30698-460,Metoprolol Tartrate,Lopressor,Tablet,Oral,12.5,mg/1,BLOOD_PRESSURE,BLOOD_PRESSURE,beta-Adrenergic Blocker,HUMAN PRESCRIPTION DRUG,true
0378-0018,Metoprolol Tartrate,Metoprolol Tartrate,"Tablet, Film Coated",Oral,25,mg/1,BLOOD_PRESSURE,BLOOD_PRESSURE,beta-Adrenergic Blocker,HUMAN PRESCRIPTION DRUG,true
50090-7567,Metoprolol Tartrate,Metoprolol Tartrate,Tablet,Oral,25,mg/1,BLOOD_PRESSURE,BLOOD_PRESSURE,beta-Adrenergic Blocker,HUMAN PRESCRIPTION DRUG,true
0378-4593,Metoprolol Tartrate,Metoprolol Tartrate,"Tablet, Film Coated",Oral,37.5,mg/1,BLOOD_PRESSURE,BLOOD_PRESSURE,beta-Adrenergic Blocker,HUMAN PRESCRIPTION DRUG,true
52817-251,Metoprolol Tartrate,Metoprolol Tartrate,Tablet,Oral,37.5,mg/1,BLOOD_PRESSURE,BLOOD_PRESSURE,beta-Adrenergic Blocker,HUMAN PRESCRIPTION DRUG,true
0143-9873,Metoprolol Tartrate,Metoprolol Tartrate,"Injection, Solution",Intravenous,5,mg/5mL,BLOOD_PRESSURE,BLOOD_PRESSURE,beta-Adrenergic Blocker,HUMAN PRESCRIPTION DRUG,true
36000-033,Metoprolol Tartrate,Metoprolol,Injection,Intravenous,5,mg/5mL,BLOOD_PRESSURE,BLOOD_PRESSURE,beta-Adrenergic Blocker,HUMAN PRESCRIPTION DRUG,true
0378-0032,Metoprolol Tartrate,Metoprolol Tartrate,"Tablet, Film Coated",Oral,50,mg/1,BLOOD_PRESSURE,BLOOD_PRESSURE,beta-Adrenergic Blocker,HUMAN PRESCRIPTION DRUG,true
30698-458,Metoprolol Tartrate,Lopressor,Tablet,Oral,50,mg/1,BLOOD_PRESSURE,BLOOD_PRESSURE,beta-Adrenergic Blocker,HUMAN PRESCRIPTION DRUG,true
0378-4594,Metoprolol Tartrate,Metoprolol Tartrate,"Tablet, Film Coated",Oral,75,mg/1,BLOOD_PRESSURE,BLOOD_PRESSURE,beta-Adrenergic Blocker,HUMAN PRESCRIPTION DRUG,true
52817-253,Metoprolol Tartrate,Metoprolol Tartrate,Tablet,Oral,75,mg/1,BLOOD_PRESSURE,BLOOD_PRESSURE,beta-Adrenergic Blocker,HUMAN PRESCRIPTION DRUG,true
0143-9634,Nicardipine Hydrochloride,Nicardipine Hydrochloride,Injection,Intravenous,.1,mg/mL,BLOOD_PRESSURE,BLOOD_PRESSURE,Dihydropyridine Calcium Channel Blocker,HUMAN PRESCRIPTION DRUG,true
43066-009,Nicardipine Hydrochloride,Cardene IV,"Injection, Solution",Intravenous,.1,mg/mL,BLOOD_PRESSURE,BLOOD_PRESSURE,Dihydropyridine Calcium Channel Blocker,HUMAN PRESCRIPTION DRUG,true
0143-9633,Nicardipine Hydrochloride,Nicardipine Hydrochloride,Injection,Intravenous,.2,mg/mL,BLOOD_PRESSURE,BLOOD_PRESSURE,Dihydropyridine Calcium Channel Blocker,HUMAN PRESCRIPTION DRUG,true
43066-016,Nicardipine Hydrochloride,Cardene IV,"Injection, Solution",Intravenous,.2,mg/mL,BLOOD_PRESSURE,BLOOD_PRESSURE,Dihydropyridine Calcium Channel Blocker,HUMAN PRESCRIPTION DRUG,true
0143-9542,Nicardipine Hydrochloride,Nicardipine Hydrochloride,Injection,Intravenous,2.5,mg/mL,BLOOD_PRESSURE,BLOOD_PRESSURE,Dihydropyridine Calcium Channel Blocker,HUMAN PRESCRIPTION DRUG,true
0517-0735,Nicardipine Hydrochloride,Nicardipine Hydrochloride,"Injection, Solution",Intravenous,2.5,mg/mL,BLOOD_PRESSURE,BLOOD_PRESSURE,Dihydropyridine Calcium Channel Blocker,HUMAN PRESCRIPTION DRUG,true
43066-029,Nicardipine Hydrochloride,Cardene IV,"Injection, Solution",Intravenous,2.5,mg/10mL,BLOOD_PRESSURE,BLOOD_PRESSURE,Dihydropyridine Calcium Channel Blocker,HUMAN PRESCRIPTION DRUG,true
24658-750,Nicardipine Hydrochloride,Nicardipine Hydrochloride,Capsule,Oral,20,mg/1,BLOOD_PRESSURE,BLOOD_PRESSURE,Dihydropyridine Calcium Channel Blocker,HUMAN PRESCRIPTION DRUG,true
0143-9689,Nicardipine Hydrochloride,Nicardipine Hydrochloride,Injection,Intravenous,25,mg/10mL,BLOOD_PRESSURE,BLOOD_PRESSURE,Dihydropyridine Calcium Channel Blocker,HUMAN PRESCRIPTION DRUG,true
55150-183,Nicardipine Hydrochloride,Nicardipine Hydrochloride,"Injection, Solution",Intravenous,25,mg/10mL,BLOOD_PRESSURE,BLOOD_PRESSURE,Dihydropyridine Calcium Channel Blocker,HUMAN PRESCRIPTION DRUG,true
24658-751,Nicardipine Hydrochloride,Nicardipine Hydrochloride,Capsule,Oral,30,mg/1,BLOOD_PRESSURE,BLOOD_PRESSURE,Dihydropyridine Calcium Channel Blocker,HUMAN PRESCRIPTION DRUG,true
0904-7229,Nifedipine,Nifedipine,Capsule,Oral,10,mg/1,BLOOD_PRESSURE,BLOOD_PRESSURE,Dihydropyridine Calcium Channel Blocker,HUMAN PRESCRIPTION DRUG,true
23155-195,Nifedipine,Nifedipine,Capsule,Oral,20,mg/1,BLOOD_PRESSURE,BLOOD_PRESSURE,Dihydropyridine Calcium Channel Blocker,HUMAN PRESCRIPTION DRUG,true
0069-2650,Nifedipine,Procardia,"Tablet, Film Coated, Extended Release",Oral,30,mg/1,BLOOD_PRESSURE,BLOOD_PRESSURE,Dihydropyridine Calcium Channel Blocker,HUMAN PRESCRIPTION DRUG,true
46708-732,Nifedipine,Nifedipine,"Tablet, Extended Release",Oral,30,mg/1,BLOOD_PRESSURE,BLOOD_PRESSURE,Dihydropyridine Calcium Channel Blocker,HUMAN PRESCRIPTION DRUG,true
0069-2660,Nifedipine,Procardia,"Tablet, Film Coated, Extended Release",Oral,60,mg/1,BLOOD_PRESSURE,BLOOD_PRESSURE,Dihydropyridine Calcium Channel Blocker,HUMAN PRESCRIPTION DRUG,true
0615-8549,Nifedipine,Nifedipine,"Tablet, Extended Release",Oral,60,mg/1,BLOOD_PRESSURE,BLOOD_PRESSURE,Dihydropyridine Calcium Channel Blocker,HUMAN PRESCRIPTION DRUG,true
0904-7082,Nifedipine,Nifedipine,"Tablet, Film Coated, Extended Release",Oral,90,mg/1,BLOOD_PRESSURE,BLOOD_PRESSURE,Dihydropyridine Calcium Channel Blocker,HUMAN PRESCRIPTION DRUG,true
24979-009,Nifedipine,Nifedipine,"Tablet, Extended Release",Oral,90,mg/1,BLOOD_PRESSURE,BLOOD_PRESSURE,Dihydropyridine Calcium Channel Blocker,HUMAN PRESCRIPTION DRUG,true
0093-5005,Olmesartan Medoxomil,"Olmesartan Medoxomil, Amlodipine And Hydrochlorothiazide","Tablet, Film Coated",Oral,20,mg/1,BLOOD_PRESSURE,BLOOD_PRESSURE,"Angiotensin 2 Receptor Blocker, Calcium Channel Blocker, Dihydropyridine Calcium Channel Blocker, Thiazide Diuretic",HUMAN PRESCRIPTION DRUG,true
33342-179,Olmesartan Medoxomil,Olmesartan Medoxomil,Tablet,Oral,20,mg/1,BLOOD_PRESSURE,BLOOD_PRESSURE,Angiotensin 2 Receptor Blocker,HUMAN PRESCRIPTION DRUG,true
49252-066,Olmesartan Medoxomil,Olmesartan Medoxomil,"Tablet, Coated",Oral,20,mg/1,BLOOD_PRESSURE,BLOOD_PRESSURE,Angiotensin 2 Receptor Blocker,HUMAN PRESCRIPTION DRUG,true
0093-5002,Olmesartan Medoxomil,"Olmesartan Medoxomil, Amlodipine And Hydrochlorothiazide","Tablet, Film Coated",Oral,40,mg/1,BLOOD_PRESSURE,BLOOD_PRESSURE,"Angiotensin 2 Receptor Blocker, Calcium Channel Blocker, Dihydropyridine Calcium Channel Blocker, Thiazide Diuretic",HUMAN PRESCRIPTION DRUG,true
33342-180,Olmesartan Medoxomil,Olmesartan Medoxomil,Tablet,Oral,40,mg/1,BLOOD_PRESSURE,BLOOD_PRESSURE,Angiotensin 2 Receptor Blocker,HUMAN PRESCRIPTION DRUG,true
49252-067,Olmesartan Medoxomil,Olmesartan Medoxomil,"Tablet, Coated",Oral,40,mg/1,BLOOD_PRESSURE,BLOOD_PRESSURE,Angiotensin 2 Receptor Blocker,HUMAN PRESCRIPTION DRUG,true
0527-2425,Olmesartan Medoxomil,Olmesartan Medoxomil,"Tablet, Film Coated",Oral,5,mg/1,BLOOD_PRESSURE,BLOOD_PRESSURE,Angiotensin 2 Receptor Blocker,HUMAN PRESCRIPTION DRUG,true
33342-178,Olmesartan Medoxomil,Olmesartan Medoxomil,Tablet,Oral,5,mg/1,BLOOD_PRESSURE,BLOOD_PRESSURE,Angiotensin 2 Receptor Blocker,HUMAN PRESCRIPTION DRUG,true
49252-065,Olmesartan Medoxomil,Olmesartan Medoxomil,"Tablet, Coated",Oral,5,mg/1,BLOOD_PRESSURE,BLOOD_PRESSURE,Angiotensin 2 Receptor Blocker,HUMAN PRESCRIPTION DRUG,true
0143-9872,Propranolol Hydrochloride,Propranolol Hydrochloride,Injection,Intravenous,1,mg/mL,BLOOD_PRESSURE,BLOOD_PRESSURE,beta-Adrenergic Blocker,HUMAN PRESCRIPTION DRUG,true
0404-9999,Propranolol Hydrochloride,Propranolol,"Injection, Solution",Intravenous,1,mg/mL,BLOOD_PRESSURE,BLOOD_PRESSURE,beta-Adrenergic Blocker,HUMAN PRESCRIPTION DRUG,true
0378-0182,Propranolol Hydrochloride,Propranolol Hydrochloride,Tablet,Oral,10,mg/1,BLOOD_PRESSURE,BLOOD_PRESSURE,beta-Adrenergic Blocker,HUMAN PRESCRIPTION DRUG,true
0228-2780,Propranolol Hydrochloride,Propranolol Hydrochloride,"Capsule, Extended Release",Oral,120,mg/1,BLOOD_PRESSURE,BLOOD_PRESSURE,beta-Adrenergic Blocker,HUMAN PRESCRIPTION DRUG,true
0228-2781,Propranolol Hydrochloride,Propranolol Hydrochloride,"Capsule, Extended Release",Oral,160,mg/1,BLOOD_PRESSURE,BLOOD_PRESSURE,beta-Adrenergic Blocker,HUMAN PRESCRIPTION DRUG,true
0054-3727,Propranolol Hydrochloride,Propranolol Hydrochloride,Solution,Oral,20,mg/5mL,BLOOD_PRESSURE,BLOOD_PRESSURE,beta-Adrenergic Blocker,HUMAN PRESCRIPTION DRUG,true
0378-0183,Propranolol Hydrochloride,Propranolol Hydrochloride,Tablet,Oral,20,mg/1,BLOOD_PRESSURE,BLOOD_PRESSURE,beta-Adrenergic Blocker,HUMAN PRESCRIPTION DRUG,true
64370-375,Propranolol Hydrochloride,Hemangeol,Solution,Oral,4.28,mg/mL,BLOOD_PRESSURE,BLOOD_PRESSURE,beta-Adrenergic Blocker,HUMAN PRESCRIPTION DRUG,true
0054-3730,Propranolol Hydrochloride,Propranolol Hydrochloride,Solution,Oral,40,mg/5mL,BLOOD_PRESSURE,BLOOD_PRESSURE,beta-Adrenergic Blocker,HUMAN PRESCRIPTION DRUG,true
0378-0184,Propranolol Hydrochloride,Propranolol Hydrochloride,Tablet,Oral,40,mg/1,BLOOD_PRESSURE,BLOOD_PRESSURE,beta-Adrenergic Blocker,HUMAN PRESCRIPTION DRUG,true
0228-2778,Propranolol Hydrochloride,Propranolol Hydrochloride,"Capsule, Extended Release",Oral,60,mg/1,BLOOD_PRESSURE,BLOOD_PRESSURE,beta-Adrenergic Blocker,HUMAN PRESCRIPTION DRUG,true
0378-0187,Propranolol Hydrochloride,Propranolol Hydrochloride,Tablet,Oral,60,mg/1,BLOOD_PRESSURE,BLOOD_PRESSURE,beta-Adrenergic Blocker,HUMAN PRESCRIPTION DRUG,true
0228-2779,Propranolol Hydrochloride,Propranolol Hydrochloride,"Capsule, Extended Release",Oral,80,mg/1,BLOOD_PRESSURE,BLOOD_PRESSURE,beta-Adrenergic Blocker,HUMAN PRESCRIPTION DRUG,true
0378-0185,Propranolol Hydrochloride,Propranolol Hydrochloride,Tablet,Oral,80,mg/1,BLOOD_PRESSURE,BLOOD_PRESSURE,beta-Adrenergic Blocker,HUMAN PRESCRIPTION DRUG,true
43547-411,Quinapril,Quinapril,Tablet,Oral,10,mg/1,BLOOD_PRESSURE,BLOOD_PRESSURE,Angiotensin Converting Enzyme Inhibitor,HUMAN PRESCRIPTION DRUG,true
62135-485,Quinapril,Quinapril,"Tablet, Film Coated",Oral,10,mg/1,BLOOD_PRESSURE,BLOOD_PRESSURE,Angiotensin Converting Enzyme Inhibitor,HUMAN PRESCRIPTION DRUG,true
43547-412,Quinapril,Quinapril,Tablet,Oral,20,mg/1,BLOOD_PRESSURE,BLOOD_PRESSURE,Angiotensin Converting Enzyme Inhibitor,HUMAN PRESCRIPTION DRUG,true
62135-486,Quinapril,Quinapril,"Tablet, Film Coated",Oral,20,mg/1,BLOOD_PRESSURE,BLOOD_PRESSURE,Angiotensin Converting Enzyme Inhibitor,HUMAN PRESCRIPTION DRUG,true
43547-413,Quinapril,Quinapril,Tablet,Oral,40,mg/1,BLOOD_PRESSURE,BLOOD_PRESSURE,Angiotensin Converting Enzyme Inhibitor,HUMAN PRESCRIPTION DRUG,true
62135-487,Quinapril,Quinapril,"Tablet, Film Coated",Oral,40,mg/1,BLOOD_PRESSURE,BLOOD_PRESSURE,Angiotensin Converting Enzyme Inhibitor,HUMAN PRESCRIPTION DRUG,true
43547-410,Quinapril,Quinapril,Tablet,Oral,5,mg/1,BLOOD_PRESSURE,BLOOD_PRESSURE,Angiotensin Converting Enzyme Inhibitor,HUMAN PRESCRIPTION DRUG,true
62135-484,Quinapril,Quinapril,"Tablet, Film Coated",Oral,5,mg/1,BLOOD_PRESSURE,BLOOD_PRESSURE,Angiotensin Converting Enzyme Inhibitor,HUMAN PRESCRIPTION DRUG,true
0078-0659,Sacubitril And Valsartan,Entresto,"Tablet, Film Coated",Oral,24,mg/1,BLOOD_PRESSURE,BLOOD_PRESSURE,"Angiotensin 2 Receptor Blocker, Neprilysin Inhibitor",HUMAN PRESCRIPTION DRUG,true
13668-634,Sacubitril And Valsartan,Sacubitril And Valsartan,Tablet,Oral,24,mg/1,BLOOD_PRESSURE,BLOOD_PRESSURE,"Angiotensin 2 Receptor Blocker, Neprilysin Inhibitor",HUMAN PRESCRIPTION DRUG,true
0078-0777,Sacubitril And Valsartan,Entresto,"Tablet, Film Coated",Oral,49,mg/1,BLOOD_PRESSURE,BLOOD_PRESSURE,"Angiotensin 2 Receptor Blocker, Neprilysin Inhibitor",HUMAN PRESCRIPTION DRUG,true
13668-635,Sacubitril And Valsartan,Sacubitril And Valsartan,Tablet,Oral,49,mg/1,BLOOD_PRESSURE,BLOOD_PRESSURE,"Angiotensin 2 Receptor Blocker, Neprilysin Inhibitor",HUMAN PRESCRIPTION DRUG,true
73190-018,Sacubitril And Valsartan,Sacubitril And Valsartan,"Tablet, Film Coated",Oral,51,mg/1,BLOOD_PRESSURE,BLOOD_PRESSURE,"Angiotensin 2 Receptor Blocker, Neprilysin Inhibitor",HUMAN PRESCRIPTION DRUG,true
0078-0696,Sacubitril And Valsartan,Entresto,"Tablet, Film Coated",Oral,97,mg/1,BLOOD_PRESSURE,BLOOD_PRESSURE,"Angiotensin 2 Receptor Blocker, Neprilysin Inhibitor",HUMAN PRESCRIPTION DRUG,true
13668-636,Sacubitril And Valsartan,Sacubitril And Valsartan,Tablet,Oral,97,mg/1,BLOOD_PRESSURE,BLOOD_PRESSURE,"Angiotensin 2 Receptor Blocker, Neprilysin Inhibitor",HUMAN PRESCRIPTION DRUG,true
0025-1031,Spironolactone,Aldactone,"Tablet, Film Coated",Oral,100,mg/1,BLOOD_PRESSURE,BLOOD_PRESSURE,Aldosterone Antagonist,HUMAN PRESCRIPTION DRUG,true
50090-6539,Spironolactone,Spironolactone,"Tablet, Coated",Oral,100,mg/1,BLOOD_PRESSURE,BLOOD_PRESSURE,Aldosterone Antagonist,HUMAN PRESCRIPTION DRUG,true
53746-515,Spironolactone,Spironolactone,Tablet,Oral,100,mg/1,BLOOD_PRESSURE,BLOOD_PRESSURE,Aldosterone Antagonist,HUMAN PRESCRIPTION DRUG,true
0025-1001,Spironolactone,Aldactone,"Tablet, Film Coated",Oral,25,mg/1,BLOOD_PRESSURE,BLOOD_PRESSURE,Aldosterone Antagonist,HUMAN PRESCRIPTION DRUG,true
0574-1133,Spironolactone,Spironolactone,Suspension,Oral,25,mg/5mL,BLOOD_PRESSURE,BLOOD_PRESSURE,Aldosterone Antagonist,HUMAN PRESCRIPTION DRUG,true
0615-8451,Spironolactone,Spironolactone,Tablet,Oral,25,mg/1,BLOOD_PRESSURE,BLOOD_PRESSURE,Aldosterone Antagonist,HUMAN PRESCRIPTION DRUG,true
50090-6369,Spironolactone,Spironolactone,"Tablet, Coated",Oral,25,mg/1,BLOOD_PRESSURE,BLOOD_PRESSURE,Aldosterone Antagonist,HUMAN PRESCRIPTION DRUG,true
0025-1041,Spironolactone,Aldactone,"Tablet, Film Coated",Oral,50,mg/1,BLOOD_PRESSURE,BLOOD_PRESSURE,Aldosterone Antagonist,HUMAN PRESCRIPTION DRUG,true
0615-8452,Spironolactone,Spironolactone,Tablet,Oral,50,mg/1,BLOOD_PRESSURE,BLOOD_PRESSURE,Aldosterone Antagonist,HUMAN PRESCRIPTION DRUG,true
50090-6458,Spironolactone,Spironolactone,"Tablet, Coated",Oral,50,mg/1,BLOOD_PRESSURE,BLOOD_PRESSURE,Aldosterone Antagonist,HUMAN PRESCRIPTION DRUG,true
23155-735,Terazosin,Terazosin,Capsule,Oral,1,mg/1,BLOOD_PRESSURE,BLOOD_PRESSURE,alpha-Adrenergic Blocker,HUMAN PRESCRIPTION DRUG,true
70954-592,Terazosin,Tezruly,Solution,Oral,1,mg/mL,BLOOD_PRESSURE,BLOOD_PRESSURE,alpha-Adrenergic Blocker,HUMAN PRESCRIPTION DRUG,true
23155-738,Terazosin,Terazosin,Capsule,Oral,10,mg/1,BLOOD_PRESSURE,BLOOD_PRESSURE,alpha-Adrenergic Blocker,HUMAN PRESCRIPTION DRUG,true
23155-736,Terazosin,Terazosin,Capsule,Oral,2,mg/1,BLOOD_PRESSURE,BLOOD_PRESSURE,alpha-Adrenergic Blocker,HUMAN PRESCRIPTION DRUG,true
23155-737,Terazosin,Terazosin,Capsule,Oral,5,mg/1,BLOOD_PRESSURE,BLOOD_PRESSURE,alpha-Adrenergic Blocker,HUMAN PRESCRIPTION DRUG,true
0378-0221,Timolol Maleate,Timolol Maleate,Tablet,Oral,10,mg/1,BLOOD_PRESSURE,BLOOD_PRESSURE,beta-Adrenergic Blocker,HUMAN PRESCRIPTION DRUG,true
24208-812,Timolol Maleate,Timoptic,Solution,Ophthalmic,2.5,mg/mL,BLOOD_PRESSURE,BLOOD_PRESSURE,beta-Adrenergic Blocker,HUMAN PRESCRIPTION DRUG,true
25021-008,Timolol Maleate,Timolol Maleate,"Solution, GEL Forming / Drops",Ophthalmic,2.5,mg/mL,BLOOD_PRESSURE,BLOOD_PRESSURE,beta-Adrenergic Blocker,HUMAN PRESCRIPTION DRUG,true
60758-802,Timolol Maleate,Timolol Maleate,Solution/ Drops,Ophthalmic,2.5,mg/mL,BLOOD_PRESSURE,BLOOD_PRESSURE,beta-Adrenergic Blocker,HUMAN PRESCRIPTION DRUG,true
16571-225,Timolol Maleate,Timolol Maleate,Tablet,Oral,20,mg/1,BLOOD_PRESSURE,BLOOD_PRESSURE,beta-Adrenergic Blocker,HUMAN PRESCRIPTION DRUG,true
24208-498,Timolol Maleate,Timoptic In Ocudose,Solution,Ophthalmic,3.4,mg/mL,BLOOD_PRESSURE,BLOOD_PRESSURE,beta-Adrenergic Blocker,HUMAN PRESCRIPTION DRUG,true
50742-287,Timolol Maleate,Timolol Maleate,Solution/ Drops,Ophthalmic,3.4,mg/mL,BLOOD_PRESSURE,BLOOD_PRESSURE,beta-Adrenergic Blocker,HUMAN PRESCRIPTION DRUG,true
16571-223,Timolol Maleate,Timolol Maleate,Tablet,Oral,5,mg/1,BLOOD_PRESSURE,BLOOD_PRESSURE,beta-Adrenergic Blocker,HUMAN PRESCRIPTION DRUG,true
24208-004,Timolol Maleate,Istalol,Solution/ Drops,Ophthalmic,5,mg/mL,BLOOD_PRESSURE,BLOOD_PRESSURE,beta-Adrenergic Blocker,HUMAN PRESCRIPTION DRUG,true
24208-813,Timolol Maleate,Timoptic,Solution,Ophthalmic,5,mg/mL,BLOOD_PRESSURE,BLOOD_PRESSURE,beta-Adrenergic Blocker,HUMAN PRESCRIPTION DRUG,true
25021-009,Timolol Maleate,Timolol Maleate,"Solution, GEL Forming / Drops",Ophthalmic,5,mg/mL,BLOOD_PRESSURE,BLOOD_PRESSURE,beta-Adrenergic Blocker,HUMAN PRESCRIPTION DRUG,true
24208-499,Timolol Maleate,Timoptic In Ocudose,Solution,Ophthalmic,6.8,mg/mL,BLOOD_PRESSURE,BLOOD_PRESSURE,beta-Adrenergic Blocker,HUMAN PRESCRIPTION DRUG,true
42571-398,Timolol Maleate,Timolol Maleate,Solution/ Drops,Ophthalmic,6.8,mg/mL,BLOOD_PRESSURE,BLOOD_PRESSURE,beta-Adrenergic Blocker,HUMAN PRESCRIPTION DRUG,true
0615-8521,Torsemide,Torsemide,Tablet,Oral,10,mg/1,BLOOD_PRESSURE,BLOOD_PRESSURE,Loop Diuretic,HUMAN PRESCRIPTION DRUG,true
23155-874,Torsemide,Torsemide,Tablet,Oral,100,mg/1,BLOOD_PRESSURE,BLOOD_PRESSURE,Loop Diuretic,HUMAN PRESCRIPTION DRUG,true
0054-0077,Torsemide,Torsemide,Tablet,Oral,20,mg/1,BLOOD_PRESSURE,BLOOD_PRESSURE,Loop Diuretic,HUMAN PRESCRIPTION DRUG,true
73502-586,Torsemide,Soaanz,"Tablet, Film Coated",Oral,40,mg/1,BLOOD_PRESSURE,BLOOD_PRESSURE,Loop Diuretic,HUMAN PRESCRIPTION DRUG,true
23155-871,Torsemide,Torsemide,Tablet,Oral,5,mg/1,BLOOD_PRESSURE,BLOOD_PRESSURE,Loop Diuretic,HUMAN PRESCRIPTION DRUG,true
0078-0359,Valsartan,Diovan,Tablet,Oral,160,mg/1,BLOOD_PRESSURE,BLOOD_PRESSURE,Angiotensin 2 Receptor Blocker,HUMAN PRESCRIPTION DRUG,true
0378-5814,Valsartan,Valsartan,"Tablet, Film Coated",Oral,160,mg/1,BLOOD_PRESSURE,BLOOD_PRESSURE,Angiotensin 2 Receptor Blocker,HUMAN PRESCRIPTION DRUG,true
0078-0360,Valsartan,Diovan,Tablet,Oral,320,mg/1,BLOOD_PRESSURE,BLOOD_PRESSURE,Angiotensin 2 Receptor Blocker,HUMAN PRESCRIPTION DRUG,true
0378-5815,Valsartan,Valsartan,"Tablet, Film Coated",Oral,320,mg/1,BLOOD_PRESSURE,BLOOD_PRESSURE,Angiotensin 2 Receptor Blocker,HUMAN PRESCRIPTION DRUG,true
70954-310,Valsartan,Valsartan,Solution,Oral,4,mg/mL,BLOOD_PRESSURE,BLOOD_PRESSURE,Angiotensin 2 Receptor Blocker,HUMAN PRESCRIPTION DRUG,true
0078-0423,Valsartan,Diovan,Tablet,Oral,40,mg/1,BLOOD_PRESSURE,BLOOD_PRESSURE,Angiotensin 2 Receptor Blocker,HUMAN PRESCRIPTION DRUG,true
0378-5807,Valsartan,Valsartan,"Tablet, Film Coated",Oral,40,mg/1,BLOOD_PRESSURE,BLOOD_PRESSURE,Angiotensin 2 Receptor Blocker,HUMAN PRESCRIPTION DRUG,true
0078-0358,Valsartan,Diovan,Tablet,Oral,80,mg/1,BLOOD_PRESSURE,BLOOD_PRESSURE,Angiotensin 2 Receptor Blocker,HUMAN PRESCRIPTION DRUG,true
0378-5813,Valsartan,Valsartan,"Tablet, Film Coated",Oral,80,mg/1,BLOOD_PRESSURE,BLOOD_PRESSURE,Angiotensin 2 Receptor Blocker,HUMAN PRESCRIPTION DRUG,true
68180-101,Valsartan And Hydrochlorothiazide,Valsartan And Hydrochlorothiazide,"Tablet, Film Coated",Oral,12.5,mg/1,BLOOD_PRESSURE,BLOOD_PRESSURE,"Angiotensin 2 Receptor Blocker, Thiazide Diuretic",HUMAN PRESCRIPTION DRUG,true
0078-0315,Valsartan And Hydrochlorothiazide,Diovan HCT,"Tablet, Film Coated",Oral,160,mg/1,BLOOD_PRESSURE,BLOOD_PRESSURE,"Angiotensin 2 Receptor Blocker, Thiazide Diuretic",HUMAN PRESCRIPTION DRUG,true
33342-076,Valsartan And Hydrochlorothiazide,Valsartan And Hydrochlorothiazide,Tablet,Oral,160,mg/1,BLOOD_PRESSURE,BLOOD_PRESSURE,"Angiotensin 2 Receptor Blocker, Thiazide Diuretic",HUMAN PRESCRIPTION DRUG,true
68180-102,Valsartan And Hydrochlorothiazide,Valsartan And Hydrochlorothiazide,"Tablet, Film Coated",Oral,25,mg/1,BLOOD_PRESSURE,BLOOD_PRESSURE,"Angiotensin 2 Receptor Blocker, Thiazide Diuretic",HUMAN PRESCRIPTION DRUG,true
0078-0471,Valsartan And Hydrochlorothiazide,Diovan HCT,"Tablet, Film Coated",Oral,320,mg/1,BLOOD_PRESSURE,BLOOD_PRESSURE,"Angiotensin 2 Receptor Blocker, Thiazide Diuretic",HUMAN PRESCRIPTION DRUG,true
0078-0314,Valsartan And Hydrochlorothiazide,Diovan HCT,"Tablet, Film Coated",Oral,80,mg/1,BLOOD_PRESSURE,BLOOD_PRESSURE,"Angiotensin 2 Receptor Blocker, Thiazide Diuretic",HUMAN PRESCRIPTION DRUG,true
72485-109,Verapamil Hydrochloride,Verapamil Hydrochloride,Injection,Intravenous,10,mg/4mL,BLOOD_PRESSURE,BLOOD_PRESSURE,Calcium Channel Blocker,HUMAN PRESCRIPTION DRUG,true
52536-485,Verapamil Hydrochloride,Verapamil Hydrochloride,"Capsule, Extended Release",Oral,100,mg/1,BLOOD_PRESSURE,BLOOD_PRESSURE,Calcium Channel Blocker,HUMAN PRESCRIPTION DRUG,true
0378-6320,Verapamil Hydrochloride,Verapamil Hydrochloride,"Capsule, Extended Release",Oral,120,mg/1,BLOOD_PRESSURE,BLOOD_PRESSURE,Calcium Channel Blocker,HUMAN PRESCRIPTION DRUG,true
0591-0345,Verapamil Hydrochloride,Verapamil Hydrochloride,"Tablet, Film Coated",Oral,120,mg/1,BLOOD_PRESSURE,BLOOD_PRESSURE,Calcium Channel Blocker,HUMAN PRESCRIPTION DRUG,true
0591-2880,Verapamil Hydrochloride,Verapamil Hydrochloride,"Capsule, Delayed Release Pellets",Oral,120,mg/1,BLOOD_PRESSURE,BLOOD_PRESSURE,Calcium Channel Blocker,HUMAN PRESCRIPTION DRUG,true
23155-486,Verapamil Hydrochloride,Verapamil Hydrochloride,Tablet,Oral,120,mg/1,BLOOD_PRESSURE,BLOOD_PRESSURE,Calcium Channel Blocker,HUMAN PRESCRIPTION DRUG,true
50090-1400,Verapamil Hydrochloride,Verapamil Hydrochloride,"Tablet, Film Coated, Extended Release",Oral,120,mg/1,BLOOD_PRESSURE,BLOOD_PRESSURE,Calcium Channel Blocker,HUMAN PRESCRIPTION DRUG,true
52536-880,Verapamil Hydrochloride,Verapamil Hydrochloride,"Capsule, Delayed Release",Oral,120,mg/1,BLOOD_PRESSURE,BLOOD_PRESSURE,Calcium Channel Blocker,HUMAN PRESCRIPTION DRUG,true
71209-104,Verapamil Hydrochloride,Verapamil Hydrochloride,"Tablet, Extended Release",Oral,120,mg/1,BLOOD_PRESSURE,BLOOD_PRESSURE,Calcium Channel Blocker,HUMAN PRESCRIPTION DRUG,true
0378-6380,Verapamil Hydrochloride,Verapamil Hydrochloride,"Capsule, Extended Release",Oral,180,mg/1,BLOOD_PRESSURE,BLOOD_PRESSURE,Calcium Channel Blocker,HUMAN PRESCRIPTION DRUG,true
50090-5253,Verapamil Hydrochloride,Verapamil Hydrochloride,Tablet,Oral,180,mg/1,BLOOD_PRESSURE,BLOOD_PRESSURE,Calcium Channel Blocker,HUMAN PRESCRIPTION DRUG,true
51655-959,Verapamil Hydrochloride,Verapamil Hydrochloride,"Tablet, Film Coated, Extended Release",Oral,180,mg/1,BLOOD_PRESSURE,BLOOD_PRESSURE,Calcium Channel Blocker,HUMAN PRESCRIPTION DRUG,true
52536-882,Verapamil Hydrochloride,Verapamil Hydrochloride,"Capsule, Delayed Release",Oral,180,mg/1,BLOOD_PRESSURE,BLOOD_PRESSURE,Calcium Channel Blocker,HUMAN PRESCRIPTION DRUG,true
71209-047,Verapamil Hydrochloride,Verapamil Hydrochloride,"Tablet, Extended Release",Oral,180,mg/1,BLOOD_PRESSURE,BLOOD_PRESSURE,Calcium Channel Blocker,HUMAN PRESCRIPTION DRUG,true
0404-9966,Verapamil Hydrochloride,Verapamil Hydrochloride,"Injection, Solution",Intravenous,2.5,mg/mL,BLOOD_PRESSURE,BLOOD_PRESSURE,Calcium Channel Blocker,HUMAN PRESCRIPTION DRUG,true
23155-911,Verapamil Hydrochloride,Verapamil Hydrochloride,Injection,Intravenous,2.5,mg/mL,BLOOD_PRESSURE,BLOOD_PRESSURE,Calcium Channel Blocker,HUMAN PRESCRIPTION DRUG,true
52536-486,Verapamil Hydrochloride,Verapamil Hydrochloride,"Capsule, Extended Release",Oral,200,mg/1,BLOOD_PRESSURE,BLOOD_PRESSURE,Calcium Channel Blocker,HUMAN PRESCRIPTION DRUG,true
0378-6440,Verapamil Hydrochloride,Verapamil Hydrochloride,"Capsule, Extended Release",Oral,240,mg/1,BLOOD_PRESSURE,BLOOD_PRESSURE,Calcium Channel Blocker,HUMAN PRESCRIPTION DRUG,true
50090-4582,Verapamil Hydrochloride,Verapamil Hydrochloride,"Tablet, Film Coated, Extended Release",Oral,240,mg/1,BLOOD_PRESSURE,BLOOD_PRESSURE,Calcium Channel Blocker,HUMAN PRESCRIPTION DRUG,true
51655-984,Verapamil Hydrochloride,Verapamil Hydrochloride,Tablet,Oral,240,mg/1,BLOOD_PRESSURE,BLOOD_PRESSURE,Calcium Channel Blocker,HUMAN PRESCRIPTION DRUG,true
52536-884,Verapamil Hydrochloride,Verapamil Hydrochloride,"Capsule, Delayed Release",Oral,240,mg/1,BLOOD_PRESSURE,BLOOD_PRESSURE,Calcium Channel Blocker,HUMAN PRESCRIPTION DRUG,true
71209-048,Verapamil Hydrochloride,Verapamil Hydrochloride,"Tablet, Extended Release",Oral,240,mg/1,BLOOD_PRESSURE,BLOOD_PRESSURE,Calcium Channel Blocker,HUMAN PRESCRIPTION DRUG,true
52536-487,Verapamil Hydrochloride,Verapamil Hydrochloride,"Capsule, Extended Release",Oral,300,mg/1,BLOOD_PRESSURE,BLOOD_PRESSURE,Calcium Channel Blocker,HUMAN PRESCRIPTION DRUG,true
52536-886,Verapamil Hydrochloride,Verapamil Hydrochloride,"Capsule, Delayed Release",Oral,360,mg/1,BLOOD_PRESSURE,BLOOD_PRESSURE,Calcium Channel Blocker,HUMAN PRESCRIPTION DRUG,true
0591-0404,Verapamil Hydrochloride,Verapamil Hydrochloride,"Tablet, Film Coated",Oral,40,mg/1,BLOOD_PRESSURE,BLOOD_PRESSURE,Calcium Channel Blocker,HUMAN PRESCRIPTION DRUG,true
23155-059,Verapamil Hydrochloride,Verapamil Hydrochloride,Tablet,Oral,40,mg/1,BLOOD_PRESSURE,BLOOD_PRESSURE,Calcium Channel Blocker,HUMAN PRESCRIPTION DRUG,true
71872-7203,Verapamil Hydrochloride,Verapamil Hydrochloride,Injection,Intravenous,5,mg/2mL,BLOOD_PRESSURE,BLOOD_PRESSURE,Calcium Channel Blocker,HUMAN PRESCRIPTION DRUG,true
0591-0343,Verapamil Hydrochloride,Verapamil Hydrochloride,"Tablet, Film Coated",Oral,80,mg/1,BLOOD_PRESSURE,BLOOD_PRESSURE,Calcium Channel Blocker,HUMAN PRESCRIPTION DRUG,true
23155-026,Verapamil Hydrochloride,Verapamil Hydrochloride,Tablet,Oral,80,mg/1,BLOOD_PRESSURE,BLOOD_PRESSURE,Calcium Channel Blocker,HUMAN PRESCRIPTION DRUG,true
0054-0142,Acarbose,Acarbose,Tablet,Oral,100,mg/1,DIABETES,DIABETES,alpha-Glucosidase Inhibitor,HUMAN PRESCRIPTION DRUG,true
0054-0140,Acarbose,Acarbose,Tablet,Oral,25,mg/1,DIABETES,DIABETES,alpha-Glucosidase Inhibitor,HUMAN PRESCRIPTION DRUG,true
0054-0141,Acarbose,Acarbose,Tablet,Oral,50,mg/1,DIABETES,DIABETES,alpha-Glucosidase Inhibitor,HUMAN PRESCRIPTION DRUG,true
45802-103,Alogliptin,Alogliptin,"Tablet, Film Coated",Oral,12.5,mg/1,DIABETES,DIABETES,Dipeptidyl Peptidase 4 Inhibitor,HUMAN PRESCRIPTION DRUG,true
45802-150,Alogliptin,Alogliptin,"Tablet, Film Coated",Oral,25,mg/1,DIABETES,DIABETES,Dipeptidyl Peptidase 4 Inhibitor,HUMAN PRESCRIPTION DRUG,true
45802-087,Alogliptin,Alogliptin,"Tablet, Film Coated",Oral,6.25,mg/1,DIABETES,DIABETES,Dipeptidyl Peptidase 4 Inhibitor,HUMAN PRESCRIPTION DRUG,true
45802-169,Alogliptin And Metformin Hydrochloride,Alogliptin And Metformin Hydrochloride,"Tablet, Film Coated",Oral,12.5,mg/1,DIABETES,DIABETES,"Biguanide, Dipeptidyl Peptidase 4 Inhibitor",HUMAN PRESCRIPTION DRUG,true
64764-123,Alogliptin And Pioglitazone,Oseni,"Tablet, Film Coated",Oral,12.5,mg/1,DIABETES,DIABETES,"Dipeptidyl Peptidase 4 Inhibitor, Peroxisome Proliferator Receptor alpha Agonist, Peroxisome Proliferator Receptor gamma Agonist, Thiazolidinedione",HUMAN PRESCRIPTION DRUG,true
64764-251,Alogliptin And Pioglitazone,Oseni,"Tablet, Film Coated",Oral,25,mg/1,DIABETES,DIABETES,"Dipeptidyl Peptidase 4 Inhibitor, Peroxisome Proliferator Receptor alpha Agonist, Peroxisome Proliferator Receptor gamma Agonist, Thiazolidinedione",HUMAN PRESCRIPTION DRUG,true
45802-260,Alogliptin Benzoate And Pioglitazone Hydrochloride,Alogliptin And Pioglitazone,"Tablet, Film Coated",Oral,12.5,mg/1,DIABETES,DIABETES,"Dipeptidyl Peptidase 4 Inhibitor, Peroxisome Proliferator Receptor alpha Agonist, Peroxisome Proliferator Receptor gamma Agonist, Thiazolidinedione",HUMAN PRESCRIPTION DRUG,true
45802-351,Alogliptin Benzoate And Pioglitazone Hydrochloride,Alogliptin And Pioglitazone,"Tablet, Film Coated",Oral,25,mg/1,DIABETES,DIABETES,"Dipeptidyl Peptidase 4 Inhibitor, Peroxisome Proliferator Receptor alpha Agonist, Peroxisome Proliferator Receptor gamma Agonist, Thiazolidinedione",HUMAN PRESCRIPTION DRUG,true
43742-2048,Asclepias Vincetoxicum,Professional Weight Support,Tablet,Oral,6,[hp_X]/1,DIABETES,DIABETES,"Insulin, Non-Standardized Plant Allergenic Extract",HUMAN OTC DRUG,false
51407-918,Bexagliflozin,Bexagliflozin,Tablet,Oral,20,mg/1,DIABETES,DIABETES,Sodium-Glucose Cotransporter 2 Inhibitor,HUMAN PRESCRIPTION DRUG,true
50090-5034,Canagliflozin,Invokana,"Tablet, Film Coated",Oral,100,mg/1,DIABETES,DIABETES,Sodium-Glucose Cotransporter 2 Inhibitor,HUMAN PRESCRIPTION DRUG,true
50090-4364,Canagliflozin,Invokana,"Tablet, Film Coated",Oral,300,mg/1,DIABETES,DIABETES,Sodium-Glucose Cotransporter 2 Inhibitor,HUMAN PRESCRIPTION DRUG,true
50458-542,Canagliflozin And Metformin Hydrochloride,Invokamet,"Tablet, Film Coated",Oral,150,mg/1,DIABETES,DIABETES,"Biguanide, Sodium-Glucose Cotransporter 2 Inhibitor",HUMAN PRESCRIPTION DRUG,true
50458-942,Canagliflozin And Metformin Hydrochloride,Invokamet XR,"Tablet, Film Coated, Extended Release",Oral,150,mg/1,DIABETES,DIABETES,"Biguanide, Sodium-Glucose Cotransporter 2 Inhibitor",HUMAN PRESCRIPTION DRUG,true
50458-540,Canagliflozin And Metformin Hydrochloride,Invokamet,"Tablet, Film Coated",Oral,50,mg/1,DIABETES,DIABETES,"Biguanide, Sodium-Glucose Cotransporter 2 Inhibitor",HUMAN PRESCRIPTION DRUG,true
50458-940,Canagliflozin And Metformin Hydrochloride,Invokamet XR,"Tablet, Film Coated, Extended Release",Oral,50,mg/1,DIABETES,DIABETES,"Biguanide, Sodium-Glucose Cotransporter 2 Inhibitor",HUMAN PRESCRIPTION DRUG,true
0310-6210,Dapagliflozin,Farxiga,"Tablet, Film Coated",Oral,10,mg/1,DIABETES,DIABETES,Sodium-Glucose Cotransporter 2 Inhibitor,HUMAN PRESCRIPTION DRUG,true
27241-152,Dapagliflozin,Dapagliflozin,Tablet,Oral,10,mg/1,DIABETES,DIABETES,Sodium-Glucose Cotransporter 2 Inhibitor,HUMAN PRESCRIPTION DRUG,true
0310-6205,Dapagliflozin,Farxiga,"Tablet, Film Coated",Oral,5,mg/1,DIABETES,DIABETES,Sodium-Glucose Cotransporter 2 Inhibitor,HUMAN PRESCRIPTION DRUG,true
27241-151,Dapagliflozin,Dapagliflozin,Tablet,Oral,5,mg/1,DIABETES,DIABETES,Sodium-Glucose Cotransporter 2 Inhibitor,HUMAN PRESCRIPTION DRUG,true
72205-438,Dapagliflozin AND Saxagliptin,Dapagliflozin AND Saxagliptin,"Tablet, Film Coated",Oral,10,mg/1,DIABETES,DIABETES,Sodium-Glucose Cotransporter 2 Inhibitor,HUMAN PRESCRIPTION DRUG,true
0310-6270,Dapagliflozin And Metformin Hydrochloride,Xigduo,"Tablet, Film Coated, Extended Release",Oral,10,mg/1,DIABETES,DIABETES,"Biguanide, Sodium-Glucose Cotransporter 2 Inhibitor",HUMAN PRESCRIPTION DRUG,true
33342-407,Dapagliflozin And Metformin Hydrochloride,Dapagliflozin And Metformin Hydrochloride,"Tablet, Extended Release",Oral,10,mg/1,DIABETES,DIABETES,"Biguanide, Sodium-Glucose Cotransporter 2 Inhibitor",HUMAN PRESCRIPTION DRUG,true
0310-6225,Dapagliflozin And Metformin Hydrochloride,Xigduo,"Tablet, Film Coated, Extended Release",Oral,2.5,mg/1,DIABETES,DIABETES,"Biguanide, Sodium-Glucose Cotransporter 2 Inhibitor",HUMAN PRESCRIPTION DRUG,true
0310-6250,Dapagliflozin And Metformin Hydrochloride,Xigduo,"Tablet, Film Coated, Extended Release",Oral,5,mg/1,DIABETES,DIABETES,"Biguanide, Sodium-Glucose Cotransporter 2 Inhibitor",HUMAN PRESCRIPTION DRUG,true
33342-406,Dapagliflozin And Metformin Hydrochloride,Dapagliflozin And Metformin Hydrochloride,"Tablet, Extended Release",Oral,5,mg/1,DIABETES,DIABETES,"Biguanide, Sodium-Glucose Cotransporter 2 Inhibitor",HUMAN PRESCRIPTION DRUG,true
0169-1912,Dasiglucagon,Zegalogue,"Injection, Solution",Subcutaneous,.6,mg/.6mL,DIABETES,DIABETES,Antihypoglycemic Agent,HUMAN PRESCRIPTION DRUG,true
0002-1433,Dulaglutide,Trulicity,"Injection, Solution",Subcutaneous,.75,mg/.5mL,DIABETES,DIABETES,GLP-1 Receptor Agonist,HUMAN PRESCRIPTION DRUG,true
0002-1434,Dulaglutide,Trulicity,"Injection, Solution",Subcutaneous,1.5,mg/.5mL,DIABETES,DIABETES,GLP-1 Receptor Agonist,HUMAN PRESCRIPTION DRUG,true
0002-2236,Dulaglutide,Trulicity,"Injection, Solution",Subcutaneous,3,mg/.5mL,DIABETES,DIABETES,GLP-1 Receptor Agonist,HUMAN PRESCRIPTION DRUG,true
0002-3182,Dulaglutide,Trulicity,"Injection, Solution",Subcutaneous,4.5,mg/.5mL,DIABETES,DIABETES,GLP-1 Receptor Agonist,HUMAN PRESCRIPTION DRUG,true
0597-0152,Empagliflozin,Jardiance,"Tablet, Film Coated",Oral,10,mg/1,DIABETES,DIABETES,Sodium-Glucose Cotransporter 2 Inhibitor,HUMAN PRESCRIPTION DRUG,true
0597-0280,Empagliflozin,Synjardy,"Tablet, Extended Release",Oral,10,mg/1,DIABETES,DIABETES,"Biguanide, Sodium-Glucose Cotransporter 2 Inhibitor",HUMAN PRESCRIPTION DRUG,true
0597-0300,Empagliflozin,Synjardy,"Tablet, Extended Release",Oral,12.5,mg/1,DIABETES,DIABETES,"Biguanide, Sodium-Glucose Cotransporter 2 Inhibitor",HUMAN PRESCRIPTION DRUG,true
0597-0153,Empagliflozin,Jardiance,"Tablet, Film Coated",Oral,25,mg/1,DIABETES,DIABETES,Sodium-Glucose Cotransporter 2 Inhibitor,HUMAN PRESCRIPTION DRUG,true
0597-0295,Empagliflozin,Synjardy,"Tablet, Extended Release",Oral,25,mg/1,DIABETES,DIABETES,"Biguanide, Sodium-Glucose Cotransporter 2 Inhibitor",HUMAN PRESCRIPTION DRUG,true
0597-0290,Empagliflozin,Synjardy,"Tablet, Extended Release",Oral,5,mg/1,DIABETES,DIABETES,"Biguanide, Sodium-Glucose Cotransporter 2 Inhibitor",HUMAN PRESCRIPTION DRUG,true
0597-0182,Empagliflozin And Linagliptin,Glyxambi,"Tablet, Film Coated",Oral,10,mg/1,DIABETES,DIABETES,"Dipeptidyl Peptidase 4 Inhibitor, Sodium-Glucose Cotransporter 2 Inhibitor",HUMAN PRESCRIPTION DRUG,true
0597-0164,Empagliflozin And Linagliptin,Glyxambi,"Tablet, Film Coated",Oral,25,mg/1,DIABETES,DIABETES,"Dipeptidyl Peptidase 4 Inhibitor, Sodium-Glucose Cotransporter 2 Inhibitor",HUMAN PRESCRIPTION DRUG,true
0597-0168,Empagliflozin And Metformin Hydrochloride,Synjardy,Tablet,Oral,12.5,mg/1,DIABETES,DIABETES,"Biguanide, Sodium-Glucose Cotransporter 2 Inhibitor",HUMAN PRESCRIPTION DRUG,true
0597-0159,Empagliflozin And Metformin Hydrochloride,Synjardy,Tablet,Oral,5,mg/1,DIABETES,DIABETES,"Biguanide, Sodium-Glucose Cotransporter 2 Inhibitor",HUMAN PRESCRIPTION DRUG,true
0006-5369,Ertugliflozin And Metformin Hydrochloride,Segluromet,"Tablet, Film Coated",Oral,2.5,mg/1,DIABETES,DIABETES,Biguanide,HUMAN PRESCRIPTION DRUG,true
0006-5370,Ertugliflozin And Metformin Hydrochloride,Segluromet,"Tablet, Film Coated",Oral,7.5,mg/1,DIABETES,DIABETES,Biguanide,HUMAN PRESCRIPTION DRUG,true
0006-5368,Ertugliflozin And Sitagliptin,Steglujan,"Tablet, Film Coated",Oral,15,mg/1,DIABETES,DIABETES,Dipeptidyl Peptidase 4 Inhibitor,HUMAN PRESCRIPTION DRUG,true
0006-5367,Ertugliflozin And Sitagliptin,Steglujan,"Tablet, Film Coated",Oral,5,mg/1,DIABETES,DIABETES,Dipeptidyl Peptidase 4 Inhibitor,HUMAN PRESCRIPTION DRUG,true
0310-6512,Exenatide,Byetta,Injection,Subcutaneous,250,ug/mL,DIABETES,DIABETES,GLP-1 Receptor Agonist,HUMAN PRESCRIPTION DRUG,true
0615-8332,Glimepiride,Glimepiride,Tablet,Oral,1,mg/1,DIABETES,DIABETES,Sulfonylurea,HUMAN PRESCRIPTION DRUG,true
0615-8333,Glimepiride,Glimepiride,Tablet,Oral,2,mg/1,DIABETES,DIABETES,Sulfonylurea,HUMAN PRESCRIPTION DRUG,true
42571-102,Glimepiride,Glimepiride,Tablet,Oral,3,mg/1,DIABETES,DIABETES,Sulfonylurea,HUMAN PRESCRIPTION DRUG,true
0615-8334,Glimepiride,Glimepiride,Tablet,Oral,4,mg/1,DIABETES,DIABETES,Sulfonylurea,HUMAN PRESCRIPTION DRUG,true
42571-104,Glimepiride,Glimepiride,Tablet,Oral,6,mg/1,DIABETES,DIABETES,Sulfonylurea,HUMAN PRESCRIPTION DRUG,true
42571-105,Glimepiride,Glimepiride,Tablet,Oral,8,mg/1,DIABETES,DIABETES,Sulfonylurea,HUMAN PRESCRIPTION DRUG,true
0591-0461,Glipizide,Glipizide,Tablet,Oral,10,mg/1,DIABETES,DIABETES,Sulfonylurea,HUMAN PRESCRIPTION DRUG,true
16714-896,Glipizide,Glipizide,"Tablet, Extended Release",Oral,10,mg/1,DIABETES,DIABETES,Sulfonylurea,HUMAN PRESCRIPTION DRUG,true
50090-5806,Glipizide,Glipizide,"Tablet, Film Coated, Extended Release",Oral,10,mg/1,DIABETES,DIABETES,Sulfonylurea,HUMAN PRESCRIPTION DRUG,true
72888-231,Glipizide,Glipizide,Tablet,Oral,15,mg/1,DIABETES,DIABETES,Sulfonylurea,HUMAN PRESCRIPTION DRUG,true
16714-894,Glipizide,Glipizide,"Tablet, Extended Release",Oral,2.5,mg/1,DIABETES,DIABETES,Sulfonylurea,HUMAN PRESCRIPTION DRUG,true
52817-385,Glipizide,Glipizide,Tablet,Oral,2.5,mg/1,DIABETES,DIABETES,Sulfonylurea,HUMAN PRESCRIPTION DRUG,true
64980-279,Glipizide,Glipizide,"Tablet, Film Coated, Extended Release",Oral,2.5,mg/1,DIABETES,DIABETES,Sulfonylurea,HUMAN PRESCRIPTION DRUG,true
0049-0174,Glipizide,Glucotrol,"Tablet, Extended Release",Oral,5,mg/1,DIABETES,DIABETES,Sulfonylurea,HUMAN PRESCRIPTION DRUG,true
0591-0460,Glipizide,Glipizide,Tablet,Oral,5,mg/1,DIABETES,DIABETES,Sulfonylurea,HUMAN PRESCRIPTION DRUG,true
50090-5040,Glipizide,Glipizide,"Tablet, Film Coated, Extended Release",Oral,5,mg/1,DIABETES,DIABETES,Sulfonylurea,HUMAN PRESCRIPTION DRUG,true
23155-115,Glipizide And Metformin HCl,Glipizide And Metformin HCl,"Tablet, Film Coated",Oral,2.5,mg/1,DIABETES,DIABETES,"Biguanide, Sulfonylurea",HUMAN PRESCRIPTION DRUG,true
23155-117,Glipizide And Metformin HCl,Glipizide And Metformin HCl,"Tablet, Film Coated",Oral,5,mg/1,DIABETES,DIABETES,"Biguanide, Sulfonylurea",HUMAN PRESCRIPTION DRUG,true
0093-7455,Glipizide And Metformin Hydrochloride,Glipizide And Metformin Hydrochloride,"Tablet, Film Coated",Oral,2.5,mg/1,DIABETES,DIABETES,"Biguanide, Sulfonylurea",HUMAN PRESCRIPTION DRUG,true
0093-7457,Glipizide And Metformin Hydrochloride,Glipizide And Metformin Hydrochloride,"Tablet, Film Coated",Oral,5,mg/1,DIABETES,DIABETES,"Biguanide, Sulfonylurea",HUMAN PRESCRIPTION DRUG,true
70518-0373,Glipizide And Metformin Hydrochloride,Glipizide And Metformin Hydrochloride,"Tablet, Film Coated",Oral,500,mg/1,DIABETES,DIABETES,"Biguanide, Sulfonylurea",HUMAN PRESCRIPTION DRUG,true
0093-8342,Glyburide,Glyburide,Tablet,Oral,1.25,mg/1,DIABETES,DIABETES,Sulfonylurea,HUMAN PRESCRIPTION DRUG,true
0093-8343,Glyburide,Glyburide,Tablet,Oral,2.5,mg/1,DIABETES,DIABETES,Sulfonylurea,HUMAN PRESCRIPTION DRUG,true
0093-8035,Glyburide,Glyburide,Tablet,Oral,3,mg/1,DIABETES,DIABETES,Sulfonylurea,HUMAN PRESCRIPTION DRUG,true
0093-8344,Glyburide,Glyburide,Tablet,Oral,5,mg/1,DIABETES,DIABETES,Sulfonylurea,HUMAN PRESCRIPTION DRUG,true
0093-8036,Glyburide,Glyburide,Tablet,Oral,6,mg/1,DIABETES,DIABETES,Sulfonylurea,HUMAN PRESCRIPTION DRUG,true
57237-023,Glyburide And Metformin Hydrochloride,Glyburide And Metformin Hydrochloride,"Tablet, Film Coated",Oral,1.25,mg/1,DIABETES,DIABETES,"Biguanide, Sulfonylurea",HUMAN PRESCRIPTION DRUG,true
65841-824,Glyburide And Metformin Hydrochloride,Glyburide And Metformin Hydrochloride,Tablet,Oral,1.25,mg/1,DIABETES,DIABETES,"Biguanide, Sulfonylurea",HUMAN PRESCRIPTION DRUG,true
50090-2031,Glyburide And Metformin Hydrochloride,Glyburide And Metformin Hydrochloride,"Tablet, Film Coated",Oral,2.5,mg/1,DIABETES,DIABETES,"Biguanide, Sulfonylurea",HUMAN PRESCRIPTION DRUG,true
65841-825,Glyburide And Metformin Hydrochloride,Glyburide And Metformin Hydrochloride,Tablet,Oral,2.5,mg/1,DIABETES,DIABETES,"Biguanide, Sulfonylurea",HUMAN PRESCRIPTION DRUG,true
50090-2030,Glyburide And Metformin Hydrochloride,Glyburide And Metformin Hydrochloride,"Tablet, Film Coated",Oral,5,mg/1,DIABETES,DIABETES,"Biguanide, Sulfonylurea",HUMAN PRESCRIPTION DRUG,true
65841-826,Glyburide And Metformin Hydrochloride,Glyburide And Metformin Hydrochloride,Tablet,Oral,5,mg/1,DIABETES,DIABETES,"Biguanide, Sulfonylurea",HUMAN PRESCRIPTION DRUG,true
23155-233,Glyburide-metformin Hydrochloride,Glyburide-metformin Hydrochloride,Tablet,Oral,1.25,mg/1,DIABETES,DIABETES,"Biguanide, Sulfonylurea",HUMAN PRESCRIPTION DRUG,true
23155-234,Glyburide-metformin Hydrochloride,Glyburide-metformin Hydrochloride,Tablet,Oral,2.5,mg/1,DIABETES,DIABETES,"Biguanide, Sulfonylurea",HUMAN PRESCRIPTION DRUG,true
23155-235,Glyburide-metformin Hydrochloride,Glyburide-metformin Hydrochloride,Tablet,Oral,5,mg/1,DIABETES,DIABETES,"Biguanide, Sulfonylurea",HUMAN PRESCRIPTION DRUG,true
0169-1833,Human Insulin,Novolin,"Injection, Solution",Subcutaneous,100,[iU]/mL,DIABETES,DIABETES,Insulin,HUMAN OTC DRUG,false
0169-1834,Human Insulin,Novolin,"Injection, Suspension",Subcutaneous,100,[iU]/mL,DIABETES,DIABETES,Insulin,HUMAN OTC DRUG,false
0169-2100,Insulin Aspart,Novolog,"Injection, Solution",Intravenous,100,[iU]/mL,DIABETES,DIABETES,Insulin Analog,HUMAN PRESCRIPTION DRUG,true
0169-2200,Insulin Aspart,NovoLog Mix 70/30,"Injection, Suspension",Subcutaneous,100,[iU]/mL,DIABETES,DIABETES,Insulin Analog,HUMAN PRESCRIPTION DRUG,true
0169-3201,Insulin Aspart Injection,Fiasp,"Injection, Solution",Subcutaneous,100,[iU]/mL,DIABETES,DIABETES,Insulin Analog,HUMAN PRESCRIPTION DRUG,true
71288-903,Insulin Aspart-fsan,Garzulys,"Injection, Solution",Subcutaneous,100,[iU]/mL,DIABETES,DIABETES,Insulin Analog,HUMAN PRESCRIPTION DRUG,true
0024-5927,Insulin Aspart-szjj,Merilog,"Injection, Solution",Intravenous,100,[iU]/mL,DIABETES,DIABETES,Insulin Analog,HUMAN PRESCRIPTION DRUG,true
83257-007,Insulin Aspart-xjhz,Kirsty,"Injection, Solution",Intravenous,100,[iU]/mL,DIABETES,DIABETES,Insulin Analog,HUMAN PRESCRIPTION DRUG,true
0169-2660,Insulin Degludec,Tresiba,"Injection, Solution",Subcutaneous,100,U/mL,DIABETES,DIABETES,Insulin Analog,HUMAN PRESCRIPTION DRUG,true
0169-2550,Insulin Degludec,Tresiba,"Injection, Solution",Subcutaneous,200,U/mL,DIABETES,DIABETES,Insulin Analog,HUMAN PRESCRIPTION DRUG,true
0169-2911,Insulin Degludec And Liraglutide,Xultophy 100/3.6,"Injection, Solution",Subcutaneous,100,[iU]/mL,DIABETES,DIABETES,"GLP-1 Receptor Agonist, Insulin Analog",HUMAN PRESCRIPTION DRUG,true
50090-1276,Insulin Detemir,Levemir,"Injection, Solution",Subcutaneous,100,[iU]/mL,DIABETES,DIABETES,Insulin Analog,HUMAN PRESCRIPTION DRUG,true
0002-7715,Insulin Glargine,Basaglar,"Injection, Solution",Subcutaneous,100,[iU]/mL,DIABETES,DIABETES,Insulin Analog,HUMAN PRESCRIPTION DRUG,true
0024-5869,Insulin Glargine,Toujeo,"Injection, Solution",Subcutaneous,300,U/mL,DIABETES,DIABETES,Insulin Analog,HUMAN PRESCRIPTION DRUG,true
0955-2900,Insulin Glargine,Insulin Glargine U-300 Max,"Injection, Solution",Subcutaneous,300,[iU]/mL,DIABETES,DIABETES,Insulin Analog,HUMAN PRESCRIPTION DRUG,true
0024-5761,Insulin Glargine And Lixisenatide,Soliqua 100/33,"Injection, Solution",Subcutaneous,100,U/mL,DIABETES,DIABETES,"GLP-1 Receptor Agonist, Insulin Analog",HUMAN PRESCRIPTION DRUG,true
0002-8980,Insulin Glargine-aglr,Rezvoglar,"Injection, Solution",Subcutaneous,100,[iU]/mL,DIABETES,DIABETES,Insulin Analog,HUMAN PRESCRIPTION DRUG,true
87682-090,Insulin Glargine-aldy,Langlara,"Injection, Solution",Subcutaneous,100,[iU]/mL,DIABETES,DIABETES,Insulin Analog,HUMAN PRESCRIPTION DRUG,true
72572-422,Insulin Glargine-yfgn,Insulin Glargine,"Injection, Solution",Subcutaneous,100,[iU]/mL,DIABETES,DIABETES,Insulin Analog,HUMAN PRESCRIPTION DRUG,true
0088-2500,Insulin Glulisine,Apidra,"Injection, Solution",Intravenous,100,[iU]/mL,DIABETES,DIABETES,Insulin Analog,HUMAN PRESCRIPTION DRUG,true
0338-0126,Insulin Human,Myxredlin,"Injection, Solution",Intravenous,1,[iU]/mL,DIABETES,DIABETES,Insulin,HUMAN PRESCRIPTION DRUG,true
0002-0213,Insulin Human,Humulin,"Injection, Solution",Parenteral,100,[iU]/mL,DIABETES,DIABETES,Insulin,HUMAN OTC DRUG,false
0002-8315,Insulin Human,Humulin,"Injection, Suspension",Subcutaneous,100,[iU]/mL,DIABETES,DIABETES,Insulin,HUMAN OTC DRUG,false
47918-891,Insulin Human,Afrezza,"Powder, Metered",Respiratory (inhalation),12,[arb'U]/1,DIABETES,DIABETES,Insulin,HUMAN PRESCRIPTION DRUG,true
47918-874,Insulin Human,Afrezza,"Powder, Metered",Respiratory (inhalation),4,[arb'U]/1,DIABETES,DIABETES,Insulin,HUMAN PRESCRIPTION DRUG,true
0002-8824,Insulin Human,Humulin,"Injection, Solution",Subcutaneous,500,[iU]/mL,DIABETES,DIABETES,Insulin,HUMAN PRESCRIPTION DRUG,true
47918-878,Insulin Human,Afrezza,"Powder, Metered",Respiratory (inhalation),8,[arb'U]/1,DIABETES,DIABETES,Insulin,HUMAN PRESCRIPTION DRUG,true
0169-3105,Insulin Icodec-abae,Awiqli,"Injection, Solution",Subcutaneous,700,U/mL,DIABETES,DIABETES,,HUMAN PRESCRIPTION DRUG,true
0002-7510,Insulin Lispro,Humalog,"Injection, Solution",Intravenous,100,[iU]/mL,DIABETES,DIABETES,Insulin Analog,HUMAN PRESCRIPTION DRUG,true
0002-7511,Insulin Lispro,Humalog,"Injection, Suspension",Subcutaneous,100,[iU]/mL,DIABETES,DIABETES,Insulin Analog,HUMAN PRESCRIPTION DRUG,true
0024-5924,Insulin Lispro,Admelog,"Injection, Solution",Intravenous,100,U/mL,DIABETES,DIABETES,Insulin Analog,HUMAN PRESCRIPTION DRUG,true
0002-7712,Insulin Lispro,Humalog,"Injection, Solution",Subcutaneous,200,[iU]/mL,DIABETES,DIABETES,Insulin Analog,HUMAN PRESCRIPTION DRUG,true
0002-7726,Insulin Lispro-aabc,Lyumjev,"Injection, Solution",Subcutaneous,100,[iU]/mL,DIABETES,DIABETES,Insulin Analog,HUMAN PRESCRIPTION DRUG,true
0002-8228,Insulin Lispro-aabc,Lyumjev,"Injection, Solution",Subcutaneous,200,[iU]/mL,DIABETES,DIABETES,Insulin Analog,HUMAN PRESCRIPTION DRUG,true
80353-451,Insulin Resistance Reducer,Insulizen,Capsule,Oral,1,[hp_X]/1,DIABETES,DIABETES,,HUMAN OTC DRUG,false
17089-376,Insulin-like Growth Factor-1,Guna-igf,Solution/ Drops,Oral,4,[hp_C]/30mL,DIABETES,DIABETES,,HUMAN OTC DRUG,false
0597-0140,Linagliptin,Tradjenta,"Tablet, Film Coated",Oral,5,mg/1,DIABETES,DIABETES,Dipeptidyl Peptidase 4 Inhibitor,HUMAN PRESCRIPTION DRUG,true
0597-0146,Linagliptin And Metformin Hydrochloride,Jentadueto,"Tablet, Film Coated",Oral,2.5,mg/1,DIABETES,DIABETES,"Biguanide, Dipeptidyl Peptidase 4 Inhibitor",HUMAN PRESCRIPTION DRUG,true
0597-0270,Linagliptin And Metformin Hydrochloride,Jentadueto XR,"Tablet, Film Coated, Extended Release",Oral,2.5,mg/1,DIABETES,DIABETES,"Biguanide, Dipeptidyl Peptidase 4 Inhibitor",HUMAN PRESCRIPTION DRUG,true
0597-0275,Linagliptin And Metformin Hydrochloride,Jentadueto XR,"Tablet, Film Coated, Extended Release",Oral,5,mg/1,DIABETES,DIABETES,"Biguanide, Dipeptidyl Peptidase 4 Inhibitor",HUMAN PRESCRIPTION DRUG,true
14403-3400,Liraglutide,Liraglutide,"Injection, Solution",Subcutaneous,18,mg/3mL,DIABETES,DIABETES,GLP-1 Receptor Agonist,HUMAN PRESCRIPTION DRUG,true
0143-9144,Liraglutide,Liraglutide,Injection,Subcutaneous,6,mg/mL,DIABETES,DIABETES,GLP-1 Receptor Agonist,HUMAN PRESCRIPTION DRUG,true
0169-2800,Liraglutide,Saxenda,"Injection, Solution",Subcutaneous,6,mg/mL,DIABETES,DIABETES,GLP-1 Receptor Agonist,HUMAN PRESCRIPTION DRUG,true
0378-6001,Metformin,Metformin Hydrochloride,"Tablet, Film Coated, Extended Release",Oral,1000,mg/1,DIABETES,DIABETES,Biguanide,HUMAN PRESCRIPTION DRUG,true
50742-634,Metformin,Metformin,"Tablet, Extended Release",Oral,1000,mg/1,DIABETES,DIABETES,Biguanide,HUMAN PRESCRIPTION DRUG,true
0378-6002,Metformin,Metformin Hydrochloride,"Tablet, Film Coated, Extended Release",Oral,500,mg/1,DIABETES,DIABETES,Biguanide,HUMAN PRESCRIPTION DRUG,true
50742-633,Metformin,Metformin,"Tablet, Extended Release",Oral,500,mg/1,DIABETES,DIABETES,Biguanide,HUMAN PRESCRIPTION DRUG,true
50090-6515,Metformin ER 500 Mg,Metformin,Tablet,Oral,500,mg/1,DIABETES,DIABETES,Biguanide,HUMAN PRESCRIPTION DRUG,true
50090-6516,Metformin ER 500 Mg,Metformin,"Tablet, Extended Release",Oral,500,mg/1,DIABETES,DIABETES,Biguanide,HUMAN PRESCRIPTION DRUG,true
50090-7372,Metformin ER 750 Mg,Metformin,"Tablet, Extended Release",Oral,750,mg/1,DIABETES,DIABETES,Biguanide,HUMAN PRESCRIPTION DRUG,true
62207-492,Metformin ER 750 Mg,Metformin ER 750 Mg,Tablet,Oral,750,mg/1,DIABETES,DIABETES,Biguanide,HUMAN PRESCRIPTION DRUG,true
42708-018,Metformin HCl,Metformin HCl,Tablet,Oral,1000,mg/1,DIABETES,DIABETES,Biguanide,HUMAN PRESCRIPTION DRUG,true
49483-620,Metformin HCl,Metformin HCl,"Tablet, Film Coated",Oral,1000,mg/1,DIABETES,DIABETES,Biguanide,HUMAN PRESCRIPTION DRUG,true
42708-009,Metformin HCl,Metformin HCl,Tablet,Oral,500,mg/1,DIABETES,DIABETES,Biguanide,HUMAN PRESCRIPTION DRUG,true
49483-622,Metformin HCl,Metformin HCl,"Tablet, Film Coated",Oral,500,mg/1,DIABETES,DIABETES,Biguanide,HUMAN PRESCRIPTION DRUG,true
49483-621,Metformin HCl,Metformin HCl,"Tablet, Film Coated",Oral,850,mg/1,DIABETES,DIABETES,Biguanide,HUMAN PRESCRIPTION DRUG,true
50090-3050,Metformin HCl,Metformin HCl,Tablet,Oral,850,mg/1,DIABETES,DIABETES,Biguanide,HUMAN PRESCRIPTION DRUG,true
0378-7187,Metformin Hydrochloride,Metformin Hydrochloride,"Tablet, Film Coated",Oral,1000,mg/1,DIABETES,DIABETES,Biguanide,HUMAN PRESCRIPTION DRUG,true
0904-7164,Metformin Hydrochloride,Metformin Hydrochloride,Tablet,Oral,1000,mg/1,DIABETES,DIABETES,Biguanide,HUMAN PRESCRIPTION DRUG,true
27241-189,Metformin Hydrochloride,Metformin Hydrochloride,"Tablet, Extended Release",Oral,1000,mg/1,DIABETES,DIABETES,Biguanide,HUMAN PRESCRIPTION DRUG,true
42571-334,Metformin Hydrochloride,Metformin Hydrochloride,"Tablet, Film Coated, Extended Release",Oral,1000,mg/1,DIABETES,DIABETES,Biguanide,HUMAN PRESCRIPTION DRUG,true
50090-7454,Metformin Hydrochloride,Metformin Hydrochloride,"Tablet, Coated",Oral,1000,mg/1,DIABETES,DIABETES,Biguanide,HUMAN PRESCRIPTION DRUG,true
0378-7185,Metformin Hydrochloride,Metformin Hydrochloride,"Tablet, Film Coated",Oral,500,mg/1,DIABETES,DIABETES,Biguanide,HUMAN PRESCRIPTION DRUG,true
0615-8289,Metformin Hydrochloride,Metformin Hydrochloride,"Tablet, Extended Release",Oral,500,mg/1,DIABETES,DIABETES,Biguanide,HUMAN PRESCRIPTION DRUG,true
0904-7162,Metformin Hydrochloride,Metformin Hydrochloride,Tablet,Oral,500,mg/1,DIABETES,DIABETES,Biguanide,HUMAN PRESCRIPTION DRUG,true
10631-206,Metformin Hydrochloride,Riomet,Solution,Oral,500,mg/5mL,DIABETES,DIABETES,Biguanide,HUMAN PRESCRIPTION DRUG,true
42571-333,Metformin Hydrochloride,Metformin Hydrochloride,"Tablet, Film Coated, Extended Release",Oral,500,mg/1,DIABETES,DIABETES,Biguanide,HUMAN PRESCRIPTION DRUG,true
50090-7278,Metformin Hydrochloride,Metformin Hydrochloride,"Tablet, Coated",Oral,500,mg/1,DIABETES,DIABETES,Biguanide,HUMAN PRESCRIPTION DRUG,true
50228-588,Metformin Hydrochloride,Metformin Hydrochloride,Tablet,Oral,625,mg/1,DIABETES,DIABETES,Biguanide,HUMAN PRESCRIPTION DRUG,true
10135-824,Metformin Hydrochloride,Metformin Hydrochloride,"Tablet, Extended Release",Oral,750,mg/1,DIABETES,DIABETES,Biguanide,HUMAN PRESCRIPTION DRUG,true
50228-589,Metformin Hydrochloride,Metformin Hydrochloride,Tablet,Oral,750,mg/1,DIABETES,DIABETES,Biguanide,HUMAN PRESCRIPTION DRUG,true
0378-7186,Metformin Hydrochloride,Metformin Hydrochloride,"Tablet, Film Coated",Oral,850,mg/1,DIABETES,DIABETES,Biguanide,HUMAN PRESCRIPTION DRUG,true
0904-7163,Metformin Hydrochloride,Metformin Hydrochloride,Tablet,Oral,850,mg/1,DIABETES,DIABETES,Biguanide,HUMAN PRESCRIPTION DRUG,true
68094-580,Metformin Hydrochloride,Metformin Hydrochloride,"Tablet, Coated",Oral,850,mg/1,DIABETES,DIABETES,Biguanide,HUMAN PRESCRIPTION DRUG,true
11788-038,Metformin Hydrochloride Extended-Release Tablets,Metformin Hydrochloride,"Tablet, Film Coated, Extended Release",Oral,1000,mg/1,DIABETES,DIABETES,Biguanide,HUMAN PRESCRIPTION DRUG,true
11788-037,Metformin Hydrochloride Extended-Release Tablets,Metformin Hydrochloride,"Tablet, Film Coated, Extended Release",Oral,500,mg/1,DIABETES,DIABETES,Biguanide,HUMAN PRESCRIPTION DRUG,true
42806-406,Metformin Hydrochloride Tablet,Metformin Hydrochloride,"Tablet, Film Coated, Extended Release",Oral,1000,mg/1,DIABETES,DIABETES,Biguanide,HUMAN PRESCRIPTION DRUG,true
62207-442,Metformin Hydrochloride Tablet,Metformin Hydrochloride,Tablet,Oral,1000,mg/1,DIABETES,DIABETES,Biguanide,HUMAN PRESCRIPTION DRUG,true
62207-440,Metformin Hydrochloride Tablet,Metformin Hydrochloride,Tablet,Oral,500,mg/1,DIABETES,DIABETES,Biguanide,HUMAN PRESCRIPTION DRUG,true
62207-441,Metformin Hydrochloride Tablet,Metformin Hydrochloride,Tablet,Oral,850,mg/1,DIABETES,DIABETES,Biguanide,HUMAN PRESCRIPTION DRUG,true
42806-405,Metformin Hydrochloride Tablets,Metformin Hydrochloride,"Tablet, Film Coated, Extended Release",Oral,500,mg/1,DIABETES,DIABETES,Biguanide,HUMAN PRESCRIPTION DRUG,true
69367-305,Miglitol,Miglitol,"Tablet, Coated",Oral,100,mg/1,DIABETES,DIABETES,alpha-Glucosidase Inhibitor,HUMAN PRESCRIPTION DRUG,true
69367-303,Miglitol,Miglitol,"Tablet, Coated",Oral,25,mg/1,DIABETES,DIABETES,alpha-Glucosidase Inhibitor,HUMAN PRESCRIPTION DRUG,true
69367-304,Miglitol,Miglitol,"Tablet, Coated",Oral,50,mg/1,DIABETES,DIABETES,alpha-Glucosidase Inhibitor,HUMAN PRESCRIPTION DRUG,true
0169-1715,Oral Semaglutide,Ozempic,Tablet,Oral,1.5,mg/1,DIABETES,DIABETES,GLP-1 Receptor Agonist,HUMAN PRESCRIPTION DRUG,true
0169-4314,Oral Semaglutide,Rybelsus,Tablet,Oral,14,mg/1,DIABETES,DIABETES,GLP-1 Receptor Agonist,HUMAN PRESCRIPTION DRUG,true
0169-4303,Oral Semaglutide,Rybelsus,Tablet,Oral,3,mg/1,DIABETES,DIABETES,GLP-1 Receptor Agonist,HUMAN PRESCRIPTION DRUG,true
0169-1704,Oral Semaglutide,Ozempic,Tablet,Oral,4,mg/1,DIABETES,DIABETES,GLP-1 Receptor Agonist,HUMAN PRESCRIPTION DRUG,true
0169-4307,Oral Semaglutide,Rybelsus,Tablet,Oral,7,mg/1,DIABETES,DIABETES,GLP-1 Receptor Agonist,HUMAN PRESCRIPTION DRUG,true
0169-1709,Oral Semaglutide,Ozempic,Tablet,Oral,9,mg/1,DIABETES,DIABETES,GLP-1 Receptor Agonist,HUMAN PRESCRIPTION DRUG,true
0002-4178,Orforglipron,Foundayo,"Tablet, Film Coated",Oral,.8,mg/1,DIABETES,DIABETES,GLP-1 Receptor Agonist,HUMAN PRESCRIPTION DRUG,true
0002-4839,Orforglipron,Foundayo,"Tablet, Film Coated",Oral,14.5,mg/1,DIABETES,DIABETES,GLP-1 Receptor Agonist,HUMAN PRESCRIPTION DRUG,true
0002-4953,Orforglipron,Foundayo,"Tablet, Film Coated",Oral,17.2,mg/1,DIABETES,DIABETES,GLP-1 Receptor Agonist,HUMAN PRESCRIPTION DRUG,true
0002-4503,Orforglipron,Foundayo,"Tablet, Film Coated",Oral,2.5,mg/1,DIABETES,DIABETES,GLP-1 Receptor Agonist,HUMAN PRESCRIPTION DRUG,true
0002-4794,Orforglipron,Foundayo,"Tablet, Film Coated",Oral,5.5,mg/1,DIABETES,DIABETES,GLP-1 Receptor Agonist,HUMAN PRESCRIPTION DRUG,true
0002-4803,Orforglipron,Foundayo,"Tablet, Film Coated",Oral,9,mg/1,DIABETES,DIABETES,GLP-1 Receptor Agonist,HUMAN PRESCRIPTION DRUG,true
72162-2497,Pioglitazole And Metformin Hydrochloride,Pioglitazole And Metformin Hydrochloride,Tablet,Oral,15,mg/1,DIABETES,DIABETES,"Biguanide, Peroxisome Proliferator Receptor alpha Agonist, Peroxisome Proliferator Receptor gamma Agonist, Thiazolidinedione",HUMAN PRESCRIPTION DRUG,true
0093-7271,Pioglitazone,Pioglitazone,Tablet,Oral,15,mg/1,DIABETES,DIABETES,"Peroxisome Proliferator Receptor alpha Agonist, Peroxisome Proliferator Receptor gamma Agonist, Thiazolidinedione",HUMAN PRESCRIPTION DRUG,true
0093-7272,Pioglitazone,Pioglitazone,Tablet,Oral,30,mg/1,DIABETES,DIABETES,"Peroxisome Proliferator Receptor alpha Agonist, Peroxisome Proliferator Receptor gamma Agonist, Thiazolidinedione",HUMAN PRESCRIPTION DRUG,true
0093-7273,Pioglitazone,Pioglitazone,Tablet,Oral,45,mg/1,DIABETES,DIABETES,"Peroxisome Proliferator Receptor alpha Agonist, Peroxisome Proliferator Receptor gamma Agonist, Thiazolidinedione",HUMAN PRESCRIPTION DRUG,true
64764-302,Pioglitazone And Glimepiride,Duetact,Tablet,Oral,30,mg/1,DIABETES,DIABETES,"Peroxisome Proliferator Receptor alpha Agonist, Peroxisome Proliferator Receptor gamma Agonist, Sulfonylurea, Thiazolidinedione",HUMAN PRESCRIPTION DRUG,true
64764-158,Pioglitazone And Metformin Hydrochloride,Actoplus Met,"Tablet, Film Coated",Oral,15,mg/1,DIABETES,DIABETES,"Biguanide, Peroxisome Proliferator Receptor alpha Agonist, Peroxisome Proliferator Receptor gamma Agonist, Thiazolidinedione",HUMAN PRESCRIPTION DRUG,true
71335-3019,Pioglitazone And Metformin Hydrochloride,Pioglitazone And Metformin Hydrochloride,Tablet,Oral,15,mg/1,DIABETES,DIABETES,"Biguanide, Peroxisome Proliferator Receptor alpha Agonist, Peroxisome Proliferator Receptor gamma Agonist, Thiazolidinedione",HUMAN PRESCRIPTION DRUG,true
33342-176,Pioglitazone And Metformin Hydrochloride,Pioglitazone And Metformin Hydrochloride,Tablet,Oral,500,mg/1,DIABETES,DIABETES,"Biguanide, Peroxisome Proliferator Receptor alpha Agonist, Peroxisome Proliferator Receptor gamma Agonist, Thiazolidinedione",HUMAN PRESCRIPTION DRUG,true
33342-177,Pioglitazone And Metformin Hydrochloride,Pioglitazone And Metformin Hydrochloride,Tablet,Oral,850,mg/1,DIABETES,DIABETES,"Biguanide, Peroxisome Proliferator Receptor alpha Agonist, Peroxisome Proliferator Receptor gamma Agonist, Thiazolidinedione",HUMAN PRESCRIPTION DRUG,true
13668-280,Pioglitazone HCL And Metformin HCL,Pioglitazone HCL And Metformin HCL,Tablet,Oral,500,mg/1,DIABETES,DIABETES,"Biguanide, Peroxisome Proliferator Receptor alpha Agonist, Peroxisome Proliferator Receptor gamma Agonist, Thiazolidinedione",HUMAN PRESCRIPTION DRUG,true
13668-281,Pioglitazone HCL And Metformin HCL,Pioglitazone HCL And Metformin HCL,Tablet,Oral,850,mg/1,DIABETES,DIABETES,"Biguanide, Peroxisome Proliferator Receptor alpha Agonist, Peroxisome Proliferator Receptor gamma Agonist, Thiazolidinedione",HUMAN PRESCRIPTION DRUG,true
50090-6386,Pioglitazone Hydrochloride,Pioglitazone Hydrochloride,Tablet,Oral,15,mg/1,DIABETES,DIABETES,"Peroxisome Proliferator Receptor alpha Agonist, Peroxisome Proliferator Receptor gamma Agonist, Thiazolidinedione",HUMAN PRESCRIPTION DRUG,true
50090-6393,Pioglitazone Hydrochloride,Pioglitazone Hydrochloride,Tablet,Oral,30,mg/1,DIABETES,DIABETES,"Peroxisome Proliferator Receptor alpha Agonist, Peroxisome Proliferator Receptor gamma Agonist, Thiazolidinedione",HUMAN PRESCRIPTION DRUG,true
50090-6384,Pioglitazone Hydrochloride,Pioglitazone Hydrochloride,Tablet,Oral,45,mg/1,DIABETES,DIABETES,"Peroxisome Proliferator Receptor alpha Agonist, Peroxisome Proliferator Receptor gamma Agonist, Thiazolidinedione",HUMAN PRESCRIPTION DRUG,true
57237-217,Pioglitazone Hydrochloride And Metformin Hydrochloride,Pioglitazone Hydrochloride And Metformin Hydrochloride,"Tablet, Film Coated",Oral,15,mg/1,DIABETES,DIABETES,"Biguanide, Peroxisome Proliferator Receptor alpha Agonist, Peroxisome Proliferator Receptor gamma Agonist, Thiazolidinedione",HUMAN PRESCRIPTION DRUG,true
0310-6615,Pramlintide Acetate,SymlinPen,Injection,Subcutaneous,1000,ug/mL,DIABETES,DIABETES,Amylin Analog,HUMAN PRESCRIPTION DRUG,true
0378-4705,Saxagliptin,Saxagliptin,"Tablet, Film Coated",Oral,2.5,mg/1,DIABETES,DIABETES,Dipeptidyl Peptidase 4 Inhibitor,HUMAN PRESCRIPTION DRUG,true
0378-4706,Saxagliptin,Saxagliptin,"Tablet, Film Coated",Oral,5,mg/1,DIABETES,DIABETES,Dipeptidyl Peptidase 4 Inhibitor,HUMAN PRESCRIPTION DRUG,true
0378-8176,Saxagliptin And Metformin,Saxagliptin And Metformin,"Tablet, Film Coated, Extended Release",Oral,2.5,mg/1,DIABETES,DIABETES,"Biguanide, Dipeptidyl Peptidase 4 Inhibitor",HUMAN PRESCRIPTION DRUG,true
0378-8175,Saxagliptin And Metformin,Saxagliptin And Metformin,"Tablet, Film Coated, Extended Release",Oral,5,mg/1,DIABETES,DIABETES,"Biguanide, Dipeptidyl Peptidase 4 Inhibitor",HUMAN PRESCRIPTION DRUG,true
43598-618,Saxagliptin And Metformin Hydrochloride,Saxagliptin And Metformin Hydrochloride,"Tablet, Film Coated, Extended Release",Oral,2.5,mg/1,DIABETES,DIABETES,"Biguanide, Dipeptidyl Peptidase 4 Inhibitor",HUMAN PRESCRIPTION DRUG,true
43598-619,Saxagliptin And Metformin Hydrochloride,Saxagliptin And Metformin Hydrochloride,"Tablet, Film Coated, Extended Release",Oral,5,mg/1,DIABETES,DIABETES,"Biguanide, Dipeptidyl Peptidase 4 Inhibitor",HUMAN PRESCRIPTION DRUG,true
0169-4525,Semaglutide,Wegovy,"Injection, Solution",Subcutaneous,.25,mg/.5mL,DIABETES,DIABETES,GLP-1 Receptor Agonist,HUMAN PRESCRIPTION DRUG,true
0169-4505,Semaglutide,Wegovy,"Injection, Solution",Subcutaneous,.5,mg/.5mL,DIABETES,DIABETES,GLP-1 Receptor Agonist,HUMAN PRESCRIPTION DRUG,true
0169-4181,Semaglutide,Ozempic,"Injection, Solution",Subcutaneous,.68,mg/mL,DIABETES,DIABETES,GLP-1 Receptor Agonist,HUMAN PRESCRIPTION DRUG,true
0169-4501,Semaglutide,Wegovy,"Injection, Solution",Subcutaneous,1,mg/.5mL,DIABETES,DIABETES,GLP-1 Receptor Agonist,HUMAN PRESCRIPTION DRUG,true
0169-4130,Semaglutide,Ozempic,"Injection, Solution",Subcutaneous,1.34,mg/mL,DIABETES,DIABETES,GLP-1 Receptor Agonist,HUMAN PRESCRIPTION DRUG,true
0169-4415,Semaglutide,Wegovy,Tablet,Oral,1.5,mg/1,DIABETES,DIABETES,GLP-1 Receptor Agonist,HUMAN PRESCRIPTION DRUG,true
0169-4517,Semaglutide,Wegovy,"Injection, Solution",Subcutaneous,1.7,mg/.75mL,DIABETES,DIABETES,GLP-1 Receptor Agonist,HUMAN PRESCRIPTION DRUG,true
0169-4524,Semaglutide,Wegovy,"Injection, Solution",Subcutaneous,2.4,mg/.75mL,DIABETES,DIABETES,GLP-1 Receptor Agonist,HUMAN PRESCRIPTION DRUG,true
0169-4772,Semaglutide,Ozempic,"Injection, Solution",Subcutaneous,2.68,mg/mL,DIABETES,DIABETES,GLP-1 Receptor Agonist,HUMAN PRESCRIPTION DRUG,true
0169-4425,Semaglutide,Wegovy,Tablet,Oral,25,mg/1,DIABETES,DIABETES,GLP-1 Receptor Agonist,HUMAN PRESCRIPTION DRUG,true
0169-4915,Semaglutide,Wegovy,"Injection, Solution",Subcutaneous,3.2,mg/mL,DIABETES,DIABETES,GLP-1 Receptor Agonist,HUMAN PRESCRIPTION DRUG,true
0169-4404,Semaglutide,Wegovy,Tablet,Oral,4,mg/1,DIABETES,DIABETES,GLP-1 Receptor Agonist,HUMAN PRESCRIPTION DRUG,true
0169-4572,Semaglutide,Wegovy,"Injection, Solution",Subcutaneous,7.2,mg/.75mL,DIABETES,DIABETES,GLP-1 Receptor Agonist,HUMAN PRESCRIPTION DRUG,true
0169-4409,Semaglutide,Wegovy,Tablet,Oral,9,mg/1,DIABETES,DIABETES,GLP-1 Receptor Agonist,HUMAN PRESCRIPTION DRUG,true
0006-0277,Sitagliptin,Januvia,"Tablet, Film Coated",Oral,100,mg/1,DIABETES,DIABETES,Dipeptidyl Peptidase 4 Inhibitor,HUMAN PRESCRIPTION DRUG,true
70710-1242,Sitagliptin,Zituvio,Tablet,Oral,100,mg/1,DIABETES,DIABETES,Dipeptidyl Peptidase 4 Inhibitor,HUMAN PRESCRIPTION DRUG,true
0006-0221,Sitagliptin,Januvia,"Tablet, Film Coated",Oral,25,mg/1,DIABETES,DIABETES,Dipeptidyl Peptidase 4 Inhibitor,HUMAN PRESCRIPTION DRUG,true
70710-1240,Sitagliptin,Zituvio,Tablet,Oral,25,mg/1,DIABETES,DIABETES,Dipeptidyl Peptidase 4 Inhibitor,HUMAN PRESCRIPTION DRUG,true
0006-0112,Sitagliptin,Januvia,"Tablet, Film Coated",Oral,50,mg/1,DIABETES,DIABETES,Dipeptidyl Peptidase 4 Inhibitor,HUMAN PRESCRIPTION DRUG,true
70710-1241,Sitagliptin,Zituvio,Tablet,Oral,50,mg/1,DIABETES,DIABETES,Dipeptidyl Peptidase 4 Inhibitor,HUMAN PRESCRIPTION DRUG,true
0006-0081,Sitagliptin And Metformin Hydrochloride,Janumet,"Tablet, Film Coated, Extended Release",Oral,100,mg/1,DIABETES,DIABETES,"Biguanide, Dipeptidyl Peptidase 4 Inhibitor",HUMAN PRESCRIPTION DRUG,true
0006-0078,Sitagliptin And Metformin Hydrochloride,Janumet,"Tablet, Film Coated, Extended Release",Oral,50,mg/1,DIABETES,DIABETES,"Biguanide, Dipeptidyl Peptidase 4 Inhibitor",HUMAN PRESCRIPTION DRUG,true
0006-0575,Sitagliptin And Metformin Hydrochloride,Janumet,"Tablet, Film Coated",Oral,50,mg/1,DIABETES,DIABETES,"Biguanide, Dipeptidyl Peptidase 4 Inhibitor",HUMAN PRESCRIPTION DRUG,true
24338-017,Sitagliptin Hydrochloride Oral,Brynovin,Solution,Oral,25,mg/mL,DIABETES,DIABETES,Dipeptidyl Peptidase 4 Inhibitor,HUMAN PRESCRIPTION DRUG,true
0781-5770,Sitagliptin Phosphate,Sitagliptin Phosphate,"Tablet, Film Coated",Oral,100,mg/1,DIABETES,DIABETES,Dipeptidyl Peptidase 4 Inhibitor,HUMAN PRESCRIPTION DRUG,true
0781-5766,Sitagliptin Phosphate,Sitagliptin Phosphate,"Tablet, Film Coated",Oral,25,mg/1,DIABETES,DIABETES,Dipeptidyl Peptidase 4 Inhibitor,HUMAN PRESCRIPTION DRUG,true
0781-5768,Sitagliptin Phosphate,Sitagliptin Phosphate,"Tablet, Film Coated",Oral,50,mg/1,DIABETES,DIABETES,Dipeptidyl Peptidase 4 Inhibitor,HUMAN PRESCRIPTION DRUG,true
58264-0145,Somatropin,D-136,Solution,Sublingual,12,[hp_X]/mL,DIABETES,DIABETES|VITAMINS,Recombinant Human Growth Hormone,HUMAN OTC DRUG,false
70183-221,Sotagliflozin,Inpefa,Tablet,Oral,200,mg/1,DIABETES,DIABETES,Sodium-Glucose Cotransporter 2 Inhibitor,HUMAN PRESCRIPTION DRUG,true
70183-241,Sotagliflozin,Inpefa,Tablet,Oral,400,mg/1,DIABETES,DIABETES,Sodium-Glucose Cotransporter 2 Inhibitor,HUMAN PRESCRIPTION DRUG,true
68875-0101,Teduglutide,Gattex,"Injection, Powder, Lyophilized, FOR Solution",Subcutaneous,5,mg/.5mL,DIABETES,DIABETES,GLP-2 Analog,HUMAN PRESCRIPTION DRUG,true
75987-130,Teprotumumab,Tepezza,"Injection, Powder, Lyophilized, FOR Solution",Intravenous,500,mg/1,DIABETES,DIABETES,Insulin-like Growth Factor-1 Receptor Inhibitor,HUMAN PRESCRIPTION DRUG,true
0002-1340,Tirzepatide,Zepbound,"Injection, Solution",Subcutaneous,10,mg/.5mL,DIABETES,DIABETES,"GLP-1 Receptor Agonist, Glucose-dependent Insulinotropic Polypeptide Receptor Agonist",HUMAN PRESCRIPTION DRUG,true
0002-1423,Tirzepatide,Zepbound,"Injection, Solution",Subcutaneous,12.5,mg/.5mL,DIABETES,DIABETES,"GLP-1 Receptor Agonist, Glucose-dependent Insulinotropic Polypeptide Receptor Agonist",HUMAN PRESCRIPTION DRUG,true
0002-3444,Tirzepatide,Mounjaro,"Injection, Solution",Subcutaneous,12.5,mg/mL,DIABETES,DIABETES,"GLP-1 Receptor Agonist, Glucose-dependent Insulinotropic Polypeptide Receptor Agonist",HUMAN PRESCRIPTION DRUG,true
0002-1457,Tirzepatide,Mounjaro,"Injection, Solution",Subcutaneous,15,mg/.5mL,DIABETES,DIABETES,"GLP-1 Receptor Agonist, Glucose-dependent Insulinotropic Polypeptide Receptor Agonist",HUMAN PRESCRIPTION DRUG,true
0002-3433,Tirzepatide,Mounjaro,"Injection, Solution",Subcutaneous,16.7,mg/mL,DIABETES,DIABETES,"GLP-1 Receptor Agonist, Glucose-dependent Insulinotropic Polypeptide Receptor Agonist",HUMAN PRESCRIPTION DRUG,true
0002-0152,Tirzepatide,Zepbound,"Injection, Solution",Subcutaneous,2.5,mg/.5mL,DIABETES,DIABETES,"GLP-1 Receptor Agonist, Glucose-dependent Insulinotropic Polypeptide Receptor Agonist",HUMAN PRESCRIPTION DRUG,true
0002-3422,Tirzepatide,Mounjaro,"Injection, Solution",Subcutaneous,20.8,mg/mL,DIABETES,DIABETES,"GLP-1 Receptor Agonist, Glucose-dependent Insulinotropic Polypeptide Receptor Agonist",HUMAN PRESCRIPTION DRUG,true
0002-3411,Tirzepatide,Mounjaro,"Injection, Solution",Subcutaneous,25,mg/mL,DIABETES,DIABETES,"GLP-1 Receptor Agonist, Glucose-dependent Insulinotropic Polypeptide Receptor Agonist",HUMAN PRESCRIPTION DRUG,true
0002-3466,Tirzepatide,Mounjaro,"Injection, Solution",Subcutaneous,4.17,mg/mL,DIABETES,DIABETES,"GLP-1 Receptor Agonist, Glucose-dependent Insulinotropic Polypeptide Receptor Agonist",HUMAN PRESCRIPTION DRUG,true
0002-0243,Tirzepatide,Zepbound,"Injection, Solution",Subcutaneous,5,mg/.5mL,DIABETES,DIABETES,"GLP-1 Receptor Agonist, Glucose-dependent Insulinotropic Polypeptide Receptor Agonist",HUMAN PRESCRIPTION DRUG,true
0002-1214,Tirzepatide,Zepbound,"Injection, Solution",Subcutaneous,7.5,mg/.5mL,DIABETES,DIABETES,"GLP-1 Receptor Agonist, Glucose-dependent Insulinotropic Polypeptide Receptor Agonist",HUMAN PRESCRIPTION DRUG,true
0002-3455,Tirzepatide,Mounjaro,"Injection, Solution",Subcutaneous,8.33,mg/mL,DIABETES,DIABETES,"GLP-1 Receptor Agonist, Glucose-dependent Insulinotropic Polypeptide Receptor Agonist",HUMAN PRESCRIPTION DRUG,true
0067-2000,Acetaminophen,Excedrin,"Tablet, Film Coated",Oral,250,mg/1,HEART,HEART,"Central Nervous System Stimulant, Methylxanthine, Nonsteroidal Anti-inflammatory Drug, Platelet Aggregation Inhibitor",HUMAN OTC DRUG,false
0067-2021,Acetaminophen,Excedrin,"Tablet, Coated",Oral,250,mg/1,HEART,HEART,"Central Nervous System Stimulant, Methylxanthine, Nonsteroidal Anti-inflammatory Drug, Platelet Aggregation Inhibitor",HUMAN OTC DRUG,false
0363-0586,Acetaminophen,Headache Relief,Tablet,Oral,250,mg/1,HEART,HEART,"Central Nervous System Stimulant, Methylxanthine, Nonsteroidal Anti-inflammatory Drug, Platelet Aggregation Inhibitor",HUMAN OTC DRUG,false
35916-0709,Acetaminophen,"Acetaminophen , Aspirin And Caffeine",Capsule,Oral,250,mg/1,HEART,HEART,"Central Nervous System Stimulant, Methylxanthine, Nonsteroidal Anti-inflammatory Drug, Platelet Aggregation Inhibitor",HUMAN OTC DRUG,false
73598-1372,Acetaminophen,Extra Strength Pain Reliever,"Capsule, Coated",Oral,250,mg/1,HEART,HEART,"Central Nervous System Stimulant, Methylxanthine, Nonsteroidal Anti-inflammatory Drug, Platelet Aggregation Inhibitor",HUMAN OTC DRUG,false
63029-625,Acetaminophen,Goodys Extra Strength,Powder,Oral,260,mg/1,HEART,HEART,"Central Nervous System Stimulant, Methylxanthine, Nonsteroidal Anti-inflammatory Drug, Platelet Aggregation Inhibitor",HUMAN OTC DRUG,false
63029-668,Acetaminophen,Goodys,Powder,Oral,500,mg/1,HEART,HEART,"Central Nervous System Stimulant, Methylxanthine, Nonsteroidal Anti-inflammatory Drug, Platelet Aggregation Inhibitor",HUMAN OTC DRUG,false
41226-370,Acetaminophen,Headache Relief,"Tablet, Coated",Oral,65,mg/1,HEART,HEART,"Central Nervous System Stimulant, Methylxanthine, Nonsteroidal Anti-inflammatory Drug, Platelet Aggregation Inhibitor",HUMAN OTC DRUG,false
47682-238,Acetaminophen,Medique Pain Off,"Tablet, Film Coated",Oral,65,mg/1,HEART,HEART,"Central Nervous System Stimulant, Methylxanthine, Nonsteroidal Anti-inflammatory Drug, Platelet Aggregation Inhibitor",HUMAN OTC DRUG,false
63029-664,Acetaminophen,Goodys,Powder,Oral,65,mg/1,HEART,HEART,"Central Nervous System Stimulant, Methylxanthine, Nonsteroidal Anti-inflammatory Drug, Platelet Aggregation Inhibitor",HUMAN OTC DRUG,false
66715-6338,Acetaminophen,"Extra Strength Headache, Caseys 4good",Tablet,Oral,65,mg/1,HEART,HEART,"Central Nervous System Stimulant, Methylxanthine, Nonsteroidal Anti-inflammatory Drug, Platelet Aggregation Inhibitor",HUMAN OTC DRUG,false
71687-3006,Acetaminophen And Aspirin And Caffeine,Pamprin Max Menstrual Pain Relief,"Tablet, Film Coated",Oral,250,mg/1,HEART,HEART,"Central Nervous System Stimulant, Methylxanthine, Nonsteroidal Anti-inflammatory Drug, Platelet Aggregation Inhibitor",HUMAN OTC DRUG,false
63029-663,Acetaminophen And Aspirin And Caffeine,Goodys,Powder,Oral,325,mg/1,HEART,HEART,"Central Nervous System Stimulant, Methylxanthine, Nonsteroidal Anti-inflammatory Drug, Platelet Aggregation Inhibitor",HUMAN OTC DRUG,false
0363-9680,Acetaminophen Aspirin Caffeine,Acetaminophen Aspirin Caffeine,Tablet,Oral,250,mg/1,HEART,HEART,"Central Nervous System Stimulant, Methylxanthine, Nonsteroidal Anti-inflammatory Drug, Platelet Aggregation Inhibitor",HUMAN OTC DRUG,false
79903-044,Acetaminophen Aspirin Caffeine,Extra Strength Headache Relief,"Tablet, Coated",Oral,250,mg/1,HEART,HEART,"Central Nervous System Stimulant, Methylxanthine, Nonsteroidal Anti-inflammatory Drug, Platelet Aggregation Inhibitor",HUMAN OTC DRUG,false
43066-150,Amiodarone Hydrochloride,Nexterone,"Injection, Solution",Intravenous,1.5,mg/mL,HEART,HEART,Antiarrhythmic,HUMAN PRESCRIPTION DRUG,true
43066-360,Amiodarone Hydrochloride,Nexterone,"Injection, Solution",Intravenous,1.8,mg/mL,HEART,HEART,Antiarrhythmic,HUMAN PRESCRIPTION DRUG,true
0245-0144,Amiodarone Hydrochloride,Pacerone,Tablet,Oral,100,mg/1,HEART,HEART,Antiarrhythmic,HUMAN PRESCRIPTION DRUG,true
55150-180,Amiodarone Hydrochloride,Amiodarone Hydrochloride,"Injection, Solution",Intravenous,150,mg/3mL,HEART,HEART,Antiarrhythmic,HUMAN PRESCRIPTION DRUG,true
0245-0147,Amiodarone Hydrochloride,Pacerone,Tablet,Oral,200,mg/1,HEART,HEART,Antiarrhythmic,HUMAN PRESCRIPTION DRUG,true
51672-4056,Amiodarone Hydrochloride,Amiodarone Hydrochloride,Tablet,Oral,300,mg/1,HEART,HEART,Antiarrhythmic,HUMAN PRESCRIPTION DRUG,true
0245-1645,Amiodarone Hydrochloride,Pacerone,Tablet,Oral,400,mg/1,HEART,HEART,Antiarrhythmic,HUMAN PRESCRIPTION DRUG,true
55150-181,Amiodarone Hydrochloride,Amiodarone Hydrochloride,"Injection, Solution",Intravenous,450,mg/9mL,HEART,HEART,Antiarrhythmic,HUMAN PRESCRIPTION DRUG,true
0143-9875,Amiodarone Hydrochloride,Amiodarone Hydrochloride,"Injection, Solution",Intravenous,50,mg/mL,HEART,HEART,Antiarrhythmic,HUMAN PRESCRIPTION DRUG,true
55150-182,Amiodarone Hydrochloride,Amiodarone Hydrochloride,"Injection, Solution",Intravenous,900,mg/18mL,HEART,HEART,Antiarrhythmic,HUMAN PRESCRIPTION DRUG,true
0280-0160,Anhydrous Citric Acid,Alka-Seltzer Heartburn And Pain,"Tablet, Effervescent",Oral,1000,mg/1,HEART,HEART,"Anti-coagulant, Calculi Dissolution Agent, Nonsteroidal Anti-inflammatory Drug, Platelet Aggregation Inhibitor",HUMAN OTC DRUG,false
0280-0211,Anhydrous Citric Acid,Alka-Seltzer Extra Strength,"Granule, Effervescent",Oral,1000,mg/1,HEART,HEART,"Anti-coagulant, Calculi Dissolution Agent, Nonsteroidal Anti-inflammatory Drug, Osmotic Laxative, Platelet Aggregation Inhibitor",HUMAN OTC DRUG,false
70264-014,Anhydrous Citric Acid,Alka-Seltzer Original,"Tablet, Effervescent",Oral,325,mg/1,HEART,HEART,"Anti-coagulant, Calculi Dissolution Agent, Nonsteroidal Anti-inflammatory Drug, Platelet Aggregation Inhibitor",HUMAN OTC DRUG,false
0280-0084,Anhydrous Citric Acid,Alka-Seltzer Hangover Relief,"Tablet, Effervescent",Oral,65,mg/1,HEART,HEART,"Central Nervous System Stimulant, Methylxanthine, Nonsteroidal Anti-inflammatory Drug, Platelet Aggregation Inhibitor",HUMAN OTC DRUG,false
0003-0898,Apixaban,Eliquis Sprinkle,Capsule,Oral,.15,mg/1,HEART,HEART,Factor Xa Inhibitor,HUMAN PRESCRIPTION DRUG,true
0003-1028,Apixaban,Eliquis,"Tablet, FOR Suspension",Oral,.5,mg/1,HEART,HEART,Factor Xa Inhibitor,HUMAN PRESCRIPTION DRUG,true
0003-0893,Apixaban,Eliquis,"Tablet, Film Coated",Oral,2.5,mg/1,HEART,HEART,Factor Xa Inhibitor,HUMAN PRESCRIPTION DRUG,true
0003-0894,Apixaban,Eliquis,"Tablet, Film Coated",Oral,5,mg/1,HEART,HEART,Factor Xa Inhibitor,HUMAN PRESCRIPTION DRUG,true
16729-430,Argatroban,Argatroban,Injection,Intravenous,1,mg/mL,HEART,HEART,"Anti-coagulant, Direct Thrombin Inhibitor",HUMAN PRESCRIPTION DRUG,true
25021-414,Argatroban,Argatroban,"Injection, Solution",Intravenous,1,mg/mL,HEART,HEART,"Anti-coagulant, Direct Thrombin Inhibitor",HUMAN PRESCRIPTION DRUG,true
70121-1037,Argatroban,Argatroban,"Injection, Solution",Intravenous,100,mg/mL,HEART,HEART,"Anti-coagulant, Direct Thrombin Inhibitor",HUMAN PRESCRIPTION DRUG,true
68083-141,Argatroban,Argatroban,Solution,Intravenous,125,mg/125mL,HEART,HEART,"Anti-coagulant, Direct Thrombin Inhibitor",HUMAN PRESCRIPTION DRUG,true
0143-9288,Argatroban,Argatroban,Injection,Intravenous,250,mg/2.5mL,HEART,HEART,"Anti-coagulant, Direct Thrombin Inhibitor",HUMAN PRESCRIPTION DRUG,true
67457-212,Argatroban,Argatroban,"Injection, Solution",Intravenous,250,mg/2.5mL,HEART,HEART,"Anti-coagulant, Direct Thrombin Inhibitor",HUMAN PRESCRIPTION DRUG,true
0143-9377,Argatroban,Argatroban,Injection,Intravenous,50,mg/50mL,HEART,HEART,"Anti-coagulant, Direct Thrombin Inhibitor",HUMAN PRESCRIPTION DRUG,true
55150-241,Argatroban,Argatroban,"Injection, Solution",Intravenous,50,mg/50mL,HEART,HEART,"Anti-coagulant, Direct Thrombin Inhibitor",HUMAN PRESCRIPTION DRUG,true
0280-0023,Aspirin,Alka-Seltzer Plus Severe Cold And Cough PowerFast Fizz,"Tablet, Effervescent",Oral,10,mg/1,HEART,HEART,"Histamine-1 Receptor Antagonist, Nonsteroidal Anti-inflammatory Drug, Platelet Aggregation Inhibitor, Sigma-1 Agonist, Uncompetitive N-methyl-D-aspartate Receptor Antagonist, alpha-1 Adrenergic Agonist",HUMAN OTC DRUG,false
0363-0541,Aspirin,Walgreens Antacid Pain Relief Extra Strength,"Tablet, Effervescent",Oral,1000,mg/1,HEART,HEART,"Anti-coagulant, Calculi Dissolution Agent, Nonsteroidal Anti-inflammatory Drug, Platelet Aggregation Inhibitor",HUMAN OTC DRUG,false
21130-421,Aspirin,Signature Care Effervescent Antacid And Pain Relief,"Tablet, Effervescent",Oral,1916,mg/1,HEART,HEART,"Anti-coagulant, Calculi Dissolution Agent, Nonsteroidal Anti-inflammatory Drug, Platelet Aggregation Inhibitor",HUMAN OTC DRUG,false
37808-540,Aspirin,HEB Extra Strength Effervescent Antacid And Pain Relief,"Tablet, Effervescent",Oral,1985,mg/1,HEART,HEART,"Anti-coagulant, Calculi Dissolution Agent, Nonsteroidal Anti-inflammatory Drug, Platelet Aggregation Inhibitor",HUMAN OTC DRUG,false
50804-873,Aspirin,Good Sense Effervescent Cold Relief,"Tablet, Effervescent",Oral,2,mg/1,HEART,HEART,"Histamine-1 Receptor Antagonist, Nonsteroidal Anti-inflammatory Drug, Platelet Aggregation Inhibitor, alpha-1 Adrenergic Agonist",HUMAN OTC DRUG,false
11822-3343,Aspirin,Headache Relief,"Tablet, Film Coated",Oral,250,mg/1,HEART,HEART,"Central Nervous System Stimulant, Methylxanthine, Nonsteroidal Anti-inflammatory Drug, Platelet Aggregation Inhibitor",HUMAN OTC DRUG,false
0280-0162,Aspirin,Aspirina Cafeina,Tablet,Oral,32.5,mg/1,HEART,HEART,"Central Nervous System Stimulant, Methylxanthine, Nonsteroidal Anti-inflammatory Drug, Platelet Aggregation Inhibitor",HUMAN OTC DRUG,false
73408-821,Aspirin,Thompson XS Pain Ache,"Tablet, Film Coated",Oral,32.5,mg/1,HEART,HEART,"Central Nervous System Stimulant, Methylxanthine, Nonsteroidal Anti-inflammatory Drug, Platelet Aggregation Inhibitor",HUMAN OTC DRUG,false
0280-0060,Aspirin,Alka-Seltzer Plus Cold Sparkling Original PowerFast Fizz,"Tablet, Effervescent",Oral,325,mg/1,HEART,HEART,"Histamine-1 Receptor Antagonist, Nonsteroidal Anti-inflammatory Drug, Platelet Aggregation Inhibitor, alpha-1 Adrenergic Agonist",HUMAN OTC DRUG,false
0280-2000,Aspirin,Bayer Genuine Aspirin,Tablet,Oral,325,mg/1,HEART,HEART,"Nonsteroidal Anti-inflammatory Drug, Platelet Aggregation Inhibitor",HUMAN OTC DRUG,false
0280-2110,Aspirin,Bayer Aspirin Regimen,"Tablet, Coated",Oral,325,mg/1,HEART,HEART,"Nonsteroidal Anti-inflammatory Drug, Platelet Aggregation Inhibitor",HUMAN OTC DRUG,false
0363-0157,Aspirin,Aspirin,"Tablet, Film Coated",Oral,325,mg/1,HEART,HEART,"Nonsteroidal Anti-inflammatory Drug, Platelet Aggregation Inhibitor",HUMAN OTC DRUG,false
0363-0227,Aspirin,Aspirin,"Tablet, Delayed Release",Oral,325,mg/1,HEART,HEART,"Nonsteroidal Anti-inflammatory Drug, Platelet Aggregation Inhibitor",HUMAN OTC DRUG,false
49483-331,Aspirin,Enteric Coated Aspirin,"Tablet, Delayed Release",Oral,325,mg/3251,HEART,HEART,"Nonsteroidal Anti-inflammatory Drug, Platelet Aggregation Inhibitor",HUMAN OTC DRUG,false
0280-2150,Aspirin,Bayer Back And Body,Tablet,Oral,35.5,mg/1,HEART,HEART,"Central Nervous System Stimulant, Methylxanthine, Nonsteroidal Anti-inflammatory Drug, Platelet Aggregation Inhibitor",HUMAN OTC DRUG,false
0280-0021,Aspirin,Alka-Seltzer Plus Severe Cold Powerfast Fizz Night,"Tablet, Effervescent",Oral,500,mg/1,HEART,HEART,"Antihistamine, Nonsteroidal Anti-inflammatory Drug, Platelet Aggregation Inhibitor, Sigma-1 Agonist, Uncompetitive N-methyl-D-aspartate Receptor Antagonist, alpha-1 Adrenergic Agonist",HUMAN OTC DRUG,false
0280-0161,Aspirin,Aspirina,Tablet,Oral,500,mg/1,HEART,HEART,"Nonsteroidal Anti-inflammatory Drug, Platelet Aggregation Inhibitor",HUMAN OTC DRUG,false
11822-4130,Aspirin,Pain Relief Back And Body,"Tablet, Film Coated",Oral,500,mg/1,HEART,HEART,"Central Nervous System Stimulant, Methylxanthine, Nonsteroidal Anti-inflammatory Drug, Platelet Aggregation Inhibitor",HUMAN OTC DRUG,false
49483-382,Aspirin,Aspirin,"Tablet, Coated",Oral,500,mg/5001,HEART,HEART,"Nonsteroidal Anti-inflammatory Drug, Platelet Aggregation Inhibitor",HUMAN OTC DRUG,false
63029-203,Aspirin,BC MAX,Powder,Oral,500,mg/1,HEART,HEART,"Central Nervous System Stimulant, Methylxanthine, Nonsteroidal Anti-inflammatory Drug, Platelet Aggregation Inhibitor",HUMAN OTC DRUG,false
75920-0465,Aspirin,Gemma Cut The Cramp,"Tablet, Effervescent",Oral,500,mg/1000mg,HEART,HEART,"Central Nervous System Stimulant, Methylxanthine, Nonsteroidal Anti-inflammatory Drug, Platelet Aggregation Inhibitor",HUMAN OTC DRUG,false
0280-0020,Aspirin,Alka-Seltzer Plus Severe Cold PowerFast Fizz,"Tablet, Effervescent",Oral,7,mg/1,HEART,HEART,"Histamine-1 Receptor Antagonist, Nonsteroidal Anti-inflammatory Drug, Platelet Aggregation Inhibitor, alpha-1 Adrenergic Agonist",HUMAN OTC DRUG,false
36800-768,Aspirin,Effervescent Cold Relief,"Tablet, Effervescent",Oral,7.8,mg/1,HEART,HEART,"Histamine-1 Receptor Antagonist, Nonsteroidal Anti-inflammatory Drug, Platelet Aggregation Inhibitor, alpha-1 Adrenergic Agonist",HUMAN OTC DRUG,false
0113-0274,Aspirin,Good Sense Aspirin,"Tablet, Chewable",Oral,81,mg/1,HEART,HEART,"Nonsteroidal Anti-inflammatory Drug, Platelet Aggregation Inhibitor",HUMAN OTC DRUG,false
0280-2100,Aspirin,Bayer,Tablet,Oral,81,mg/1,HEART,HEART,"Nonsteroidal Anti-inflammatory Drug, Platelet Aggregation Inhibitor",HUMAN OTC DRUG,false
0363-0563,Aspirin,Aspirin,"Tablet, Delayed Release",Oral,81,mg/1,HEART,HEART,"Nonsteroidal Anti-inflammatory Drug, Platelet Aggregation Inhibitor",HUMAN OTC DRUG,false
0615-8414,Aspirin,LOW Dose Aspirin,"Tablet, Coated",Oral,81,mg/1,HEART,HEART,"Nonsteroidal Anti-inflammatory Drug, Platelet Aggregation Inhibitor",HUMAN OTC DRUG,false
49483-349,Aspirin,Aspirin,"Tablet, Delayed Release",Oral,81,mg/811,HEART,HEART,"Nonsteroidal Anti-inflammatory Drug, Platelet Aggregation Inhibitor",HUMAN OTC DRUG,false
69536-181,Aspirin,St. Joseph Low Dose Aspirin,"Tablet, Film Coated",Oral,81,mg/1,HEART,HEART,"Nonsteroidal Anti-inflammatory Drug, Platelet Aggregation Inhibitor",HUMAN OTC DRUG,false
87580-001,Aspirin,Wispirin,Tablet,Oral,81,mg/265.45mg,HEART,HEART,"Nonsteroidal Anti-inflammatory Drug, Platelet Aggregation Inhibitor",HUMAN OTC DRUG,false
27854-755,Aspirin,Cafiaspirina Rapid Headache Relief,Powder,Oral,845,mg/1.2g,HEART,HEART,"Central Nervous System Stimulant, Methylxanthine, Nonsteroidal Anti-inflammatory Drug, Platelet Aggregation Inhibitor",HUMAN OTC DRUG,false
48433-129,Aspirin 81 Mg,Aspirin,Tablet,Oral,81,mg/1,HEART,HEART,"Nonsteroidal Anti-inflammatory Drug, Platelet Aggregation Inhibitor",HUMAN OTC DRUG,false
71679-104,Aspirin 81 Mg,Pain Reliever,"Tablet, Delayed Release",Oral,81,mg/1,HEART,HEART,"Nonsteroidal Anti-inflammatory Drug, Platelet Aggregation Inhibitor",HUMAN OTC DRUG,false
16103-351,Aspirin 81mg,Adult Low Dose Aspirin Enteric Coated,"Tablet, Delayed Release",Oral,81,mg/1,HEART,HEART,"Nonsteroidal Anti-inflammatory Drug, Platelet Aggregation Inhibitor",HUMAN OTC DRUG,false
69168-457,Aspirin 81mg,Aspirin 81mg,"Tablet, Film Coated",Oral,81,mg/1,HEART,HEART,"Nonsteroidal Anti-inflammatory Drug, Platelet Aggregation Inhibitor",HUMAN OTC DRUG,false
83139-288,Aspirin 81mg,Aspirin 81mg,"Tablet, Chewable",Oral,81,mg/1,HEART,HEART,"Nonsteroidal Anti-inflammatory Drug, Platelet Aggregation Inhibitor",HUMAN OTC DRUG,false
63029-667,Aspirin And Caffeine,Goodys Mental Alert,Powder,Oral,1000,mg/1,HEART,HEART,"Central Nervous System Stimulant, Methylxanthine, Nonsteroidal Anti-inflammatory Drug, Platelet Aggregation Inhibitor",HUMAN OTC DRUG,false
63029-665,Aspirin And Caffeine,Goodys,Powder,Oral,150,mg/1,HEART,HEART,"Central Nervous System Stimulant, Methylxanthine, Nonsteroidal Anti-inflammatory Drug, Platelet Aggregation Inhibitor",HUMAN OTC DRUG,false
0280-0064,Aspirin And Caffeine,Bayer Headache,Tablet,Oral,500,mg/1,HEART,HEART,"Central Nervous System Stimulant, Methylxanthine, Nonsteroidal Anti-inflammatory Drug, Platelet Aggregation Inhibitor",HUMAN OTC DRUG,false
0363-8712,Aspirin And Caffeine,Walgreens Pain Relief Powder,Powder,Oral,65,mg/1,HEART,HEART,"Central Nervous System Stimulant, Methylxanthine, Nonsteroidal Anti-inflammatory Drug, Platelet Aggregation Inhibitor",HUMAN OTC DRUG,false
63029-200,Aspirin And Caffeine,BC Cherry,Powder,Oral,845,mg/1,HEART,HEART,"Central Nervous System Stimulant, Methylxanthine, Nonsteroidal Anti-inflammatory Drug, Platelet Aggregation Inhibitor",HUMAN OTC DRUG,false
42291-116,Aspirin And Extended-Release Dipyridamole,Aspirin And Extended-Release Dipyridamole,Capsule,Oral,25,mg/1,HEART,HEART,"Nonsteroidal Anti-inflammatory Drug, Platelet Aggregation Inhibitor, Platelet Aggregation Inhibitor",HUMAN PRESCRIPTION DRUG,true
42571-274,Aspirin And Extended-Release Dipyridamole,Aspirin AND Extended-release Dipyridamole,"Capsule, Extended Release",Oral,25,mg/1,HEART,HEART,"Nonsteroidal Anti-inflammatory Drug, Platelet Aggregation Inhibitor, Platelet Aggregation Inhibitor",HUMAN PRESCRIPTION DRUG,true
60577-807,Aspirin Enteric Coated Tablets 81mg,Aspirin 81mg,Tablet,Oral,81,mg/1,HEART,HEART,"Nonsteroidal Anti-inflammatory Drug, Platelet Aggregation Inhibitor",HUMAN OTC DRUG,false
60577-808,Aspirin Enteric Coated Tablets 81mg,Aspirin 81mg,"Tablet, Delayed Release",Oral,81,mg/1,HEART,HEART,"Nonsteroidal Anti-inflammatory Drug, Platelet Aggregation Inhibitor",HUMAN OTC DRUG,false
0093-5056,Atorvastatin Calcium,Atorvastatin Calcium,"Tablet, Film Coated",Oral,10,mg/1,HEART,HEART,HMG-CoA Reductase Inhibitor,HUMAN PRESCRIPTION DRUG,true
16571-136,Atorvastatin Calcium,Atorvastatin Calcium,Tablet,Oral,10,mg/1,HEART,HEART,HMG-CoA Reductase Inhibitor,HUMAN PRESCRIPTION DRUG,true
71209-090,Atorvastatin Calcium,Atorvastatin Calcium,"Tablet, Coated",Oral,10,mg/1,HEART,HEART,HMG-CoA Reductase Inhibitor,HUMAN PRESCRIPTION DRUG,true
0093-5059,Atorvastatin Calcium,Atorvastatin Calcium,"Tablet, Film Coated",Oral,20,mg/1,HEART,HEART,HMG-CoA Reductase Inhibitor,HUMAN PRESCRIPTION DRUG,true
16571-137,Atorvastatin Calcium,Atorvastatin Calcium,Tablet,Oral,20,mg/1,HEART,HEART,HMG-CoA Reductase Inhibitor,HUMAN PRESCRIPTION DRUG,true
71209-091,Atorvastatin Calcium,Atorvastatin Calcium,"Tablet, Coated",Oral,20,mg/1,HEART,HEART,HMG-CoA Reductase Inhibitor,HUMAN PRESCRIPTION DRUG,true
0093-5058,Atorvastatin Calcium,Atorvastatin Calcium,"Tablet, Film Coated",Oral,40,mg/1,HEART,HEART,HMG-CoA Reductase Inhibitor,HUMAN PRESCRIPTION DRUG,true
16571-138,Atorvastatin Calcium,Atorvastatin Calcium,Tablet,Oral,40,mg/1,HEART,HEART,HMG-CoA Reductase Inhibitor,HUMAN PRESCRIPTION DRUG,true
71209-092,Atorvastatin Calcium,Atorvastatin Calcium,"Tablet, Coated",Oral,40,mg/1,HEART,HEART,HMG-CoA Reductase Inhibitor,HUMAN PRESCRIPTION DRUG,true
0093-5057,Atorvastatin Calcium,Atorvastatin Calcium,"Tablet, Film Coated",Oral,80,mg/1,HEART,HEART,HMG-CoA Reductase Inhibitor,HUMAN PRESCRIPTION DRUG,true
16571-139,Atorvastatin Calcium,Atorvastatin Calcium,Tablet,Oral,80,mg/1,HEART,HEART,HMG-CoA Reductase Inhibitor,HUMAN PRESCRIPTION DRUG,true
71209-093,Atorvastatin Calcium,Atorvastatin Calcium,"Tablet, Coated",Oral,80,mg/1,HEART,HEART,HMG-CoA Reductase Inhibitor,HUMAN PRESCRIPTION DRUG,true
68703-375,Belladonna,Migraine Ease,Tablet,Oral,12,[hp_C]/1801,HEART,HEART,"Nitrate Vasodilator, Non-Standardized Plant Allergenic Extract",HUMAN OTC DRUG,false
43689-0017,Belladonna,Migraine Relief,Tablet,Oral,6,[hp_X]/1,HEART,HEART,"Nitrate Vasodilator, Non-Standardized Food Allergenic Extract, Non-Standardized Plant Allergenic Extract",HUMAN OTC DRUG,false
0781-3158,Bivalirudin,Bivalirudin,"Injection, Powder, Lyophilized, FOR Solution",Intravenous,250,mg/1,HEART,HEART,"Anti-coagulant, Direct Thrombin Inhibitor",HUMAN PRESCRIPTION DRUG,true
16729-275,Bivalirudin,Bivalirudin,"Injection, Powder, Lyophilized, FOR Solution",Intravenous,250,mg/5mL,HEART,HEART,"Anti-coagulant, Direct Thrombin Inhibitor",HUMAN PRESCRIPTION DRUG,true
42023-622,Bivalirudin,Bivalirudin,"Injection, Solution",Intravenous,250,mg/1,HEART,HEART,"Anti-coagulant, Direct Thrombin Inhibitor",HUMAN PRESCRIPTION DRUG,true
55111-652,Bivalirudin,Bivalirudin,Injection,Intracavernous,250,mg/1,HEART,HEART,"Anti-coagulant, Direct Thrombin Inhibitor",HUMAN PRESCRIPTION DRUG,true
70436-025,Bivalirudin,Bivalirudin,"Injection, Powder, Lyophilized, FOR Suspension",Intravenous,250,mg/1,HEART,HEART,"Anti-coagulant, Direct Thrombin Inhibitor",HUMAN PRESCRIPTION DRUG,true
0024-1332,Clopidogrel,Plavix,"Tablet, Film Coated",Oral,300,mg/1,HEART,HEART,P2Y12 Platelet Inhibitor,HUMAN PRESCRIPTION DRUG,true
31722-759,Clopidogrel,Clopidogrel,Tablet,Oral,300,mg/1,HEART,HEART,P2Y12 Platelet Inhibitor,HUMAN PRESCRIPTION DRUG,true
0024-1171,Clopidogrel,Plavix,"Tablet, Film Coated",Oral,75,mg/1,HEART,HEART,P2Y12 Platelet Inhibitor,HUMAN PRESCRIPTION DRUG,true
16714-052,Clopidogrel,Clopidogrel,Tablet,Oral,75,mg/1,HEART,HEART,P2Y12 Platelet Inhibitor,HUMAN PRESCRIPTION DRUG,true
0904-6467,Clopidogrel Bisulfate,Clopidogrel,"Tablet, Film Coated",Oral,300,mg/1,HEART,HEART,P2Y12 Platelet Inhibitor,HUMAN PRESCRIPTION DRUG,true
0615-8625,Clopidogrel Bisulfate,Clopidogrel Bisulfate,"Tablet, Film Coated",Oral,75,mg/1,HEART,HEART,P2Y12 Platelet Inhibitor,HUMAN PRESCRIPTION DRUG,true
50090-7466,Clopidogrel Bisulfate,Clopidogrel,Tablet,Oral,75,mg/1,HEART,HEART,P2Y12 Platelet Inhibitor,HUMAN PRESCRIPTION DRUG,true
0904-7254,Dabigatran Etexilate,Dabigatran Etexilate,"Capsule, Coated Pellets",Oral,110,mg/1,HEART,HEART,Direct Thrombin Inhibitor,HUMAN PRESCRIPTION DRUG,true
31722-666,Dabigatran Etexilate,Dabigatran Etexilate,Capsule,Oral,110,mg/1,HEART,HEART,Direct Thrombin Inhibitor,HUMAN PRESCRIPTION DRUG,true
0378-0266,Dabigatran Etexilate,Dabigatran Etexilate,Capsule,Oral,150,mg/1,HEART,HEART,Direct Thrombin Inhibitor,HUMAN PRESCRIPTION DRUG,true
0904-7255,Dabigatran Etexilate,Dabigatran Etexilate,"Capsule, Coated Pellets",Oral,150,mg/1,HEART,HEART,Direct Thrombin Inhibitor,HUMAN PRESCRIPTION DRUG,true
0378-0265,Dabigatran Etexilate,Dabigatran Etexilate,Capsule,Oral,75,mg/1,HEART,HEART,Direct Thrombin Inhibitor,HUMAN PRESCRIPTION DRUG,true
0904-7253,Dabigatran Etexilate,Dabigatran Etexilate,"Capsule, Coated Pellets",Oral,75,mg/1,HEART,HEART,Direct Thrombin Inhibitor,HUMAN PRESCRIPTION DRUG,true
0597-0108,Dabigatran Etexilate Mesylate,Pradaxa,Capsule,Oral,110,mg/1,HEART,HEART,Direct Thrombin Inhibitor,HUMAN PRESCRIPTION DRUG,true
0597-0360,Dabigatran Etexilate Mesylate,Pradaxa,Capsule,Oral,150,mg/1,HEART,HEART,Direct Thrombin Inhibitor,HUMAN PRESCRIPTION DRUG,true
0597-0355,Dabigatran Etexilate Mesylate,Pradaxa,Capsule,Oral,75,mg/1,HEART,HEART,Direct Thrombin Inhibitor,HUMAN PRESCRIPTION DRUG,true
31722-693,Dextromethorphan Hydrobromide And Quinidine Sulfate,Dextromethorphan Hydrobromide And Quinidine Sulfate,Capsule,Oral,20,mg/1,HEART,HEART,"Antiarrhythmic, Cytochrome P450 2D6 Inhibitor, Sigma-1 Agonist, Uncompetitive N-methyl-D-aspartate Receptor Antagonist",HUMAN PRESCRIPTION DRUG,true
59148-053,Dextromethorphan Hydrobromide And Quinidine Sulfate,Nuedexta,"Capsule, Gelatin Coated",Oral,20,mg/1,HEART,HEART,"Antiarrhythmic, Cytochrome P450 2D6 Inhibitor, Sigma-1 Agonist, Uncompetitive N-methyl-D-aspartate Receptor Antagonist",HUMAN PRESCRIPTION DRUG,true
0054-0057,Digoxin,Digoxin,Solution,Oral,.05,mg/mL,HEART,HEART,Cardiac Glycoside,HUMAN PRESCRIPTION DRUG,true
59212-240,Digoxin,Lanoxin,Tablet,Oral,.0625,mg/1,HEART,HEART,Cardiac Glycoside,HUMAN PRESCRIPTION DRUG,true
10135-747,Digoxin,Digoxin,Tablet,Oral,.125,mg/1,HEART,HEART,Cardiac Glycoside,HUMAN PRESCRIPTION DRUG,true
0404-9850,Digoxin,Digoxin,Injection,Intramuscular,.25,mg/mL,HEART,HEART,Cardiac Glycoside,HUMAN PRESCRIPTION DRUG,true
10135-748,Digoxin,Digoxin,Tablet,Oral,.25,mg/1,HEART,HEART,Cardiac Glycoside,HUMAN PRESCRIPTION DRUG,true
70515-262,Digoxin,Lanoxin,"Injection, Solution",Intramuscular,100,ug/mL,HEART,HEART,Cardiac Glycoside,HUMAN PRESCRIPTION DRUG,true
0115-9811,Digoxin,Digoxin,Tablet,Oral,125,ug/1,HEART,HEART,Cardiac Glycoside,HUMAN PRESCRIPTION DRUG,true
0115-9822,Digoxin,Digoxin,Tablet,Oral,250,ug/1,HEART,HEART,Cardiac Glycoside,HUMAN PRESCRIPTION DRUG,true
0781-3059,Digoxin,Digoxin,"Injection, Solution",Intramuscular,250,ug/mL,HEART,HEART,Cardiac Glycoside,HUMAN PRESCRIPTION DRUG,true
0115-1070,Dipyridamole,Dipyridamole,Tablet,Oral,25,mg/1,HEART,HEART,Platelet Aggregation Inhibitor,HUMAN PRESCRIPTION DRUG,true
65841-662,Dipyridamole,Dipyridamole,"Tablet, Film Coated",Oral,25,mg/1,HEART,HEART,Platelet Aggregation Inhibitor,HUMAN PRESCRIPTION DRUG,true
0404-9852,Dipyridamole,Dipyridamole,Injection,Intravenous,5,mg/mL,HEART,HEART,Platelet Aggregation Inhibitor,HUMAN PRESCRIPTION DRUG,true
0115-1071,Dipyridamole,Dipyridamole,Tablet,Oral,50,mg/1,HEART,HEART,Platelet Aggregation Inhibitor,HUMAN PRESCRIPTION DRUG,true
65841-663,Dipyridamole,Dipyridamole,"Tablet, Film Coated",Oral,50,mg/1,HEART,HEART,Platelet Aggregation Inhibitor,HUMAN PRESCRIPTION DRUG,true
0115-1072,Dipyridamole,Dipyridamole,Tablet,Oral,75,mg/1,HEART,HEART,Platelet Aggregation Inhibitor,HUMAN PRESCRIPTION DRUG,true
65841-664,Dipyridamole,Dipyridamole,"Tablet, Film Coated",Oral,75,mg/1,HEART,HEART,Platelet Aggregation Inhibitor,HUMAN PRESCRIPTION DRUG,true
0025-2752,Disopyramide Phosphate,Norpace,"Capsule, Gelatin Coated",Oral,100,mg/1,HEART,HEART,Antiarrhythmic,HUMAN PRESCRIPTION DRUG,true
0093-3127,Disopyramide Phosphate,Disopyramide Phosphate,Capsule,Oral,100,mg/1,HEART,HEART,Antiarrhythmic,HUMAN PRESCRIPTION DRUG,true
0025-2762,Disopyramide Phosphate,Norpace,"Capsule, Gelatin Coated",Oral,150,mg/1,HEART,HEART,Antiarrhythmic,HUMAN PRESCRIPTION DRUG,true
0093-3129,Disopyramide Phosphate,Disopyramide Phosphate,Capsule,Oral,150,mg/1,HEART,HEART,Antiarrhythmic,HUMAN PRESCRIPTION DRUG,true
0069-5800,Dofetilide,Tikosyn,Capsule,Oral,.125,mg/1,HEART,HEART,Antiarrhythmic,HUMAN PRESCRIPTION DRUG,true
0069-5810,Dofetilide,Tikosyn,Capsule,Oral,.25,mg/1,HEART,HEART,Antiarrhythmic,HUMAN PRESCRIPTION DRUG,true
0069-5820,Dofetilide,Tikosyn,Capsule,Oral,.5,mg/1,HEART,HEART,Antiarrhythmic,HUMAN PRESCRIPTION DRUG,true
42794-044,Dofetilide,Dofetilide,Capsule,Oral,125,ug/1,HEART,HEART,Antiarrhythmic,HUMAN PRESCRIPTION DRUG,true
42794-045,Dofetilide,Dofetilide,Capsule,Oral,250,ug/1,HEART,HEART,Antiarrhythmic,HUMAN PRESCRIPTION DRUG,true
42794-046,Dofetilide,Dofetilide,Capsule,Oral,500,ug/1,HEART,HEART,Antiarrhythmic,HUMAN PRESCRIPTION DRUG,true
65597-201,Edoxaban Tosylate,Savaysa,"Tablet, Film Coated",Oral,15,mg/1,HEART,HEART,Factor Xa Inhibitor,HUMAN PRESCRIPTION DRUG,true
65597-202,Edoxaban Tosylate,Savaysa,"Tablet, Film Coated",Oral,30,mg/1,HEART,HEART,Factor Xa Inhibitor,HUMAN PRESCRIPTION DRUG,true
65597-203,Edoxaban Tosylate,Savaysa,"Tablet, Film Coated",Oral,60,mg/1,HEART,HEART,Factor Xa Inhibitor,HUMAN PRESCRIPTION DRUG,true
25021-408,Eptifibatide,Eptifibatide,"Injection, Solution",Intravenous,.75,mg/mL,HEART,HEART,Platelet Aggregation Inhibitor,HUMAN PRESCRIPTION DRUG,true
70436-027,Eptifibatide,Eptifibatide,Injection,Intravenous,.75,mg/mL,HEART,HEART,Platelet Aggregation Inhibitor,HUMAN PRESCRIPTION DRUG,true
52958-402,Eptifibatide,Eptifibatide,"Injection, Solution",Intravenous,2,mg/mL,HEART,HEART,Platelet Aggregation Inhibitor,HUMAN PRESCRIPTION DRUG,true
70436-026,Eptifibatide,Eptifibatide,Injection,Intravenous,2,mg/mL,HEART,HEART,Platelet Aggregation Inhibitor,HUMAN PRESCRIPTION DRUG,true
55150-219,Eptifibatide,Eptifibatide,Injection,Intravenous,20,mg/10mL,HEART,HEART,Platelet Aggregation Inhibitor,HUMAN PRESCRIPTION DRUG,true
55150-220,Eptifibatide,Eptifibatide,Injection,Intravenous,200,mg/100mL,HEART,HEART,Platelet Aggregation Inhibitor,HUMAN PRESCRIPTION DRUG,true
0338-9558,Eptifibatide,Eptifibatide,Injection,Intravenous,75,mg/100mL,HEART,HEART,Platelet Aggregation Inhibitor,HUMAN PRESCRIPTION DRUG,true
0054-0011,Flecainide Acetate,Flecainide Acetate,Tablet,Oral,100,mg/1,HEART,HEART,Antiarrhythmic,HUMAN PRESCRIPTION DRUG,true
0054-0012,Flecainide Acetate,Flecainide Acetate,Tablet,Oral,150,mg/1,HEART,HEART,Antiarrhythmic,HUMAN PRESCRIPTION DRUG,true
0054-0010,Flecainide Acetate,Flecainide Acetate,Tablet,Oral,50,mg/1,HEART,HEART,Antiarrhythmic,HUMAN PRESCRIPTION DRUG,true
51407-019,Flecainide Acetate Tablet,Flecainide Acetate,Tablet,Oral,100,mg/1,HEART,HEART,Antiarrhythmic,HUMAN PRESCRIPTION DRUG,true
51407-020,Flecainide Acetate Tablet,Flecainide Acetate,Tablet,Oral,150,mg/1,HEART,HEART,Antiarrhythmic,HUMAN PRESCRIPTION DRUG,true
51407-018,Flecainide Acetate Tablet,Flecainide Acetate,Tablet,Oral,50,mg/1,HEART,HEART,Antiarrhythmic,HUMAN PRESCRIPTION DRUG,true
0093-7442,Fluvastatin,Fluvastatin,Capsule,Oral,20,mg/1,HEART,HEART,HMG-CoA Reductase Inhibitor,HUMAN PRESCRIPTION DRUG,true
0093-7443,Fluvastatin,Fluvastatin,Capsule,Oral,40,mg/1,HEART,HEART,HMG-CoA Reductase Inhibitor,HUMAN PRESCRIPTION DRUG,true
0093-7446,Fluvastatin Sodium,Fluvastatin Sodium,"Tablet, Film Coated, Extended Release",Oral,80,mg/1,HEART,HEART,HMG-CoA Reductase Inhibitor,HUMAN PRESCRIPTION DRUG,true
0781-8017,Fluvastatin Sodium,Fluvastatin Sodium,"Tablet, Extended Release",Oral,80,mg/1,HEART,HEART,HMG-CoA Reductase Inhibitor,HUMAN PRESCRIPTION DRUG,true
0781-3476,Fondaparinux Sodium,Fondaparinux Sodium,Injection,Subcutaneous,10,mg/.8mL,HEART,HEART,Factor Xa Inhibitor,HUMAN PRESCRIPTION DRUG,true
11797-157,Fondaparinux Sodium,Fondaparinux Sodium,"Injection, Solution",Subcutaneous,10,mg/.8mL,HEART,HEART,Factor Xa Inhibitor,HUMAN PRESCRIPTION DRUG,true
0781-3443,Fondaparinux Sodium,Fondaparinux Sodium,Injection,Subcutaneous,2.5,mg/.5mL,HEART,HEART,Factor Xa Inhibitor,HUMAN PRESCRIPTION DRUG,true
11797-154,Fondaparinux Sodium,Fondaparinux Sodium,"Injection, Solution",Subcutaneous,2.5,mg/.5mL,HEART,HEART,Factor Xa Inhibitor,HUMAN PRESCRIPTION DRUG,true
0781-3454,Fondaparinux Sodium,Fondaparinux Sodium,Injection,Subcutaneous,5,mg/.4mL,HEART,HEART,Factor Xa Inhibitor,HUMAN PRESCRIPTION DRUG,true
11797-155,Fondaparinux Sodium,Fondaparinux Sodium,"Injection, Solution",Subcutaneous,5,mg/.4mL,HEART,HEART,Factor Xa Inhibitor,HUMAN PRESCRIPTION DRUG,true
0781-3465,Fondaparinux Sodium,Fondaparinux Sodium,Injection,Subcutaneous,7.5,mg/.6mL,HEART,HEART,Factor Xa Inhibitor,HUMAN PRESCRIPTION DRUG,true
11797-156,Fondaparinux Sodium,Fondaparinux Sodium,"Injection, Solution",Subcutaneous,7.5,mg/.6mL,HEART,HEART,Factor Xa Inhibitor,HUMAN PRESCRIPTION DRUG,true
0009-3794,Ibutilide Fumarate,Corvert,"Injection, Solution",Intravenous,.1,mg/mL,HEART,HEART,Antiarrhythmic,HUMAN PRESCRIPTION DRUG,true
23155-326,Ibutilide Fumarate,Ibutilide Fumarate,"Injection, Solution",Intravenous,1,mg/10mL,HEART,HEART,Antiarrhythmic,HUMAN PRESCRIPTION DRUG,true
0143-1771,Isosorbide Dinitrate,Isosorbide Dinitrate,Tablet,Oral,10,mg/1,HEART,HEART,Nitrate Vasodilator,HUMAN PRESCRIPTION DRUG,true
0143-1772,Isosorbide Dinitrate,Isosorbide Dinitrate,Tablet,Oral,20,mg/1,HEART,HEART,Nitrate Vasodilator,HUMAN PRESCRIPTION DRUG,true
0615-8465,Isosorbide Dinitrate,Isosorbide Dinitrate,Tablet,Oral,30,mg/1,HEART,HEART,Nitrate Vasodilator,HUMAN PRESCRIPTION DRUG,true
49884-556,Isosorbide Dinitrate,Isosorbide Dinitrate,Tablet,Oral,40,mg/1,HEART,HEART,Nitrate Vasodilator,HUMAN PRESCRIPTION DRUG,true
0143-1769,Isosorbide Dinitrate,Isosorbide Dinitrate,Tablet,Oral,5,mg/1,HEART,HEART,Nitrate Vasodilator,HUMAN PRESCRIPTION DRUG,true
72319-012,Isosorbide Dinitrate And Hydralazine Hydrochloride,Isosorbide Dinitrate And Hydralazine Hydrochloride,"Tablet, Film Coated",Oral,20,mg/1,HEART,HEART,"Arteriolar Vasodilator, Nitrate Vasodilator",HUMAN PRESCRIPTION DRUG,true
50742-246,Isosorbide Dinitrate And Hydralazine Hydrochloride,Isosorbide Dinitrate And Hydralazine Hydrochloride,Tablet,Oral,37.5,mg/1,HEART,HEART,"Arteriolar Vasodilator, Nitrate Vasodilator",HUMAN PRESCRIPTION DRUG,true
0228-2631,Isosorbide Mononitrate,Isosorbide Mononitrate,Tablet,Oral,10,mg/1,HEART,HEART,Nitrate Vasodilator,HUMAN PRESCRIPTION DRUG,true
13668-106,Isosorbide Mononitrate,Isosorbide Mononitrate,"Tablet, Extended Release",Oral,120,mg/1,HEART,HEART,Nitrate Vasodilator,HUMAN PRESCRIPTION DRUG,true
0228-2620,Isosorbide Mononitrate,Isosorbide Mononitrate,Tablet,Oral,20,mg/1,HEART,HEART,Nitrate Vasodilator,HUMAN PRESCRIPTION DRUG,true
0615-7767,Isosorbide Mononitrate,Isosorbide Mononitrate,"Tablet, Extended Release",Oral,30,mg/1,HEART,HEART,Nitrate Vasodilator,HUMAN PRESCRIPTION DRUG,true
0615-7768,Isosorbide Mononitrate,Isosorbide Mononitrate,"Tablet, Extended Release",Oral,60,mg/1,HEART,HEART,Nitrate Vasodilator,HUMAN PRESCRIPTION DRUG,true
87879-002,Lidocaine,Lidocaine,Granule,Topical,100,kg/100kg,HEART,HEART,"Amide Local Anesthetic, Antiarrhythmic",HUMAN OTC DRUG,false
0404-9893,Lidocaine,Lidocaine Hydrochloride,"Injection, Solution",Epidural,20,mg/mL,HEART,HEART,"Amide Local Anesthetic, Antiarrhythmic",HUMAN PRESCRIPTION DRUG,true
83391-004,Lidocaine,Auvon Pain Relief Roll-on,Solution,Topical,4,g/100mL,HEART,HEART,"Amide Local Anesthetic, Antiarrhythmic",HUMAN OTC DRUG,false
51662-1232,Lidocaine HCI,Lidocaine HCI,"Injection, Solution",Infiltration,10,mg/mL,HEART,HEART,"Amide Local Anesthetic, Antiarrhythmic, Catecholamine, alpha-Adrenergic Agonist, beta-Adrenergic Agonist",HUMAN PRESCRIPTION DRUG,true
51662-1233,Lidocaine HCI,Lidocaine HCI,"Injection, Solution",Epidural,20,mg/mL,HEART,HEART,"Amide Local Anesthetic, Antiarrhythmic",HUMAN PRESCRIPTION DRUG,true
51662-1382,Lidocaine HCI,Lidocaine HCI,Injection,Intravenous,20,mg/mL,HEART,HEART,"Amide Local Anesthetic, Antiarrhythmic",HUMAN PRESCRIPTION DRUG,true
51662-1416,Lidocaine HCI,Lidocaine HCI,"Injection, Solution",Infiltration,5,mg/mL,HEART,HEART,"Amide Local Anesthetic, Antiarrhythmic",HUMAN PRESCRIPTION DRUG,true
51662-1438,Lidocaine HCl,Lidocaine HCl,"Injection, Solution",Epidural,10,mg/mL,HEART,HEART,"Amide Local Anesthetic, Antiarrhythmic",HUMAN PRESCRIPTION DRUG,true
0404-9974,Lidocaine HCl,Xylocaine,"Injection, Solution",Infiltration,20,mg/mL,HEART,HEART,"Amide Local Anesthetic, Antiarrhythmic",HUMAN PRESCRIPTION DRUG,true
51662-1553,Lidocaine HCl,Lidocaine HCl,Solution,Topical,40,mg/mL,HEART,HEART,"Amide Local Anesthetic, Antiarrhythmic",HUMAN PRESCRIPTION DRUG,true
51662-1596,Lidocaine HCl,Lidocaine HCl,"Injection, Solution",Retrobulbar,40,mg/mL,HEART,HEART,"Amide Local Anesthetic, Antiarrhythmic",HUMAN PRESCRIPTION DRUG,true
0143-9172,Lidocaine Hydrochloride,Lidocaine,"Injection, Solution",Infiltration,10,mg/mL,HEART,HEART,"Amide Local Anesthetic, Antiarrhythmic",HUMAN PRESCRIPTION DRUG,true
0264-9376,Lidocaine Hydrochloride,Lidocaine Hydrochloride,Injection,Infiltration,10,mg/mL,HEART,HEART,"Amide Local Anesthetic, Antiarrhythmic",HUMAN PRESCRIPTION DRUG,true
63739-170,Lidocaine Hydrochloride,Lidocaine Hydrochloride,Solution,Intravenous,10,mg/mL,HEART,HEART,"Amide Local Anesthetic, Antiarrhythmic",HUMAN PRESCRIPTION DRUG,true
0409-4776,Lidocaine Hydrochloride,Lidocaine Hydrochloride,"Injection, Solution",Epidural,15,mg/mL,HEART,HEART,"Amide Local Anesthetic, Antiarrhythmic",HUMAN PRESCRIPTION DRUG,true
0054-3500,Lidocaine Hydrochloride,Lidocaine Viscous,Solution,Oral,20,mg/mL,HEART,HEART,"Amide Local Anesthetic, Antiarrhythmic",HUMAN PRESCRIPTION DRUG,true
0143-9173,Lidocaine Hydrochloride,Lidocaine,"Injection, Solution",Infiltration,20,mg/mL,HEART,HEART,"Amide Local Anesthetic, Antiarrhythmic",HUMAN PRESCRIPTION DRUG,true
70518-4176,Lidocaine Hydrochloride,Lidocaine Hydrochloride,Injection,Intravenous,20,mg/mL,HEART,HEART,"Amide Local Anesthetic, Antiarrhythmic",HUMAN PRESCRIPTION DRUG,true
0338-0409,Lidocaine Hydrochloride,Lidocaine Hydrochloride And Dextrose,"Injection, Solution",Intravenous,4,mg/mL,HEART,HEART,"Amide Local Anesthetic, Antiarrhythmic",HUMAN PRESCRIPTION DRUG,true
0054-3505,Lidocaine Hydrochloride,Lidocaine Hydrochloride,Solution,Topical,40,mg/mL,HEART,HEART,"Amide Local Anesthetic, Antiarrhythmic",HUMAN PRESCRIPTION DRUG,true
0409-4283,Lidocaine Hydrochloride,Lidocaine Hydrochloride,"Injection, Solution",Retrobulbar,40,mg/mL,HEART,HEART,"Amide Local Anesthetic, Antiarrhythmic",HUMAN PRESCRIPTION DRUG,true
0404-9885,Lidocaine Hydrochloride,Lidocaine Hydrochloride,"Injection, Solution",Infiltration,5,mg/mL,HEART,HEART,"Amide Local Anesthetic, Antiarrhythmic",HUMAN PRESCRIPTION DRUG,true
0338-0411,Lidocaine Hydrochloride,Lidocaine Hydrochloride And Dextrose,"Injection, Solution",Intravenous,8,mg/mL,HEART,HEART,"Amide Local Anesthetic, Antiarrhythmic",HUMAN PRESCRIPTION DRUG,true
0404-9792,Lidocaine Hydrochloride And Epinephrine,Lidocaine Hydrochloride And Epinephrine,"Injection, Solution",Infiltration,10,mg/mL,HEART,HEART,"Amide Local Anesthetic, Antiarrhythmic, Catecholamine, alpha-Adrenergic Agonist, beta-Adrenergic Agonist",HUMAN PRESCRIPTION DRUG,true
0409-1209,Lidocaine Hydrochloride And Epinephrine,Lidocaine Hydrochloride And Epinephrine,"Injection, Solution",Epidural,15,mg/mL,HEART,HEART,"Amide Local Anesthetic, Antiarrhythmic, Catecholamine, alpha-Adrenergic Agonist, beta-Adrenergic Agonist",HUMAN PRESCRIPTION DRUG,true
0362-0262,Lidocaine Hydrochloride And Epinephrine,Lidocaine,"Injection, Solution",Submucosal,20,mg/mL,HEART,HEART,"Amide Local Anesthetic, Antiarrhythmic, Catecholamine, alpha-Adrenergic Agonist, beta-Adrenergic Agonist",HUMAN PRESCRIPTION DRUG,true
0404-9886,Lidocaine Hydrochloride And Epinephrine,Lidocaine Hydrochloride And Epinephrine,"Injection, Solution",Infiltration,5,mg/mL,HEART,HEART,"Amide Local Anesthetic, Antiarrhythmic, Catecholamine, alpha-Adrenergic Agonist, beta-Adrenergic Agonist",HUMAN PRESCRIPTION DRUG,true
0093-0926,Lovastatin,Lovastatin,Tablet,Oral,10,mg/1,HEART,HEART,HMG-CoA Reductase Inhibitor,HUMAN PRESCRIPTION DRUG,true
0093-0576,Lovastatin,Lovastatin,Tablet,Oral,20,mg/1,HEART,HEART,HMG-CoA Reductase Inhibitor,HUMAN PRESCRIPTION DRUG,true
0093-0928,Lovastatin,Lovastatin,Tablet,Oral,40,mg/1,HEART,HEART,HMG-CoA Reductase Inhibitor,HUMAN PRESCRIPTION DRUG,true
0093-8739,Mexiletine Hydrochloride,Mexiletine Hydrochloride,Capsule,Oral,150,mg/1,HEART,HEART,Antiarrhythmic,HUMAN PRESCRIPTION DRUG,true
0093-8740,Mexiletine Hydrochloride,Mexiletine Hydrochloride,Capsule,Oral,200,mg/1,HEART,HEART,Antiarrhythmic,HUMAN PRESCRIPTION DRUG,true
0093-8741,Mexiletine Hydrochloride,Mexiletine Hydrochloride,Capsule,Oral,250,mg/1,HEART,HEART,Antiarrhythmic,HUMAN PRESCRIPTION DRUG,true
43547-985,Nitroglycerin,Nitroglycerin,Tablet,Sublingual,.3,mg/1,HEART,HEART,Nitrate Vasodilator,HUMAN PRESCRIPTION DRUG,true
43547-986,Nitroglycerin,Nitroglycerin,Tablet,Sublingual,.4,mg/1,HEART,HEART,Nitrate Vasodilator,HUMAN PRESCRIPTION DRUG,true
43547-987,Nitroglycerin,Nitroglycerin,Tablet,Sublingual,.6,mg/1,HEART,HEART,Nitrate Vasodilator,HUMAN PRESCRIPTION DRUG,true
0338-1047,Nitroglycerin,Nitroglycerin In Dextrose,Injection,Intravenous,10,mg/100mL,HEART,HEART,Nitrate Vasodilator,HUMAN PRESCRIPTION DRUG,true
49483-221,Nitroglycerin,Nitro-time,Capsule,Oral,2.5,mg/1,HEART,HEART,Nitrate Vasodilator,HUMAN PRESCRIPTION DRUG,true
0338-1049,Nitroglycerin,Nitroglycerin In Dextrose,Injection,Intravenous,20,mg/100mL,HEART,HEART,Nitrate Vasodilator,HUMAN PRESCRIPTION DRUG,true
0338-1051,Nitroglycerin,Nitroglycerin In Dextrose,Injection,Intravenous,40,mg/100mL,HEART,HEART,Nitrate Vasodilator,HUMAN PRESCRIPTION DRUG,true
0404-9928,Nitroglycerin,Nitroglycerin,"Injection, Solution",Intravenous,5,mg/mL,HEART,HEART,Nitrate Vasodilator,HUMAN PRESCRIPTION DRUG,true
49483-222,Nitroglycerin,Nitro-time,Capsule,Oral,6.5,mg/1,HEART,HEART,Nitrate Vasodilator,HUMAN PRESCRIPTION DRUG,true
49483-223,Nitroglycerin,Nitro-time,Capsule,Oral,9,mg/1,HEART,HEART,Nitrate Vasodilator,HUMAN PRESCRIPTION DRUG,true
61825-305,Orphenadrine Citrate,Norgesic,Tablet,Oral,25,mg/1,HEART,HEART,"Central Nervous System Stimulant, Methylxanthine, Muscle Relaxant, Nonsteroidal Anti-inflammatory Drug, Platelet Aggregation Inhibitor",HUMAN PRESCRIPTION DRUG,true
50991-999,Orphenadrine Citrate,Norgesic Forte,"Tablet, Multilayer",Oral,50,mg/1,HEART,HEART,"Central Nervous System Stimulant, Methylxanthine, Muscle Relaxant, Nonsteroidal Anti-inflammatory Drug, Platelet Aggregation Inhibitor",HUMAN PRESCRIPTION DRUG,true
61825-302,Orphenadrine Citrate,Orphengesic Forte,Tablet,Oral,50,mg/1,HEART,HEART,"Central Nervous System Stimulant, Methylxanthine, Muscle Relaxant, Nonsteroidal Anti-inflammatory Drug, Platelet Aggregation Inhibitor",HUMAN PRESCRIPTION DRUG,true
0378-5055,Pitavastatin,Pitavastatin Calcium,"Tablet, Film Coated",Oral,1,mg/1,HEART,HEART,HMG-CoA Reductase Inhibitor,HUMAN PRESCRIPTION DRUG,true
0378-5056,Pitavastatin,Pitavastatin Calcium,"Tablet, Film Coated",Oral,2,mg/1,HEART,HEART,HMG-CoA Reductase Inhibitor,HUMAN PRESCRIPTION DRUG,true
0378-5057,Pitavastatin,Pitavastatin Calcium,"Tablet, Film Coated",Oral,4,mg/1,HEART,HEART,HMG-CoA Reductase Inhibitor,HUMAN PRESCRIPTION DRUG,true
0832-6048,Pitavastatin Calcium,Pitavastatin,Tablet,Oral,1,mg/1,HEART,HEART,HMG-CoA Reductase Inhibitor,HUMAN PRESCRIPTION DRUG,true
72865-291,Pitavastatin Calcium,Pitavastatin Calcium,"Tablet, Film Coated",Oral,1,mg/1,HEART,HEART,HMG-CoA Reductase Inhibitor,HUMAN PRESCRIPTION DRUG,true
0480-3631,Pitavastatin Calcium,Pitavastatin,"Tablet, Film Coated",Oral,1.045,mg/1,HEART,HEART,HMG-CoA Reductase Inhibitor,HUMAN PRESCRIPTION DRUG,true
0832-6049,Pitavastatin Calcium,Pitavastatin,Tablet,Oral,2,mg/1,HEART,HEART,HMG-CoA Reductase Inhibitor,HUMAN PRESCRIPTION DRUG,true
72865-292,Pitavastatin Calcium,Pitavastatin Calcium,"Tablet, Film Coated",Oral,2,mg/1,HEART,HEART,HMG-CoA Reductase Inhibitor,HUMAN PRESCRIPTION DRUG,true
0480-3632,Pitavastatin Calcium,Pitavastatin,"Tablet, Film Coated",Oral,2.09,mg/1,HEART,HEART,HMG-CoA Reductase Inhibitor,HUMAN PRESCRIPTION DRUG,true
0832-6050,Pitavastatin Calcium,Pitavastatin,Tablet,Oral,4,mg/1,HEART,HEART,HMG-CoA Reductase Inhibitor,HUMAN PRESCRIPTION DRUG,true
72865-293,Pitavastatin Calcium,Pitavastatin Calcium,"Tablet, Film Coated",Oral,4,mg/1,HEART,HEART,HMG-CoA Reductase Inhibitor,HUMAN PRESCRIPTION DRUG,true
0480-3633,Pitavastatin Calcium,Pitavastatin,"Tablet, Film Coated",Oral,4.18,mg/1,HEART,HEART,HMG-CoA Reductase Inhibitor,HUMAN PRESCRIPTION DRUG,true
0093-0771,Pravastatin Sodium,Pravastatin Sodium,Tablet,Oral,10,mg/1,HEART,HEART,HMG-CoA Reductase Inhibitor,HUMAN PRESCRIPTION DRUG,true
62135-847,Pravastatin Sodium,Pravastatin Sodium,"Tablet, Film Coated",Oral,10,mg/1,HEART,HEART,HMG-CoA Reductase Inhibitor,HUMAN PRESCRIPTION DRUG,true
0093-7201,Pravastatin Sodium,Pravastatin Sodium,Tablet,Oral,20,mg/1,HEART,HEART,HMG-CoA Reductase Inhibitor,HUMAN PRESCRIPTION DRUG,true
62135-848,Pravastatin Sodium,Pravastatin Sodium,"Tablet, Film Coated",Oral,20,mg/1,HEART,HEART,HMG-CoA Reductase Inhibitor,HUMAN PRESCRIPTION DRUG,true
0093-7202,Pravastatin Sodium,Pravastatin Sodium,Tablet,Oral,40,mg/1,HEART,HEART,HMG-CoA Reductase Inhibitor,HUMAN PRESCRIPTION DRUG,true
62135-849,Pravastatin Sodium,Pravastatin Sodium,"Tablet, Film Coated",Oral,40,mg/1,HEART,HEART,HMG-CoA Reductase Inhibitor,HUMAN PRESCRIPTION DRUG,true
0480-7270,Pravastatin Sodium,Pravastatin Sodium,Tablet,Oral,80,mg/1,HEART,HEART,HMG-CoA Reductase Inhibitor,HUMAN PRESCRIPTION DRUG,true
62135-850,Pravastatin Sodium,Pravastatin Sodium,"Tablet, Film Coated",Oral,80,mg/1,HEART,HEART,HMG-CoA Reductase Inhibitor,HUMAN PRESCRIPTION DRUG,true
0409-1902,Procainamide Hydrochloride,Procainamide Hydrochloride,"Injection, Solution",Intramuscular,100,mg/mL,HEART,HEART,Antiarrhythmic,HUMAN PRESCRIPTION DRUG,true
14789-901,Procainamide Hydrochloride,Procainamide Hydrochloride,Injection,Intramuscular,100,mg/mL,HEART,HEART,Antiarrhythmic,HUMAN PRESCRIPTION DRUG,true
14789-900,Procainamide Hydrochloride,Procainamide Hydrochloride,Injection,Intramuscular,500,mg/mL,HEART,HEART,Antiarrhythmic,HUMAN PRESCRIPTION DRUG,true
25021-323,Procainamide Hydrochloride,Procainamide Hydrochloride,"Injection, Solution",Intramuscular,500,mg/mL,HEART,HEART,Antiarrhythmic,HUMAN PRESCRIPTION DRUG,true
69680-130,Propafenone,Propafenone Hydrochloride,"Capsule, Extended Release",Oral,225,mg/1,HEART,HEART,Antiarrhythmic,HUMAN PRESCRIPTION DRUG,true
69680-131,Propafenone,Propafenone Hydrochloride,"Capsule, Extended Release",Oral,325,mg/1,HEART,HEART,Antiarrhythmic,HUMAN PRESCRIPTION DRUG,true
69680-132,Propafenone,Propafenone Hydrochloride,"Capsule, Extended Release",Oral,425,mg/1,HEART,HEART,Antiarrhythmic,HUMAN PRESCRIPTION DRUG,true
51407-015,Propafenone Hydrochloride,Propafenone Hydrochloride,"Tablet, Coated",Oral,150,mg/1,HEART,HEART,Antiarrhythmic,HUMAN PRESCRIPTION DRUG,true
59651-256,Propafenone Hydrochloride,Propafenone Hydrochloride,"Tablet, Film Coated",Oral,150,mg/1,HEART,HEART,Antiarrhythmic,HUMAN PRESCRIPTION DRUG,true
0832-0740,Propafenone Hydrochloride,Propafenone Hydrochloride,"Capsule, Extended Release",Oral,225,mg/1,HEART,HEART,Antiarrhythmic,HUMAN PRESCRIPTION DRUG,true
50090-4227,Propafenone Hydrochloride,Propafenone Hydrochloride,"Tablet, Coated",Oral,225,mg/1,HEART,HEART,Antiarrhythmic,HUMAN PRESCRIPTION DRUG,true
59651-257,Propafenone Hydrochloride,Propafenone Hydrochloride,"Tablet, Film Coated",Oral,225,mg/1,HEART,HEART,Antiarrhythmic,HUMAN PRESCRIPTION DRUG,true
51407-017,Propafenone Hydrochloride,Propafenone Hydrochloride,"Tablet, Coated",Oral,300,mg/1,HEART,HEART,Antiarrhythmic,HUMAN PRESCRIPTION DRUG,true
59651-258,Propafenone Hydrochloride,Propafenone Hydrochloride,"Tablet, Film Coated",Oral,300,mg/1,HEART,HEART,Antiarrhythmic,HUMAN PRESCRIPTION DRUG,true
0832-0741,Propafenone Hydrochloride,Propafenone Hydrochloride,"Capsule, Extended Release",Oral,325,mg/1,HEART,HEART,Antiarrhythmic,HUMAN PRESCRIPTION DRUG,true
0832-0742,Propafenone Hydrochloride,Propafenone Hydrochloride,"Capsule, Extended Release",Oral,425,mg/1,HEART,HEART,Antiarrhythmic,HUMAN PRESCRIPTION DRUG,true
14445-148,Rivaroxaban,Rivaroxaban,"Tablet, Film Coated",Oral,10,mg/1,HEART,HEART,Factor Xa Inhibitor,HUMAN PRESCRIPTION DRUG,true
14445-183,Rivaroxaban,Rivaroxaban,"Tablet, Film Coated",Oral,15,mg/1,HEART,HEART,Factor Xa Inhibitor,HUMAN PRESCRIPTION DRUG,true
50458-575,Rivaroxaban,Xarelto,"Granule, FOR Suspension",Oral,155,mg/1,HEART,HEART,Factor Xa Inhibitor,HUMAN PRESCRIPTION DRUG,true
14445-147,Rivaroxaban,Rivaroxaban,"Tablet, Film Coated",Oral,2.5,mg/1,HEART,HEART,Factor Xa Inhibitor,HUMAN PRESCRIPTION DRUG,true
42571-345,Rivaroxaban,Rivaroxaban,Tablet,Oral,2.5,mg/1,HEART,HEART,Factor Xa Inhibitor,HUMAN PRESCRIPTION DRUG,true
51672-4228,Rivaroxaban,Rivaroxaban,"Tablet, Coated",Oral,2.5,mg/1,HEART,HEART,Factor Xa Inhibitor,HUMAN PRESCRIPTION DRUG,true
14445-184,Rivaroxaban,Rivaroxaban,"Tablet, Film Coated",Oral,20,mg/1,HEART,HEART,Factor Xa Inhibitor,HUMAN PRESCRIPTION DRUG,true
62135-691,Rosuvastain Calcium,Rosuvastain Calcium,"Tablet, Film Coated",Oral,10,mg/1,HEART,HEART,HMG-CoA Reductase Inhibitor,HUMAN PRESCRIPTION DRUG,true
62135-692,Rosuvastain Calcium,Rosuvastain Calcium,"Tablet, Film Coated",Oral,20,mg/1,HEART,HEART,HMG-CoA Reductase Inhibitor,HUMAN PRESCRIPTION DRUG,true
62135-693,Rosuvastain Calcium,Rosuvastain Calcium,"Tablet, Film Coated",Oral,40,mg/1,HEART,HEART,HMG-CoA Reductase Inhibitor,HUMAN PRESCRIPTION DRUG,true
62135-690,Rosuvastain Calcium,Rosuvastain Calcium,"Tablet, Film Coated",Oral,5,mg/1,HEART,HEART,HMG-CoA Reductase Inhibitor,HUMAN PRESCRIPTION DRUG,true
0310-7570,Rosuvastatin,Crestor,"Tablet, Film Coated",Oral,10,mg/1,HEART,HEART,HMG-CoA Reductase Inhibitor,HUMAN PRESCRIPTION DRUG,true
11788-131,Rosuvastatin,Rosuvastatin,"Tablet, Coated",Oral,10,mg/1,HEART,HEART,HMG-CoA Reductase Inhibitor,HUMAN PRESCRIPTION DRUG,true
33342-262,Rosuvastatin,Rosuvastatin,Tablet,Oral,10,mg/1,HEART,HEART,HMG-CoA Reductase Inhibitor,HUMAN PRESCRIPTION DRUG,true
0310-7580,Rosuvastatin,Crestor,"Tablet, Film Coated",Oral,20,mg/1,HEART,HEART,HMG-CoA Reductase Inhibitor,HUMAN PRESCRIPTION DRUG,true
11788-132,Rosuvastatin,Rosuvastatin,"Tablet, Coated",Oral,20,mg/1,HEART,HEART,HMG-CoA Reductase Inhibitor,HUMAN PRESCRIPTION DRUG,true
33342-263,Rosuvastatin,Rosuvastatin,Tablet,Oral,20,mg/1,HEART,HEART,HMG-CoA Reductase Inhibitor,HUMAN PRESCRIPTION DRUG,true
0310-7590,Rosuvastatin,Crestor,"Tablet, Film Coated",Oral,40,mg/1,HEART,HEART,HMG-CoA Reductase Inhibitor,HUMAN PRESCRIPTION DRUG,true
11788-133,Rosuvastatin,Rosuvastatin,"Tablet, Coated",Oral,40,mg/1,HEART,HEART,HMG-CoA Reductase Inhibitor,HUMAN PRESCRIPTION DRUG,true
33342-264,Rosuvastatin,Rosuvastatin,Tablet,Oral,40,mg/1,HEART,HEART,HMG-CoA Reductase Inhibitor,HUMAN PRESCRIPTION DRUG,true
0310-7560,Rosuvastatin,Crestor,"Tablet, Film Coated",Oral,5,mg/1,HEART,HEART,HMG-CoA Reductase Inhibitor,HUMAN PRESCRIPTION DRUG,true
11788-130,Rosuvastatin,Rosuvastatin,"Tablet, Coated",Oral,5,mg/1,HEART,HEART,HMG-CoA Reductase Inhibitor,HUMAN PRESCRIPTION DRUG,true
33342-261,Rosuvastatin,Rosuvastatin,Tablet,Oral,5,mg/1,HEART,HEART,HMG-CoA Reductase Inhibitor,HUMAN PRESCRIPTION DRUG,true
0615-8533,Rosuvastatin Calcium,Rosuvastatin Calcium,"Tablet, Film Coated",Oral,10,mg/1,HEART,HEART,HMG-CoA Reductase Inhibitor,HUMAN PRESCRIPTION DRUG,true
13668-180,Rosuvastatin Calcium,Rosuvastatin Calcium,"Tablet, Coated",Oral,10,mg/1,HEART,HEART,HMG-CoA Reductase Inhibitor,HUMAN PRESCRIPTION DRUG,true
13668-721,Rosuvastatin Calcium,Rosuvastatin Calcium,Tablet,Oral,10,mg/1,HEART,HEART,HMG-CoA Reductase Inhibitor,HUMAN PRESCRIPTION DRUG,true
0615-8534,Rosuvastatin Calcium,Rosuvastatin Calcium,"Tablet, Film Coated",Oral,20,mg/1,HEART,HEART,HMG-CoA Reductase Inhibitor,HUMAN PRESCRIPTION DRUG,true
13668-181,Rosuvastatin Calcium,Rosuvastatin Calcium,"Tablet, Coated",Oral,20,mg/1,HEART,HEART,HMG-CoA Reductase Inhibitor,HUMAN PRESCRIPTION DRUG,true
13668-722,Rosuvastatin Calcium,Rosuvastatin Calcium,Tablet,Oral,20,mg/1,HEART,HEART,HMG-CoA Reductase Inhibitor,HUMAN PRESCRIPTION DRUG,true
0615-8535,Rosuvastatin Calcium,Rosuvastatin Calcium,"Tablet, Film Coated",Oral,40,mg/1,HEART,HEART,HMG-CoA Reductase Inhibitor,HUMAN PRESCRIPTION DRUG,true
13668-182,Rosuvastatin Calcium,Rosuvastatin Calcium,"Tablet, Coated",Oral,40,mg/1,HEART,HEART,HMG-CoA Reductase Inhibitor,HUMAN PRESCRIPTION DRUG,true
13668-723,Rosuvastatin Calcium,Rosuvastatin Calcium,Tablet,Oral,40,mg/1,HEART,HEART,HMG-CoA Reductase Inhibitor,HUMAN PRESCRIPTION DRUG,true
0615-8532,Rosuvastatin Calcium,Rosuvastatin Calcium,"Tablet, Film Coated",Oral,5,mg/1,HEART,HEART,HMG-CoA Reductase Inhibitor,HUMAN PRESCRIPTION DRUG,true
13668-179,Rosuvastatin Calcium,Rosuvastatin Calcium,"Tablet, Coated",Oral,5,mg/1,HEART,HEART,HMG-CoA Reductase Inhibitor,HUMAN PRESCRIPTION DRUG,true
13668-720,Rosuvastatin Calcium,Rosuvastatin Calcium,Tablet,Oral,5,mg/1,HEART,HEART,HMG-CoA Reductase Inhibitor,HUMAN PRESCRIPTION DRUG,true
70756-054,Rosuvstatin,Rosuvstatin,"Tablet, Film Coated",Oral,10,mg/1,HEART,HEART,HMG-CoA Reductase Inhibitor,HUMAN PRESCRIPTION DRUG,true
70756-055,Rosuvstatin,Rosuvstatin,"Tablet, Film Coated",Oral,20,mg/1,HEART,HEART,HMG-CoA Reductase Inhibitor,HUMAN PRESCRIPTION DRUG,true
70756-056,Rosuvstatin,Rosuvstatin,"Tablet, Film Coated",Oral,40,mg/1,HEART,HEART,HMG-CoA Reductase Inhibitor,HUMAN PRESCRIPTION DRUG,true
70756-053,Rosuvstatin,Rosuvstatin,"Tablet, Film Coated",Oral,5,mg/1,HEART,HEART,HMG-CoA Reductase Inhibitor,HUMAN PRESCRIPTION DRUG,true
0615-7992,Simvastatin,Simvastatin,"Tablet, Film Coated",Oral,10,mg/1,HEART,HEART,HMG-CoA Reductase Inhibitor,HUMAN PRESCRIPTION DRUG,true
0615-7993,Simvastatin,Simvastatin,"Tablet, Film Coated",Oral,20,mg/1,HEART,HEART,HMG-CoA Reductase Inhibitor,HUMAN PRESCRIPTION DRUG,true
0615-8056,Simvastatin,Simvastatin,"Tablet, Film Coated",Oral,40,mg/1,HEART,HEART,HMG-CoA Reductase Inhibitor,HUMAN PRESCRIPTION DRUG,true
16714-681,Simvastatin,Simvastatin,"Tablet, Film Coated",Oral,5,mg/1,HEART,HEART,HMG-CoA Reductase Inhibitor,HUMAN PRESCRIPTION DRUG,true
16714-685,Simvastatin,Simvastatin,"Tablet, Film Coated",Oral,80,mg/1,HEART,HEART,HMG-CoA Reductase Inhibitor,HUMAN PRESCRIPTION DRUG,true
0093-1060,Sotalol Hydrochloride,Sotalol Hydrochloride,Tablet,Oral,120,mg/1,HEART,HEART,Antiarrhythmic,HUMAN PRESCRIPTION DRUG,true
69724-112,Sotalol Hydrochloride,Sotalol Hydrochloride,Injection,Intravenous,15,mg/mL,HEART,HEART,Antiarrhythmic,HUMAN PRESCRIPTION DRUG,true
0093-1062,Sotalol Hydrochloride,Sotalol Hydrochloride,Tablet,Oral,160,mg/1,HEART,HEART,Antiarrhythmic,HUMAN PRESCRIPTION DRUG,true
0093-1063,Sotalol Hydrochloride,Sotalol Hydrochloride,Tablet,Oral,240,mg/1,HEART,HEART,Antiarrhythmic,HUMAN PRESCRIPTION DRUG,true
24338-530,Sotalol Hydrochloride,Sotylize,Solution,Oral,5,mg/mL,HEART,HEART,Antiarrhythmic,HUMAN PRESCRIPTION DRUG,true
0093-1061,Sotalol Hydrochloride,Sotalol Hydrochloride,Tablet,Oral,80,mg/1,HEART,HEART,Antiarrhythmic,HUMAN PRESCRIPTION DRUG,true
0186-0776,Ticagrelor,Brilinta,Tablet,Oral,60,mg/1,HEART,HEART,P2Y12 Platelet Inhibitor,HUMAN PRESCRIPTION DRUG,true
0378-2214,Ticagrelor,Ticagrelor,"Tablet, Film Coated",Oral,60,mg/1,HEART,HEART,P2Y12 Platelet Inhibitor,HUMAN PRESCRIPTION DRUG,true
0186-0777,Ticagrelor,Brilinta,Tablet,Oral,90,mg/1,HEART,HEART,P2Y12 Platelet Inhibitor,HUMAN PRESCRIPTION DRUG,true
0378-2215,Ticagrelor,Ticagrelor,"Tablet, Film Coated",Oral,90,mg/1,HEART,HEART,P2Y12 Platelet Inhibitor,HUMAN PRESCRIPTION DRUG,true
55150-430,Tirofiban,Tirofiban,"Injection, Solution",Intravenous,12.5,mg/250mL,HEART,HEART,Platelet Aggregation Inhibitor,HUMAN PRESCRIPTION DRUG,true
25208-001,Tirofiban,Aggrastat,"Injection, Solution",Intravenous,3.75,mg/15mL,HEART,HEART,Platelet Aggregation Inhibitor,HUMAN PRESCRIPTION DRUG,true
25208-002,Tirofiban,Aggrastat,"Injection, Solution",Intravenous,5,mg/100mL,HEART,HEART,Platelet Aggregation Inhibitor,HUMAN PRESCRIPTION DRUG,true
65162-761,Warfarin,Warfarin Sodium,Tablet,Oral,1,mg/1,HEART,HEART|VITAMINS,Vitamin K Antagonist,HUMAN PRESCRIPTION DRUG,true
43353-054,Warfarin,Warfarin Sodium,Tablet,Oral,10,mg/1,HEART,HEART|VITAMINS,Vitamin K Antagonist,HUMAN PRESCRIPTION DRUG,true
43353-021,Warfarin,Warfarin Sodium,Tablet,Oral,2,mg/1,HEART,HEART|VITAMINS,Vitamin K Antagonist,HUMAN PRESCRIPTION DRUG,true
43353-029,Warfarin,Warfarin Sodium,Tablet,Oral,2.5,mg/1,HEART,HEART|VITAMINS,Vitamin K Antagonist,HUMAN PRESCRIPTION DRUG,true
43353-030,Warfarin,Warfarin Sodium,Tablet,Oral,3,mg/1,HEART,HEART|VITAMINS,Vitamin K Antagonist,HUMAN PRESCRIPTION DRUG,true
43353-033,Warfarin,Warfarin Sodium,Tablet,Oral,4,mg/1,HEART,HEART|VITAMINS,Vitamin K Antagonist,HUMAN PRESCRIPTION DRUG,true
43353-023,Warfarin,Warfarin Sodium,Tablet,Oral,5,mg/1,HEART,HEART|VITAMINS,Vitamin K Antagonist,HUMAN PRESCRIPTION DRUG,true
50090-2617,Warfarin,Warfarin Sodium,Tablet,Oral,6,mg/1,HEART,HEART|VITAMINS,Vitamin K Antagonist,HUMAN PRESCRIPTION DRUG,true
43353-053,Warfarin,Warfarin Sodium,Tablet,Oral,7.5,mg/1,HEART,HEART|VITAMINS,Vitamin K Antagonist,HUMAN PRESCRIPTION DRUG,true
0093-1712,Warfarin Sodium,Warfarin Sodium,Tablet,Oral,1,mg/1,HEART,HEART|VITAMINS,Vitamin K Antagonist,HUMAN PRESCRIPTION DRUG,true
0093-1720,Warfarin Sodium,Warfarin Sodium,Tablet,Oral,10,mg/1,HEART,HEART|VITAMINS,Vitamin K Antagonist,HUMAN PRESCRIPTION DRUG,true
0093-1713,Warfarin Sodium,Warfarin Sodium,Tablet,Oral,2,mg/1,HEART,HEART|VITAMINS,Vitamin K Antagonist,HUMAN PRESCRIPTION DRUG,true
0093-1714,Warfarin Sodium,Warfarin Sodium,Tablet,Oral,2.5,mg/1,HEART,HEART|VITAMINS,Vitamin K Antagonist,HUMAN PRESCRIPTION DRUG,true
0093-1715,Warfarin Sodium,Warfarin Sodium,Tablet,Oral,3,mg/1,HEART,HEART|VITAMINS,Vitamin K Antagonist,HUMAN PRESCRIPTION DRUG,true
0093-1716,Warfarin Sodium,Warfarin Sodium,Tablet,Oral,4,mg/1,HEART,HEART|VITAMINS,Vitamin K Antagonist,HUMAN PRESCRIPTION DRUG,true
0093-1721,Warfarin Sodium,Warfarin Sodium,Tablet,Oral,5,mg/1,HEART,HEART|VITAMINS,Vitamin K Antagonist,HUMAN PRESCRIPTION DRUG,true
0093-1718,Warfarin Sodium,Warfarin Sodium,Tablet,Oral,6,mg/1,HEART,HEART|VITAMINS,Vitamin K Antagonist,HUMAN PRESCRIPTION DRUG,true
0093-1723,Warfarin Sodium,Warfarin Sodium,Tablet,Oral,7.5,mg/1,HEART,HEART|VITAMINS,Vitamin K Antagonist,HUMAN PRESCRIPTION DRUG,true
51662-1622,Xylocaine,Xylocaine,"Injection, Solution",Infiltration,.01,mg/mL,HEART,HEART,"Amide Local Anesthetic, Antiarrhythmic, Catecholamine, alpha-Adrenergic Agonist, beta-Adrenergic Agonist",HUMAN PRESCRIPTION DRUG,true
51662-1591,Xylocaine,Xylocaine,"Injection, Solution",Infiltration,10,mg/mL,HEART,HEART,"Amide Local Anesthetic, Antiarrhythmic",HUMAN PRESCRIPTION DRUG,true
51662-1590,Xylocaine,Xylocaine,"Injection, Solution",Infiltration,20,mg/mL,HEART,HEART,"Amide Local Anesthetic, Antiarrhythmic",HUMAN PRESCRIPTION DRUG,true
17089-349,1,Guna-geriatrics,Solution/ Drops,Oral,3,[hp_X]/30mL,THYROID,THYROID,"Adrenocorticotropic Hormone, Oxytocic, Thyroid Stimulating Hormone, l-Thyroxine",HUMAN OTC DRUG,false
70539-001,Abaloparatide,Tymlos,"Injection, Solution",Subcutaneous,3.12,mg/1.56mL,THYROID,THYROID,Parathyroid Hormone-Related Peptide Analog,HUMAN PRESCRIPTION DRUG,true
63479-1808,Adenosine Triphosphate,R08,Solution/ Drops,Sublingual,5,[hp_C]/mL,THYROID,THYROID,"Non-Standardized Food Allergenic Extract, Non-Standardized Plant Allergenic Extract, l-Thyroxine",HUMAN OTC DRUG,false
63479-1806,Adenosine Triphosphate,R06,Solution/ Drops,Sublingual,6,[hp_C]/mL,THYROID,THYROID,"l-Thyroxine, l-Triiodothyronine",HUMAN OTC DRUG,false
17089-462,Aesculus Hippocastanum - Apis Mellifera - Calendula Officinalis Flower - Hexaketocyclohexane - Equisetum Hyemale - Fumaric Acid - Graphite - Hydrastis Canadensis - Hydrocotyle Asiatica - Juglans Regia - Levothyroxine - Magnesium Phosphate - Malic Acid - Myosotis Arvensis - Phytolacca Americana Root - Sarsaparilla - Sodium Diethyl Oxalacetate - Sodium Pyruvate - Sus Scrofa Placenta - Taraxacum Officinale -,Guna Lympho Detox,Solution/ Drops,Oral,8,[hp_X]/30mL,THYROID,THYROID,"Calculi Dissolution Agent, Osmotic Laxative, Standardized Insect Venom Allergenic Extract, l-Thyroxine",HUMAN OTC DRUG,false
17089-291,Apis Mellifera - Calendula Officinalis Flower - Centella Asiatica - Dodecahydroxycyclohexane Dihydrate - Equisetum Hyemale - Fumaric Acid - Goldenseal - Graphite - Juglans Regia Leaf - Levothyroxine - Magnesium Phosphate - Malic Acid - Myosotis Arvensis - Phytolacca Americana Root - Sarsaparilla - Sodium Diethyl Oxalacetate - Sodium Pyruvate - Sus Scrofa Capillary Tissue - Sus Scrofa Small Intestine Mucosa Lymph Follicle - Sus Scrofa Vein - Taraxacum Officinale -,Guna-lympho,Solution/ Drops,Oral,8,[hp_X]/30mL,THYROID,THYROID,"Calculi Dissolution Agent, Osmotic Laxative, Standardized Insect Venom Allergenic Extract, l-Thyroxine",HUMAN OTC DRUG,false
17089-350,Betaine - Bufo Bufo Cutaneous Gland - Calcium Carbonate - Chromic Sulfate - Cicuta Virosa Root - Copper - Folic Acid - Gold - Cobalamin - Iron - Lachesis Muta Venom - Melatonin - Molybdenum - Neurotrophin-3 - Neurotrophin-4 - Oxytocin - Silicon Dioxide - SUS Scrofa Frontal Lobe - SUS Scrofa Temporal Lobe - Thyrotropin Alfa - Ubidecarenone - Vanadium - Zinc - Brain-derived Neurotrophic Factor Human -,Guna-awareness,Solution/ Drops,Oral,12,[hp_X]/30mL,THYROID,THYROID|VITAMINS,"Blood Coagulation Factor, Copper-containing Intrauterine Device, Methylating Agent, Oxytocic, Phosphate Binder, Standardized Chemical Allergen, Thyroid Stimulating Hormone",HUMAN OTC DRUG,false
42192-329,Levothyroxine,NP Thyroid 30,Tablet,Oral,19,ug/1,THYROID,THYROID,"l-Thyroxine, l-Triiodothyronine",HUMAN PRESCRIPTION DRUG,true
42192-327,Levothyroxine,NP Thyroid 15,Tablet,Oral,2.25,ug/1,THYROID,THYROID,"l-Thyroxine, l-Triiodothyronine",HUMAN PRESCRIPTION DRUG,true
42192-330,Levothyroxine,NP Thyroid 60,Tablet,Oral,38,ug/1,THYROID,THYROID,"l-Thyroxine, l-Triiodothyronine",HUMAN PRESCRIPTION DRUG,true
72189-218,Levothyroxine,NP Thyroid,Tablet,Oral,4.5,ug/1,THYROID,THYROID,"l-Thyroxine, l-Triiodothyronine",HUMAN PRESCRIPTION DRUG,true
42192-331,Levothyroxine,NP Thyroid 90,Tablet,Oral,57,ug/1,THYROID,THYROID,"l-Thyroxine, l-Triiodothyronine",HUMAN PRESCRIPTION DRUG,true
42192-328,Levothyroxine,NP Thyroid 120,Tablet,Oral,76,ug/1,THYROID,THYROID,"l-Thyroxine, l-Triiodothyronine",HUMAN PRESCRIPTION DRUG,true
63629-8265,Levothyroxine,NP Thyroid 15,Tablet,Oral,9.5,ug/1,THYROID,THYROID,"l-Thyroxine, l-Triiodothyronine",HUMAN PRESCRIPTION DRUG,true
64950-175,Levothyroxine And Liothyronine,RenThyroid,Tablet,Oral,114,ug/1,THYROID,THYROID,"l-Thyroxine, l-Triiodothyronine",HUMAN PRESCRIPTION DRUG,true
64950-171,Levothyroxine And Liothyronine,RenThyroid,Tablet,Oral,19,ug/1,THYROID,THYROID,"l-Thyroxine, l-Triiodothyronine",HUMAN PRESCRIPTION DRUG,true
64950-179,Levothyroxine And Liothyronine,RenThyroid,Tablet,Oral,28.5,ug/1,THYROID,THYROID,"l-Thyroxine, l-Triiodothyronine",HUMAN PRESCRIPTION DRUG,true
64950-172,Levothyroxine And Liothyronine,RenThyroid,Tablet,Oral,38,ug/1,THYROID,THYROID,"l-Thyroxine, l-Triiodothyronine",HUMAN PRESCRIPTION DRUG,true
64950-180,Levothyroxine And Liothyronine,RenThyroid,Tablet,Oral,47.5,ug/1,THYROID,THYROID,"l-Thyroxine, l-Triiodothyronine",HUMAN PRESCRIPTION DRUG,true
64950-173,Levothyroxine And Liothyronine,RenThyroid,Tablet,Oral,57,ug/1,THYROID,THYROID,"l-Thyroxine, l-Triiodothyronine",HUMAN PRESCRIPTION DRUG,true
64950-174,Levothyroxine And Liothyronine,RenThyroid,Tablet,Oral,76,ug/1,THYROID,THYROID,"l-Thyroxine, l-Triiodothyronine",HUMAN PRESCRIPTION DRUG,true
64950-170,Levothyroxine And Liothyronine,RenThyroid,Tablet,Oral,9.5,ug/1,THYROID,THYROID,"l-Thyroxine, l-Triiodothyronine",HUMAN PRESCRIPTION DRUG,true
72189-202,Levothyroxine Liothyronine,NP Thyroid 60,Tablet,Oral,9,ug/1,THYROID,THYROID,"l-Thyroxine, l-Triiodothyronine",HUMAN PRESCRIPTION DRUG,true
0615-8573,Levothyroxine Sodium,Levothyroxine Sodium,Tablet,Oral,.025,mg/1,THYROID,THYROID,l-Thyroxine,HUMAN PRESCRIPTION DRUG,true
0615-8574,Levothyroxine Sodium,Levothyroxine Sodium,Tablet,Oral,.05,mg/1,THYROID,THYROID,l-Thyroxine,HUMAN PRESCRIPTION DRUG,true
0615-8597,Levothyroxine Sodium,Levothyroxine Sodium,Tablet,Oral,.075,mg/1,THYROID,THYROID,l-Thyroxine,HUMAN PRESCRIPTION DRUG,true
0615-8598,Levothyroxine Sodium,Levothyroxine Sodium,Tablet,Oral,.088,mg/1,THYROID,THYROID,l-Thyroxine,HUMAN PRESCRIPTION DRUG,true
0615-8599,Levothyroxine Sodium,Levothyroxine Sodium,Tablet,Oral,.1,mg/1,THYROID,THYROID,l-Thyroxine,HUMAN PRESCRIPTION DRUG,true
0615-8600,Levothyroxine Sodium,Levothyroxine Sodium,Tablet,Oral,.112,mg/1,THYROID,THYROID,l-Thyroxine,HUMAN PRESCRIPTION DRUG,true
0615-8575,Levothyroxine Sodium,Levothyroxine Sodium,Tablet,Oral,.125,mg/1,THYROID,THYROID,l-Thyroxine,HUMAN PRESCRIPTION DRUG,true
0615-8649,Levothyroxine Sodium,Levothyroxine Sodium,Tablet,Oral,.137,mg/1,THYROID,THYROID,l-Thyroxine,HUMAN PRESCRIPTION DRUG,true
0615-8650,Levothyroxine Sodium,Levothyroxine Sodium,Tablet,Oral,.15,mg/1,THYROID,THYROID,l-Thyroxine,HUMAN PRESCRIPTION DRUG,true
0615-8651,Levothyroxine Sodium,Levothyroxine Sodium,Tablet,Oral,.175,mg/1,THYROID,THYROID,l-Thyroxine,HUMAN PRESCRIPTION DRUG,true
31722-294,Levothyroxine Sodium,Levothyroxine Sodium,Tablet,Oral,.2,mg/1,THYROID,THYROID,l-Thyroxine,HUMAN PRESCRIPTION DRUG,true
31722-295,Levothyroxine Sodium,Levothyroxine Sodium,Tablet,Oral,.3,mg/1,THYROID,THYROID,l-Thyroxine,HUMAN PRESCRIPTION DRUG,true
0074-6624,Levothyroxine Sodium,Synthroid,Tablet,Oral,100,ug/1,THYROID,THYROID,l-Thyroxine,HUMAN PRESCRIPTION DRUG,true
24201-002,Levothyroxine Sodium,Levothyroxine Sodium,"Injection, Solution",Intravenous,100,ug/mL,THYROID,THYROID,l-Thyroxine,HUMAN PRESCRIPTION DRUG,true
66794-200,Levothyroxine Sodium,Levothyroxine Sodium,Injection,Intravenous,100,ug/5mL,THYROID,THYROID,l-Thyroxine,HUMAN PRESCRIPTION DRUG,true
70710-1833,Levothyroxine Sodium,Levothyroxine Sodium,"Injection, Powder, Lyophilized, FOR Solution",Intravenous,100,ug/5mL,THYROID,THYROID,l-Thyroxine,HUMAN PRESCRIPTION DRUG,true
71858-0030,Levothyroxine Sodium,Tirosint,Capsule,Oral,100,ug/1,THYROID,THYROID,l-Thyroxine,HUMAN PRESCRIPTION DRUG,true
71858-0130,Levothyroxine Sodium,Tirosint,Solution,Oral,100,ug/mL,THYROID,THYROID,l-Thyroxine,HUMAN PRESCRIPTION DRUG,true
82685-360,Levothyroxine Sodium,Thyquidity,Solution,Oral,100,ug/5mL,THYROID,THYROID,l-Thyroxine,HUMAN PRESCRIPTION DRUG,true
0074-9296,Levothyroxine Sodium,Synthroid,Tablet,Oral,112,ug/1,THYROID,THYROID,l-Thyroxine,HUMAN PRESCRIPTION DRUG,true
71858-0035,Levothyroxine Sodium,Tirosint,Capsule,Oral,112,ug/1,THYROID,THYROID,l-Thyroxine,HUMAN PRESCRIPTION DRUG,true
71858-0135,Levothyroxine Sodium,Tirosint,Solution,Oral,112,ug/mL,THYROID,THYROID,l-Thyroxine,HUMAN PRESCRIPTION DRUG,true
0074-7068,Levothyroxine Sodium,Synthroid,Tablet,Oral,125,ug/1,THYROID,THYROID,l-Thyroxine,HUMAN PRESCRIPTION DRUG,true
71858-0040,Levothyroxine Sodium,Tirosint,Capsule,Oral,125,ug/1,THYROID,THYROID,l-Thyroxine,HUMAN PRESCRIPTION DRUG,true
71858-0140,Levothyroxine Sodium,Tirosint,Solution,Oral,125,ug/mL,THYROID,THYROID,l-Thyroxine,HUMAN PRESCRIPTION DRUG,true
71858-0005,Levothyroxine Sodium,Tirosint,Capsule,Oral,13,ug/1,THYROID,THYROID,l-Thyroxine,HUMAN PRESCRIPTION DRUG,true
71858-0105,Levothyroxine Sodium,Tirosint,Solution,Oral,13,ug/mL,THYROID,THYROID,l-Thyroxine,HUMAN PRESCRIPTION DRUG,true
0074-3727,Levothyroxine Sodium,Synthroid,Tablet,Oral,137,ug/1,THYROID,THYROID,l-Thyroxine,HUMAN PRESCRIPTION DRUG,true
71858-0045,Levothyroxine Sodium,Tirosint,Capsule,Oral,137,ug/1,THYROID,THYROID,l-Thyroxine,HUMAN PRESCRIPTION DRUG,true
71858-0145,Levothyroxine Sodium,Tirosint,Solution,Oral,137,ug/mL,THYROID,THYROID,l-Thyroxine,HUMAN PRESCRIPTION DRUG,true
0074-7069,Levothyroxine Sodium,Synthroid,Tablet,Oral,150,ug/1,THYROID,THYROID,l-Thyroxine,HUMAN PRESCRIPTION DRUG,true
71858-0050,Levothyroxine Sodium,Tirosint,Capsule,Oral,150,ug/1,THYROID,THYROID,l-Thyroxine,HUMAN PRESCRIPTION DRUG,true
71858-0150,Levothyroxine Sodium,Tirosint,Solution,Oral,150,ug/mL,THYROID,THYROID,l-Thyroxine,HUMAN PRESCRIPTION DRUG,true
0074-7070,Levothyroxine Sodium,Synthroid,Tablet,Oral,175,ug/1,THYROID,THYROID,l-Thyroxine,HUMAN PRESCRIPTION DRUG,true
71858-0055,Levothyroxine Sodium,Tirosint,Capsule,Oral,175,ug/1,THYROID,THYROID,l-Thyroxine,HUMAN PRESCRIPTION DRUG,true
71858-0155,Levothyroxine Sodium,Tirosint,Solution,Oral,175,ug/mL,THYROID,THYROID,l-Thyroxine,HUMAN PRESCRIPTION DRUG,true
63323-885,Levothyroxine Sodium,Levothyroxine Sodium,"Injection, Solution",Intravenous,20,ug/mL,THYROID,THYROID,l-Thyroxine,HUMAN PRESCRIPTION DRUG,true
0074-7148,Levothyroxine Sodium,Synthroid,Tablet,Oral,200,ug/1,THYROID,THYROID,l-Thyroxine,HUMAN PRESCRIPTION DRUG,true
70710-1834,Levothyroxine Sodium,Levothyroxine Sodium,"Injection, Powder, Lyophilized, FOR Solution",Intravenous,200,ug/5mL,THYROID,THYROID,l-Thyroxine,HUMAN PRESCRIPTION DRUG,true
71858-0060,Levothyroxine Sodium,Tirosint,Capsule,Oral,200,ug/1,THYROID,THYROID,l-Thyroxine,HUMAN PRESCRIPTION DRUG,true
71858-0160,Levothyroxine Sodium,Tirosint,Solution,Oral,200,ug/mL,THYROID,THYROID,l-Thyroxine,HUMAN PRESCRIPTION DRUG,true
0074-4341,Levothyroxine Sodium,Synthroid,Tablet,Oral,25,ug/1,THYROID,THYROID,l-Thyroxine,HUMAN PRESCRIPTION DRUG,true
71858-0010,Levothyroxine Sodium,Tirosint,Capsule,Oral,25,ug/1,THYROID,THYROID,l-Thyroxine,HUMAN PRESCRIPTION DRUG,true
71858-0110,Levothyroxine Sodium,Tirosint,Solution,Oral,25,ug/mL,THYROID,THYROID,l-Thyroxine,HUMAN PRESCRIPTION DRUG,true
0074-7149,Levothyroxine Sodium,Synthroid,Tablet,Oral,300,ug/1,THYROID,THYROID,l-Thyroxine,HUMAN PRESCRIPTION DRUG,true
71858-0012,Levothyroxine Sodium,Tirosint,Capsule,Oral,37.5,ug/1,THYROID,THYROID,l-Thyroxine,HUMAN PRESCRIPTION DRUG,true
71858-0112,Levothyroxine Sodium,Tirosint,Solution,Oral,37.5,ug/mL,THYROID,THYROID,l-Thyroxine,HUMAN PRESCRIPTION DRUG,true
63323-890,Levothyroxine Sodium,Levothyroxine Sodium,"Injection, Solution",Intravenous,40,ug/mL,THYROID,THYROID,l-Thyroxine,HUMAN PRESCRIPTION DRUG,true
71858-0013,Levothyroxine Sodium,Tirosint,Capsule,Oral,44,ug/1,THYROID,THYROID,l-Thyroxine,HUMAN PRESCRIPTION DRUG,true
71858-0113,Levothyroxine Sodium,Tirosint,Solution,Oral,44,ug/mL,THYROID,THYROID,l-Thyroxine,HUMAN PRESCRIPTION DRUG,true
0074-4552,Levothyroxine Sodium,Synthroid,Tablet,Oral,50,ug/1,THYROID,THYROID,l-Thyroxine,HUMAN PRESCRIPTION DRUG,true
71858-0015,Levothyroxine Sodium,Tirosint,Capsule,Oral,50,ug/1,THYROID,THYROID,l-Thyroxine,HUMAN PRESCRIPTION DRUG,true
71858-0115,Levothyroxine Sodium,Tirosint,Solution,Oral,50,ug/mL,THYROID,THYROID,l-Thyroxine,HUMAN PRESCRIPTION DRUG,true
66794-201,Levothyroxine Sodium,Levothyroxine Sodium,Injection,Intravenous,500,ug/5mL,THYROID,THYROID,l-Thyroxine,HUMAN PRESCRIPTION DRUG,true
70710-1835,Levothyroxine Sodium,Levothyroxine Sodium,"Injection, Powder, Lyophilized, FOR Solution",Intravenous,500,ug/5mL,THYROID,THYROID,l-Thyroxine,HUMAN PRESCRIPTION DRUG,true
71858-0017,Levothyroxine Sodium,Tirosint,Capsule,Oral,62.5,ug/1,THYROID,THYROID,l-Thyroxine,HUMAN PRESCRIPTION DRUG,true
71858-0117,Levothyroxine Sodium,Tirosint,Solution,Oral,62.5,ug/mL,THYROID,THYROID,l-Thyroxine,HUMAN PRESCRIPTION DRUG,true
0074-5182,Levothyroxine Sodium,Synthroid,Tablet,Oral,75,ug/1,THYROID,THYROID,l-Thyroxine,HUMAN PRESCRIPTION DRUG,true
71858-0020,Levothyroxine Sodium,Tirosint,Capsule,Oral,75,ug/1,THYROID,THYROID,l-Thyroxine,HUMAN PRESCRIPTION DRUG,true
71858-0120,Levothyroxine Sodium,Tirosint,Solution,Oral,75,ug/mL,THYROID,THYROID,l-Thyroxine,HUMAN PRESCRIPTION DRUG,true
0074-6594,Levothyroxine Sodium,Synthroid,Tablet,Oral,88,ug/1,THYROID,THYROID,l-Thyroxine,HUMAN PRESCRIPTION DRUG,true
71858-0025,Levothyroxine Sodium,Tirosint,Capsule,Oral,88,ug/1,THYROID,THYROID,l-Thyroxine,HUMAN PRESCRIPTION DRUG,true
71858-0125,Levothyroxine Sodium,Tirosint,Solution,Oral,88,ug/mL,THYROID,THYROID,l-Thyroxine,HUMAN PRESCRIPTION DRUG,true
25021-468,Levothyroxine Sodium Anhydrous,Levothyroxine Sodium,"Injection, Powder, Lyophilized, FOR Solution",Intravenous,100,ug/5mL,THYROID,THYROID,l-Thyroxine,HUMAN PRESCRIPTION DRUG,true
25021-469,Levothyroxine Sodium Anhydrous,Levothyroxine Sodium,"Injection, Powder, Lyophilized, FOR Solution",Intravenous,200,ug/5mL,THYROID,THYROID,l-Thyroxine,HUMAN PRESCRIPTION DRUG,true
25021-470,Levothyroxine Sodium Anhydrous,Levothyroxine Sodium,"Injection, Powder, Lyophilized, FOR Solution",Intravenous,500,ug/5mL,THYROID,THYROID,l-Thyroxine,HUMAN PRESCRIPTION DRUG,true
39822-0151,Liothyronine Sodium,Liothyronine Sodium,"Injection, Solution",Intravenous,10,ug/mL,THYROID,THYROID,l-Triiodothyronine,HUMAN PRESCRIPTION DRUG,true
0093-2178,Liothyronine Sodium,Liothyronine Sodium,Tablet,Oral,25,ug/1,THYROID,THYROID,l-Triiodothyronine,HUMAN PRESCRIPTION DRUG,true
0093-2179,Liothyronine Sodium,Liothyronine Sodium,Tablet,Oral,5,ug/1,THYROID,THYROID,l-Triiodothyronine,HUMAN PRESCRIPTION DRUG,true
0093-2180,Liothyronine Sodium,Liothyronine Sodium,Tablet,Oral,50,ug/1,THYROID,THYROID,l-Triiodothyronine,HUMAN PRESCRIPTION DRUG,true
0832-6073,Methimazole,Methimazole,Tablet,Oral,10,mg/1,THYROID,THYROID,Thyroid Hormone Synthesis Inhibitor,HUMAN PRESCRIPTION DRUG,true
0832-6072,Methimazole,Methimazole,Tablet,Oral,5,mg/1,THYROID,THYROID,Thyroid Hormone Synthesis Inhibitor,HUMAN PRESCRIPTION DRUG,true
73362-100,Palopegteriparatide,Yorvipath,"Injection, Solution",Subcutaneous,168,ug/.56mL,THYROID,THYROID,Parathyroid Hormone Analog,HUMAN PRESCRIPTION DRUG,true
73362-101,Palopegteriparatide,Yorvipath,"Injection, Solution",Subcutaneous,294,ug/.98mL,THYROID,THYROID,Parathyroid Hormone Analog,HUMAN PRESCRIPTION DRUG,true
73362-102,Palopegteriparatide,Yorvipath,"Injection, Solution",Subcutaneous,420,ug/1.4mL,THYROID,THYROID,Parathyroid Hormone Analog,HUMAN PRESCRIPTION DRUG,true
0480-9242,Propylthiouracil,Propylthiouracil,Tablet,Oral,50,mg/1,THYROID,THYROID,Thyroid Hormone Synthesis Inhibitor,HUMAN PRESCRIPTION DRUG,true
82576-100,Resmetirom,Rezdiffra,"Tablet, Coated",Oral,100,mg/1,THYROID,THYROID,Thyroid Hormone Receptor beta Agonist,HUMAN PRESCRIPTION DRUG,true
82576-060,Resmetirom,Rezdiffra,"Tablet, Coated",Oral,60,mg/1,THYROID,THYROID,Thyroid Hormone Receptor beta Agonist,HUMAN PRESCRIPTION DRUG,true
82576-080,Resmetirom,Rezdiffra,"Tablet, Coated",Oral,80,mg/1,THYROID,THYROID,Thyroid Hormone Receptor beta Agonist,HUMAN PRESCRIPTION DRUG,true
43742-2047,Sarcolacticum Acidum,Energize,Tablet,Oral,3,[hp_X]/1,THYROID,THYROID,"Corticosteroid, l-Triiodothyronine",HUMAN OTC DRUG,false
0002-8400,Teriparatide,Forteo,"Injection, Solution",Subcutaneous,250,ug/mL,THYROID,THYROID,Parathyroid Hormone Analog,HUMAN PRESCRIPTION DRUG,true
0548-2311,Teriparatide,Teriparatide,Injection,Subcutaneous,250,ug/mL,THYROID,THYROID,Parathyroid Hormone Analog,HUMAN PRESCRIPTION DRUG,true
17224-504,Thyroid Tablets,NP Thyroid,Tablet,Oral,13.5,ug/1,THYROID,THYROID,"l-Thyroxine, l-Triiodothyronine",HUMAN OTC DRUG,false
17224-505,Thyroid Tablets,NP Thyroid,Tablet,Oral,18,ug/1,THYROID,THYROID,"l-Thyroxine, l-Triiodothyronine",HUMAN OTC DRUG,false
17224-511,Thyroid Tablets,NP Thyroid,Tablet,Oral,2.25,ug/1,THYROID,THYROID,"l-Thyroxine, l-Triiodothyronine",HUMAN OTC DRUG,false
17224-503,Thyroid Tablets,NP Thyroid,Tablet,Oral,38,ug/1,THYROID,THYROID,"l-Thyroxine, l-Triiodothyronine",HUMAN OTC DRUG,false
17224-502,Thyroid Tablets,NP Thyroid,Tablet,Oral,4.5,ug/1,THYROID,THYROID,"l-Thyroxine, l-Triiodothyronine",HUMAN OTC DRUG,false
17224-504,Thyroid Tablets,NP Thyroid,Tablet,Oral,57,ug/1,THYROID,THYROID,"l-Thyroxine, l-Triiodothyronine",HUMAN OTC DRUG,false
17224-505,Thyroid Tablets,NP Thyroid,Tablet,Oral,76,ug/1,THYROID,THYROID,"l-Thyroxine, l-Triiodothyronine",HUMAN OTC DRUG,false
17224-503,Thyroid Tablets,NP Thyroid,Tablet,Oral,9,ug/1,THYROID,THYROID,"l-Thyroxine, l-Triiodothyronine",HUMAN OTC DRUG,false
17224-511,Thyroid Tablets,NP Thyroid,Tablet,Oral,9.5,ug/1,THYROID,THYROID,"l-Thyroxine, l-Triiodothyronine",HUMAN OTC DRUG,false
58468-0030,Thyrotropin Alfa,Thyrogen,"Injection, Powder, Lyophilized, FOR Solution",Intramuscular,.9,mg/mL,THYROID,THYROID,Thyroid Stimulating Hormone,HUMAN PRESCRIPTION DRUG,true
17089-304,.alpha.-ketoglutaric Acid - Alpha Lipoic Acid - Ascorbic Acid - Barium Oxalosuccinate - Black Cohosh - Bryonia Alba Root - Calcitonin Human - Chlorine - Colchicum Autumnale Bulb - Nadide -,Guna-arthro,Solution/ Drops,Oral,6,[hp_X]/30mL,VITAMINS,VITAMINS,"Melanin Synthesis Inhibitor, Vitamin C",HUMAN OTC DRUG,false
17089-306,.alpha.-ketoglutaric Acid - Ambergris - Anamirta Cocculus Seed - Conium Maculatum Flowering Top - Epinephrine - Fumaric Acid - Malic Acid - Melatonin - Mineral Oil - Pteridium Aquilinum Root - Pyridoxine Hydrochloride - Quinhydrone - Quinine - Sus Scrofa Artery - Sus Scrofa Cerebellum - Sus Scrofa Placenta - Thiamine Hydrochloride - Tobacco Leaf -,Guna-dizzy,Solution/ Drops,Oral,6,[hp_X]/30mL,VITAMINS,VITAMINS,"Antimalarial, Catecholamine, Melanin Synthesis Inhibitor, Non-Standardized Plant Allergenic Extract, Vitamin B6 Analog, alpha-Adrenergic Agonist, beta-Adrenergic Agonist",HUMAN OTC DRUG,false
58657-163,.alpha.-tocopherol Acetate,Multivitamin With Fluoride,"Tablet, Chewable",Oral,2500,[iU]/1,VITAMINS,VITAMINS,"Nicotinic Acid, Vitamin A, Vitamin B12, Vitamin B6 Analog, Vitamin C",HUMAN PRESCRIPTION DRUG,true
13925-116,.beta.-carotene,Se-Natal 19,Tablet,Oral,1000,[iU]/1,VITAMINS,VITAMINS,"Blood Coagulation Factor, Copper Absorption Inhibitor, Phosphate Binder, Vitamin B12, Vitamin B6 Analog, Vitamin C, Vitamin D",HUMAN PRESCRIPTION DRUG,true
75854-314,.beta.-carotene,Prenate Elite,"Tablet, Coated",Oral,780,ug/1,VITAMINS,VITAMINS,"Blood Coagulation Factor, Calculi Dissolution Agent, Copper Absorption Inhibitor, Folate Analog, Osmotic Laxative, Phosphate Binder, Vitamin B12, Vitamin B6 Analog, Vitamin C, Vitamin D",HUMAN PRESCRIPTION DRUG,true
63479-0308,Abies Alba Leafy Twig,C08,Solution/ Drops,Sublingual,8,[hp_X]/mL,VITAMINS,VITAMINS,"Blood Coagulation Factor, Blood Coagulation Factor, Blood Coagulation Factor, Blood Coagulation Factor, Blood Coagulation Factor, Blood Coagulation Factor, Phosphate Binder, Phosphate Binder, Phosphate Binder, Phosphate Binder, Phosphate Binder, Phosphate Binder",HUMAN OTC DRUG,false
63479-0101,Aceticum Acidum,A01,Solution/ Drops,Sublingual,12,[hp_X]/mL,VITAMINS,VITAMINS,"Anti-coagulant, Antimalarial, Blood Coagulation Factor, Calculi Dissolution Agent, Calculi Dissolution Agent, Osmotic Laxative, Osmotic Laxative, Osmotic Laxative, Osmotic Laxative, Phosphate Binder",HUMAN OTC DRUG,false
17089-450,Acetylcarnitine,Guna-cell,Solution/ Drops,Oral,3,[hp_X]/30mL,VITAMINS,VITAMINS,"Anti-coagulant, Blood Coagulation Factor, Calculi Dissolution Agent, Calculi Dissolution Agent, Carnitine Analog, Nicotinic Acid, Osmotic Laxative, Paramagnetic Contrast Agent, Paramagnetic Contrast Agent, Phosphate Binder, Vitamin B6 Analog, Vitamin C",HUMAN OTC DRUG,false
69676-0048,Aconitum Napellus,Genexa Stress,"Tablet, Chewable",Oral,12,[hp_X]/1,VITAMINS,VITAMINS,Non-Standardized Plant Allergenic Extract,HUMAN OTC DRUG,false
62795-1044,Aconitum Napellus,Reboost,Tablet,Oral,3,[hp_X]/1,VITAMINS,VITAMINS,"Copper Absorption Inhibitor, Copper Absorption Inhibitor",HUMAN OTC DRUG,false
62795-1008,Aconitum Napellus,BHI Flu Plus,Tablet,Oral,4,[hp_X]/1,VITAMINS,VITAMINS,Copper Absorption Inhibitor,HUMAN OTC DRUG,false
54973-3010,Aconitum Napellus,Cold,Tablet,Oral,6,[hp_X]/g,VITAMINS,VITAMINS,"Copper Absorption Inhibitor, Non-Standardized Food Allergenic Extract",HUMAN OTC DRUG,false
58264-0035,Aconitum Napellus,D-35,Solution,Sublingual,6,[hp_X]/mL,VITAMINS,VITAMINS,,HUMAN OTC DRUG,false
54973-3160,Aconitum Napellus Root,Sniffles N Sneezes 4 Kids,Tablet,Oral,6,[hp_X]/1,VITAMINS,VITAMINS,"Copper Absorption Inhibitor, Non-Standardized Food Allergenic Extract",HUMAN OTC DRUG,false
17089-470,Activated Charcoal - Aloe - Aluminum Oxide - Bryonia Alba Root - Chelidonium Majus - Collinsonia - Frangula Alnus Bark - Lycopodium Clavatum Spore - Potassium Carbonate- Rhubarb - Strychnos NUX Vomica Seed - Silybum Marianum Seed - Skatole - Sodium Carbonate - SUS Scrofa Pancreas - Taraxacum Officinale - Thiamine -,Guna Bowel Plus,Solution/ Drops,Oral,4,[hp_X]/30mL,VITAMINS,VITAMINS,"Non-Standardized Food Allergenic Extract, Non-Standardized Plant Allergenic Extract, Non-Standardized Plant Allergenic Extract",HUMAN OTC DRUG,false
42669-231,Active Corn Starch,Medicated Cornstarch Baby Powder,Powder,Topical,89.27,g/113g,VITAMINS,VITAMINS,,HUMAN OTC DRUG,false
63479-0205,Adrenalinum,B05,Solution/ Drops,Sublingual,15,[hp_X]/mL,VITAMINS,VITAMINS,"Calculi Dissolution Agent, Catecholamine, Non-Standardized Chemical Allergen, Non-Standardized Food Allergenic Extract, Non-Standardized Plant Allergenic Extract, Osmotic Laxative, Standardized Chemical Allergen, alpha-Adrenergic Agonist, beta-Adrenergic Agonist",HUMAN OTC DRUG,false
63479-1401,Adrenalinum,N01,Solution/ Drops,Sublingual,4,[hp_C]/mL,VITAMINS,VITAMINS,"Antimalarial, Catecholamine, Standardized Chemical Allergen, Standardized Chemical Allergen, alpha-Adrenergic Agonist, beta-Adrenergic Agonist",HUMAN OTC DRUG,false
63479-0111,Allium Sativum,A11,Solution/ Drops,Sublingual,15,[hp_X]/mL,VITAMINS,VITAMINS,"Nicotinic Acid, Non-Standardized Food Allergenic Extract, Non-Standardized Fungal Allergenic Extract, Non-Standardized Fungal Allergenic Extract, Non-Standardized Fungal Allergenic Extract, Non-Standardized Fungal Allergenic Extract, Non-Standardized Fungal Allergenic Extract, Non-Standardized Fungal Allergenic Extract, Non-Standardized Fungal Allergenic Extract, Non-Standardized Fungal Allergenic Extract, Non-Standardized Fungal Allergenic Extract, Non-Standardized Fungal Allergenic Extract, Non-Standardized House Dust Allergenic Extract, Non-Standardized Plant Allergenic Extract, Vitamin A, Vitamin C",HUMAN OTC DRUG,false
63479-0213,Allium Sativum,B13,Solution/ Drops,Sublingual,30,[hp_X]/mL,VITAMINS,VITAMINS,"Blood Coagulation Factor, Calculi Dissolution Agent, Non-Standardized Food Allergenic Extract, Osmotic Laxative, Osmotic Laxative, Osmotic Laxative, Osmotic Laxative, Phosphate Binder, Potassium Salt",HUMAN OTC DRUG,false
63479-1403,Allium Sativum,N03,Solution/ Drops,Sublingual,9,[hp_X]/mL,VITAMINS,VITAMINS,"Anti-coagulant, Calculi Dissolution Agent, Nitrogen Binding Agent, Non-Standardized Food Allergenic Extract",HUMAN OTC DRUG,false
0363-2103,Antacid,Antacid Ultra Strength,"Tablet, Chewable",Oral,1000,mg/1,VITAMINS,VITAMINS,,HUMAN OTC DRUG,false
0363-0317,Antacid,Antacid Regular Strength,"Tablet, Chewable",Oral,500,mg/1,VITAMINS,VITAMINS,,HUMAN OTC DRUG,false
83698-002,Antacid,Antacid,Tablet,Oral,500,mg/g,VITAMINS,VITAMINS,"Blood Coagulation Factor, Phosphate Binder",HUMAN OTC DRUG,false
0363-0184,Antacid,Antacid Extra Strength,"Tablet, Chewable",Oral,750,mg/1,VITAMINS,VITAMINS,,HUMAN OTC DRUG,false
59779-636,Antacid And Antigas,CVS Health Maximum Strength,"Tablet, Chewable",Oral,1000,mg/1,VITAMINS,VITAMINS,"Blood Coagulation Factor, Phosphate Binder",HUMAN OTC DRUG,false
62372-400,Antacid And Antigas,Childrens Mylicon Tummy Relief For Kids,"Tablet, Chewable",Oral,400,mg/1,VITAMINS,VITAMINS,"Blood Coagulation Factor, Phosphate Binder",HUMAN OTC DRUG,false
68391-033,Antacid Calcium Carbonate,Berkley Jensen,"Tablet, Chewable",Oral,1000,mg/1,VITAMINS,VITAMINS,"Blood Coagulation Factor, Phosphate Binder",HUMAN OTC DRUG,false
71399-9939,Antacid Calcium Carbonate,Regular Strength,"Tablet, Chewable",Oral,500,mg/1,VITAMINS,VITAMINS,"Blood Coagulation Factor, Phosphate Binder",HUMAN OTC DRUG,false
0363-3355,Antacid Calcium Carbonate,Antacid Extra Strength,"Tablet, Chewable",Oral,750,mg/1,VITAMINS,VITAMINS,,HUMAN OTC DRUG,false
21130-031,Antacid Tablets,Ultra Strength,"Tablet, Chewable",Oral,1000,mg/1,VITAMINS,VITAMINS,"Blood Coagulation Factor, Phosphate Binder",HUMAN OTC DRUG,false
0363-1224,Antacid Tablets,Antacid Regular Strength,"Tablet, Chewable",Oral,500,mg/1,VITAMINS,VITAMINS,"Blood Coagulation Factor, Phosphate Binder",HUMAN OTC DRUG,false
0536-1050,Antacid Tablets,Rugby,"Tablet, Chewable",Oral,750,mg/1,VITAMINS,VITAMINS,"Blood Coagulation Factor, Phosphate Binder",HUMAN OTC DRUG,false
55910-083,Antacid Tablets (Calcium Carbonate),DG Health,"Tablet, Chewable",Oral,1000,mg/1,VITAMINS,VITAMINS,"Blood Coagulation Factor, Phosphate Binder",HUMAN OTC DRUG,false
55910-049,Antacid Tablets (Calcium Carbonate),DG Health,"Tablet, Chewable",Oral,500,mg/1,VITAMINS,VITAMINS,,HUMAN OTC DRUG,false
83324-313,Antacid Tablets (Calcium Carbonate),Quality Choice,"Tablet, Chewable",Oral,750,mg/1,VITAMINS,VITAMINS,,HUMAN OTC DRUG,false
63479-1405,Aranea Diadema,N05,Solution/ Drops,Sublingual,20,[hp_X]/mL,VITAMINS,VITAMINS,"Non-Standardized Food Allergenic Extract, Non-Standardized Plant Allergenic Extract",HUMAN OTC DRUG,false
63479-0114,Aranea Diadema,A14,Solution/ Drops,Sublingual,30,[hp_X]/mL,VITAMINS,VITAMINS,Non-Standardized Food Allergenic Extract,HUMAN OTC DRUG,false
54973-3324,Arnica Montana,Baby Nighttime Oral Pain Relief,Tablet,Oral,12,[hp_X]/g,VITAMINS,VITAMINS,"Calculi Dissolution Agent, Non-Standardized Food Allergenic Extract, Non-Standardized Plant Allergenic Extract, Osmotic Laxative",HUMAN OTC DRUG,false
63479-0307,Arnica Montana,C07,Solution/ Drops,Sublingual,12,[hp_X]/mL,VITAMINS,VITAMINS,Vitamin C,HUMAN OTC DRUG,false
59672-0230,Arnica Montana,No-Shift-Lag,Tablet,Oral,30,[hp_C]/1,VITAMINS,VITAMINS,,HUMAN OTC DRUG,false
82350-001,Arnica Montana,Skinuva Bruise,Capsule,Oral,30,[hp_X]/1,VITAMINS,VITAMINS,,HUMAN OTC DRUG,false
0220-9073,Arnica Montana,Arnicare Leg Cramps,Tablet,Oral,9,[hp_C]/1,VITAMINS,VITAMINS,,HUMAN OTC DRUG,false
54973-3162,Arsenic Trioxide,Restful Legs,"Tablet, Soluble",Oral,12,[hp_X]/1,VITAMINS,VITAMINS,,HUMAN OTC DRUG,false
58264-0049,Arsenic Trioxide,D-49,Solution,Sublingual,12,[hp_X]/mL,VITAMINS,VITAMINS,,HUMAN OTC DRUG,false
70163-0006,Arsenicum Album,Restless Legs,Tablet,Oral,12,[hp_X]/1,VITAMINS,VITAMINS,,HUMAN OTC DRUG,false
58264-0163,Arsenicum Album,D-139,Solution,Sublingual,6,[hp_X]/mL,VITAMINS,VITAMINS,Non-Standardized Plant Allergenic Extract,HUMAN OTC DRUG,false
10542-009,Ascorbic Acid,Dialyvite Supreme D,"Tablet, Coated",Oral,100,mg/1,VITAMINS,VITAMINS,"Copper Absorption Inhibitor, Vitamin B6 Analog, Vitamin C, Vitamin D",HUMAN PRESCRIPTION DRUG,true
72835-660,Ascorbic Acid,Matervia,Capsule,Oral,125,mg/1,VITAMINS,VITAMINS,"Blood Coagulation Factor, Phosphate Binder, Vitamin C, Vitamin D",HUMAN PRESCRIPTION DRUG,true
85477-922,Ascorbic Acid,Gestyra,Tablet,Oral,125,mg/1,VITAMINS,VITAMINS,"Blood Coagulation Factor, Phosphate Binder, Vitamin C, Vitamin D",HUMAN PRESCRIPTION DRUG,true
58657-323,Ascorbic Acid,Tri-Vite Drops With Fluoride,Solution,Oral,1500,[iU]/mL,VITAMINS,VITAMINS,"Vitamin A, Vitamin C",HUMAN PRESCRIPTION DRUG,true
85477-322,Ascorbic Acid,Embriva,Tablet,Oral,2.5,mg/1,VITAMINS,VITAMINS,"Blood Coagulation Factor, Phosphate Binder, Vitamin C, Vitamin D",HUMAN PRESCRIPTION DRUG,true
42192-323,Ascorbic Acid,Pnv-dha,"Capsule, Gelatin Coated",Oral,28,mg/1,VITAMINS,VITAMINS,"Calcium, Vitamin B6 Analog, Vitamin C, Vitamin D",HUMAN PRESCRIPTION DRUG,true
75854-315,Ascorbic Acid,Prenate Mini,"Capsule, Gelatin Coated",Oral,280,ug/1,VITAMINS,VITAMINS,"Blood Coagulation Factor, Calculi Dissolution Agent, Folate Analog, Osmotic Laxative, Phosphate Binder, Vitamin B12, Vitamin B6 Analog, Vitamin C, Vitamin D",HUMAN PRESCRIPTION DRUG,true
75854-316,Ascorbic Acid,Prenate Pixie,"Tablet, Film Coated",Oral,30,mg/1,VITAMINS,VITAMINS,"Folate Analog, Vitamin B12, Vitamin B6 Analog, Vitamin C, Vitamin D",HUMAN PRESCRIPTION DRUG,true
75854-313,Ascorbic Acid,Prenate Essential,"Capsule, Gelatin Coated",Oral,40,mg/1,VITAMINS,VITAMINS,"Blood Coagulation Factor, Calculi Dissolution Agent, Folate Analog, Osmotic Laxative, Phosphate Binder, Vitamin B12, Vitamin B6 Analog, Vitamin C, Vitamin D",HUMAN PRESCRIPTION DRUG,true
84020-0001,Ascorbic Acid,Vita Soluball,Powder,Topical,40,mg/1000mg,VITAMINS,VITAMINS,Vitamin C,HUMAN OTC DRUG,false
65219-027,Ascorbic Acid,Ascorbic Acid,Injection,Intravenous,500,mg/mL,VITAMINS,VITAMINS,Vitamin C,HUMAN PRESCRIPTION DRUG,true
15370-250,Ascorbic Acid,TriStart DHA,"Capsule, Liquid Filled",Oral,55,mg/1,VITAMINS,VITAMINS,"Calculi Dissolution Agent, Folate Analog, Nicotinic Acid, Osmotic Laxative, Vitamin B12, Vitamin B6 Analog, Vitamin C, Vitamin D",HUMAN PRESCRIPTION DRUG,true
75854-312,Ascorbic Acid,Prenate DHA,"Capsule, Gelatin Coated",Oral,600,ug/1,VITAMINS,VITAMINS,"Blood Coagulation Factor, Calculi Dissolution Agent, Folate Analog, Osmotic Laxative, Phosphate Binder, Vitamin B12, Vitamin B6 Analog, Vitamin C, Vitamin D",HUMAN PRESCRIPTION DRUG,true
54643-9023,Ascorbic Acid,Pediatric Infuvite Multiple Vitamins,"Injection, Solution",Intravenous,80,mg/5mL,VITAMINS,VITAMINS,"Photoenhancer, Vitamin A, Vitamin B12, Vitamin B6 Analog, Vitamin C, Vitamin D, Vitamin K, Warfarin Reversal Agent",HUMAN PRESCRIPTION DRUG,true
42192-321,Ascorbic Acid,Pnv-dha,"Capsule, Gelatin Coated",Oral,85,[iU]/1,VITAMINS,VITAMINS,"Calcium, Vitamin B12, Vitamin B6 Analog, Vitamin C, Vitamin D",HUMAN PRESCRIPTION DRUG,true
42192-332,Ascorbic Acid,PNV-Omega,"Capsule, Gelatin Coated",Oral,85,mg/1,VITAMINS,VITAMINS,"Blood Coagulation Factor, Calculi Dissolution Agent, Osmotic Laxative, Phosphate Binder, Vitamin B12, Vitamin B6 Analog, Vitamin C, Vitamin D",HUMAN PRESCRIPTION DRUG,true
0363-6886,Bryonia,Walgreens Black Elderberry Cold And Flu Relief,Tablet,Oral,3,[hp_X]/1,VITAMINS,VITAMINS,,HUMAN OTC DRUG,false
17312-077,Bryonia,ComPare2 Black Elderberry Cold And Flu Relief,"Tablet, Orally Disintegrating",Oral,6,[hp_X]/1,VITAMINS,VITAMINS,Copper Absorption Inhibitor,HUMAN PRESCRIPTION DRUG,true
52053-0001,Bryonia,Sambucol Cold And Flu Relief,"Tablet, Orally Disintegrating",Oral,6,[hp_X]/mg,VITAMINS,VITAMINS,Copper Absorption Inhibitor,HUMAN OTC DRUG,false
52053-0004,Bryonia,Sambucol Cold And Flu Relief,Tablet,Oral,6,[hp_X]/mg,VITAMINS,VITAMINS,Copper Absorption Inhibitor,HUMAN OTC DRUG,false
68703-359,Calc Carb,Candidate S.o.s,Tablet,Oral,30,[hp_C]/1801,VITAMINS,VITAMINS,,HUMAN OTC DRUG,false
82969-7036,Calc Carb,Bestmade Natural Products Bm36 Pellets,"Tablet, Soluble",Oral,30,[hp_C]/30[hp_C],VITAMINS,VITAMINS,,HUMAN OTC DRUG,false
70163-0011,Calcarea Carbonica,Thyroid Support,Tablet,Oral,10,[hp_X]/1,VITAMINS,VITAMINS,"Blood Coagulation Factor, Phosphate Binder",HUMAN OTC DRUG,false
44911-0500,Calcarea Carbonica,Melatonin Pro,Tablet,Oral,12,[hp_X]/1,VITAMINS,VITAMINS,"Non-Standardized Food Allergenic Extract, Non-Standardized Plant Allergenic Extract, Non-Standardized Plant Allergenic Extract",HUMAN OTC DRUG,false
82969-5028,Calcarea Carbonica,Bestmade Natural Products Calcarea Carbonica,"Tablet, Soluble",Oral,30,[hp_C]/30[hp_C],VITAMINS,VITAMINS,,HUMAN OTC DRUG,false
70163-0010,Calcarea Carbonica,No More Monsters,"Tablet, Chewable",Oral,6,[hp_X]/1,VITAMINS,VITAMINS,,HUMAN OTC DRUG,false
84999-025,Calcarea Phosphorica,Schuessler Tissue Salts Comb 5 Nerve Tonic,"Tablet, Chewable",Oral,6,[hp_X]/1,VITAMINS,VITAMINS,"Blood Coagulation Factor, Osmotic Laxative, Osmotic Laxative, Phosphate Binder, Potassium Salt, Potassium Salt",HUMAN OTC DRUG,false
17312-419,Calcarea Phosphorica,Natural Eyes Aging Eye Relief,"Tablet, Orally Disintegrating",Oral,9,[hp_X]/1,VITAMINS,VITAMINS,,HUMAN OTC DRUG,false
87143-100,Calcipotriene And Betamethasone Dipropionate,Attero,Solution,Topical,.05,mg/g,VITAMINS,VITAMINS,"Corticosteroid, Vitamin D Analog",HUMAN PRESCRIPTION DRUG,true
0713-0848,Calcipotriene And Betamethasone Dipropionate,Calcipotriene And Betamethasone Dipropionate,Suspension,Topical,.5,mg/g,VITAMINS,VITAMINS,"Corticosteroid, Vitamin D Analog",HUMAN PRESCRIPTION DRUG,true
50222-501,Calcipotriene And Betamethasone Dipropionate,Taclonex,Suspension,Topical,50,ug/g,VITAMINS,VITAMINS,"Corticosteroid, Vitamin D Analog",HUMAN PRESCRIPTION DRUG,true
0054-0007,Calcitriol,Calcitriol,Capsule,Oral,.25,ug/1,VITAMINS,VITAMINS,Vitamin D3 Analog,HUMAN PRESCRIPTION DRUG,true
0093-7352,Calcitriol,Calcitriol,"Capsule, Liquid Filled",Oral,.25,ug/1,VITAMINS,VITAMINS,Vitamin D3 Analog,HUMAN PRESCRIPTION DRUG,true
0093-7353,Calcitriol,Calcitriol,"Capsule, Liquid Filled",Oral,.5,ug/1,VITAMINS,VITAMINS,Vitamin D3 Analog,HUMAN PRESCRIPTION DRUG,true
23155-663,Calcitriol,Calcitriol,Capsule,Oral,.5,ug/1,VITAMINS,VITAMINS,Vitamin D3 Analog,HUMAN PRESCRIPTION DRUG,true
0054-3120,Calcitriol,Calcitriol,Solution,Oral,1,ug/mL,VITAMINS,VITAMINS,Vitamin D3 Analog,HUMAN PRESCRIPTION DRUG,true
68083-316,Calcitriol,Calcitriol,Injection,Intravenous,1,ug/mL,VITAMINS,VITAMINS,Vitamin D3 Analog,HUMAN PRESCRIPTION DRUG,true
69842-171,Calcium Antacid,Ultra Strength Antacid,"Tablet, Chewable",Oral,1000,mg/1,VITAMINS,VITAMINS,Blood Coagulation Factor,HUMAN OTC DRUG,false
69842-173,Calcium Antacid,Extra Strength Smooth Antacid Assorted Fruit,"Tablet, Chewable",Oral,750,mg/1,VITAMINS,VITAMINS,Blood Coagulation Factor,HUMAN OTC DRUG,false
0395-0431,Calcium Carbonate,Calcium Carbonate,Powder,Oral,1,g/g,VITAMINS,VITAMINS,"Blood Coagulation Factor, Phosphate Binder",HUMAN OTC DRUG,false
0135-0118,Calcium Carbonate,Tums,"Tablet, Chewable",Oral,1000,mg/1,VITAMINS,VITAMINS,,HUMAN OTC DRUG,false
11822-3480,Calcium Carbonate,Ultra Strength Antacid Peppermint,Tablet,Oral,1000,mg/1,VITAMINS,VITAMINS,"Blood Coagulation Factor, Phosphate Binder",HUMAN OTC DRUG,false
0363-1081,Calcium Carbonate,Antacid Soft Chew,"Tablet, Chewable",Oral,1177,mg/1,VITAMINS,VITAMINS,"Blood Coagulation Factor, Phosphate Binder",HUMAN OTC DRUG,false
0121-0766,Calcium Carbonate,Calcium Carbonate,Suspension,Oral,1250,mg/5mL,VITAMINS,VITAMINS,"Blood Coagulation Factor, Phosphate Binder",HUMAN OTC DRUG,false
70369-005,Calcium Carbonate,Calcium Carbonate,Tablet,Oral,1250,mg/1,VITAMINS,VITAMINS,"Blood Coagulation Factor, Phosphate Binder",HUMAN OTC DRUG,false
84126-373,Calcium Carbonate,Rolaids,"Tablet, Chewable",Oral,1250,mg/1,VITAMINS,VITAMINS,"Blood Coagulation Factor, Calculi Dissolution Agent, Osmotic Laxative, Phosphate Binder",HUMAN OTC DRUG,false
69423-824,Calcium Carbonate,Rolaids Advanced Antacid Plus Anti-Gas,"Tablet, Chewable",Oral,1330,mg/1,VITAMINS,VITAMINS,"Blood Coagulation Factor, Calculi Dissolution Agent, Osmotic Laxative, Phosphate Binder",HUMAN OTC DRUG,false
57896-624,Calcium Carbonate,Geri-lanta Supreme Cherry,Suspension,Oral,135,mg/5mL,VITAMINS,VITAMINS,"Blood Coagulation Factor, Calculi Dissolution Agent, Osmotic Laxative, Phosphate Binder",HUMAN OTC DRUG,false
87355-100,Calcium Carbonate,Nova Antacid,"Tablet, Chewable",Oral,1500,mg/1,VITAMINS,VITAMINS,"Blood Coagulation Factor, Phosphate Binder",HUMAN OTC DRUG,false
72427-2000,Calcium Carbonate,Tumeez Organic Apple,Lozenge,Oral,200,mg/7g,VITAMINS,VITAMINS,"Blood Coagulation Factor, Phosphate Binder",HUMAN OTC DRUG,false
84540-422,Calcium Carbonate,Na Mi Cal,Tablet,Oral,200.4,mg/600mg,VITAMINS,VITAMINS,"Blood Coagulation Factor, Phosphate Binder",HUMAN OTC DRUG,false
84126-343,Calcium Carbonate,Rolaids Heartburn Plus Gas,"Tablet, Chewable",Oral,40,mg/1,VITAMINS,VITAMINS,"Blood Coagulation Factor, Calculi Dissolution Agent, Osmotic Laxative, Phosphate Binder",HUMAN OTC DRUG,false
0363-5960,Calcium Carbonate,Soothe,"Tablet, Chewable",Oral,400,mg/1,VITAMINS,VITAMINS,"Blood Coagulation Factor, Phosphate Binder",HUMAN OTC DRUG,false
55319-624,Calcium Carbonate,Supreme Antacid,Suspension,Oral,400,mg/5mL,VITAMINS,VITAMINS,"Blood Coagulation Factor, Calculi Dissolution Agent, Osmotic Laxative, Phosphate Binder",HUMAN OTC DRUG,false
0924-0086,Calcium Carbonate,PhysiciansCare Antacid,"Tablet, Chewable",Oral,420,mg/1,VITAMINS,VITAMINS,"Blood Coagulation Factor, Phosphate Binder",HUMAN OTC DRUG,false
58228-0091,Calcium Carbonate,Antacid,Tablet,Oral,420,mg/1,VITAMINS,VITAMINS,"Blood Coagulation Factor, Phosphate Binder",HUMAN OTC DRUG,false
0135-0070,Calcium Carbonate,Tums,Tablet,Oral,500,mg/1,VITAMINS,VITAMINS,"Blood Coagulation Factor, Phosphate Binder",HUMAN OTC DRUG,false
0135-0611,Calcium Carbonate,Tums,"Tablet, Chewable",Oral,500,mg/1,VITAMINS,VITAMINS,"Blood Coagulation Factor, Phosphate Binder",HUMAN OTC DRUG,false
84540-322,Calcium Carbonate,Ki No Sin,Tablet,Oral,55,mg/500mg,VITAMINS,VITAMINS,"Blood Coagulation Factor, Phosphate Binder",HUMAN OTC DRUG,false
84540-323,Calcium Carbonate,Ki No Sin,Capsule,Oral,55,mg/500mg,VITAMINS,VITAMINS,"Blood Coagulation Factor, Phosphate Binder",HUMAN OTC DRUG,false
82969-1028,Calcium Carbonate,Bestmade Natural Products Calcium Carbonate (Calc Carb),"Tablet, Soluble",Oral,6,[hp_X]/6[hp_X],VITAMINS,VITAMINS,"Blood Coagulation Factor, Phosphate Binder",HUMAN OTC DRUG,false
85816-1028,Calcium Carbonate,BM Calcium Carbonate (Calc Carb),Tablet,Oral,6,[hp_X]/60mg,VITAMINS,VITAMINS,"Blood Coagulation Factor, Phosphate Binder",HUMAN OTC DRUG,false
17714-025,Calcium Carbonate,Antacid,Tablet,Oral,648,mg/1,VITAMINS,VITAMINS,Blood Coagulation Factor,HUMAN OTC DRUG,false
0363-0107,Calcium Carbonate,Heartburn Plus Gas Relief Chewable Multi Symptom,"Tablet, Chewable",Oral,675,mg/1,VITAMINS,VITAMINS,"Blood Coagulation Factor, Calculi Dissolution Agent, Osmotic Laxative",HUMAN OTC DRUG,false
0067-0118,Calcium Carbonate,Gas-X,"Tablet, Chewable",Oral,750,mg/1,VITAMINS,VITAMINS,,HUMAN OTC DRUG,false
0135-0074,Calcium Carbonate,Tums,Tablet,Oral,750,mg/1,VITAMINS,VITAMINS,"Blood Coagulation Factor, Phosphate Binder",HUMAN OTC DRUG,false
11673-052,Calcium Carbonate,Target Antacid - Anti-Gas Relief Chews,"Tablet, Chewable",Oral,80,mg/1,VITAMINS,VITAMINS,"Blood Coagulation Factor, Phosphate Binder",HUMAN OTC DRUG,false
0363-6701,Calcium Carbonate,Walgreen,Suspension,Oral,800,mg/10mL,VITAMINS,VITAMINS,"Blood Coagulation Factor, Calculi Dissolution Agent, Osmotic Laxative, Phosphate Binder",HUMAN OTC DRUG,false
84540-522,Calcium Carbonate,R Cos,Tablet,Oral,90,mg/500mg,VITAMINS,VITAMINS,"Blood Coagulation Factor, Phosphate Binder",HUMAN OTC DRUG,false
47682-850,Calcium Carbonate 750 Mg,Green Guard Maximum Strength Stomach Relief,"Tablet, Chewable",Oral,750,mg/1,VITAMINS,VITAMINS,"Blood Coagulation Factor, Phosphate Binder",HUMAN OTC DRUG,false
70264-046,Calcium Carbonate 750 Mg,Tums Antacid Chewy Bites,Tablet,Oral,750,mg/1,VITAMINS,VITAMINS,"Blood Coagulation Factor, Phosphate Binder",HUMAN OTC DRUG,false
41167-1003,Calcium Carbonate And Magnesium Hydroxide,Rolaids Ultra Strength Mint,"Tablet, Chewable",Oral,1000,mg/1,VITAMINS,VITAMINS,"Blood Coagulation Factor, Calculi Dissolution Agent, Osmotic Laxative, Phosphate Binder",HUMAN OTC DRUG,false
41167-1031,Calcium Carbonate And Magnesium Hydroxide,Rolaids Ultra Strength Antacid Strawberry,"Tablet, Chewable",Oral,1330,mg/1,VITAMINS,VITAMINS,"Blood Coagulation Factor, Phosphate Binder",HUMAN OTC DRUG,false
41167-1001,Calcium Carbonate And Magnesium Hydroxide,Rolaids Extra Strength Mint,"Tablet, Chewable",Oral,675,mg/1,VITAMINS,VITAMINS,"Blood Coagulation Factor, Calculi Dissolution Agent, Osmotic Laxative, Phosphate Binder",HUMAN OTC DRUG,false
51316-540,Calcium Carbonate Chewable Tablets,Maximum Strength Calcium Carbonate 1000mg,"Tablet, Chewable",Oral,1000,mg/1,VITAMINS,VITAMINS,"Blood Coagulation Factor, Phosphate Binder",HUMAN OTC DRUG,false
51316-636,Calcium Carbonate Chewable Tablets,"Extra Strength Antacid Calcium Carbonate, 750mg","Tablet, Chewable",Oral,750,mg/1,VITAMINS,VITAMINS,"Blood Coagulation Factor, Phosphate Binder",HUMAN OTC DRUG,false
62795-1128,Calcium Fluoride,Hendel Schuessler Cell Salts,Tablet,Oral,6,[hp_X]/1,VITAMINS,VITAMINS,"Blood Coagulation Factor, Blood Coagulation Factor, Osmotic Laxative, Osmotic Laxative, Potassium Salt, Potassium Salt",HUMAN OTC DRUG,false
58264-0126,Calcium Fluoride,D-120,Solution,Sublingual,8,[hp_X]/mL,VITAMINS,VITAMINS,Bismuth,HUMAN OTC DRUG,false
83173-116,Cough Drops Assorted Citrus Vitamin C,MGC Health,"Tablet, Chewable, Extended Release",Oral,2.7,mg/2850mg,VITAMINS,VITAMINS,,HUMAN OTC DRUG,false
83173-126,Cough Drops Assorted Citrus Vitamin C,MGC Health,Lozenge,Oral,2.7,mg/1,VITAMINS,VITAMINS,,HUMAN OTC DRUG,false
83698-116,Cough Drops Assorted Citrus Vitamin C,MGC Health,Lozenge,Oral,2.7,mg/2850mg,VITAMINS,VITAMINS,,HUMAN OTC DRUG,false
83173-117,Cough Drops Assorted Citrus Vitamin C Sugar-Free,MGC Health,"Tablet, Chewable, Extended Release",Oral,2.7,mg/2850mg,VITAMINS,VITAMINS,,HUMAN OTC DRUG,false
83698-117,Cough Drops Assorted Citrus Vitamin C Sugar-Free,MGC Health,Lozenge,Oral,2.7,mg/2850mg,VITAMINS,VITAMINS,,HUMAN OTC DRUG,false
0143-9619,Cyanocobalamin,Cyanocobalamin,Injection,Intramuscular,1000,ug/mL,VITAMINS,VITAMINS,Vitamin B12,HUMAN PRESCRIPTION DRUG,true
0404-9783,Cyanocobalamin,Cyanocobalamin,"Injection, Solution",Intramuscular,1000,ug/mL,VITAMINS,VITAMINS,Vitamin B12,HUMAN PRESCRIPTION DRUG,true
85551-120,Cyanocobalamin,Non-proprietary Name,Injection,Intramuscular,2,mg/mL,VITAMINS,VITAMINS,Vitamin B12,HUMAN PRESCRIPTION DRUG,true
23155-538,Doxercalciferol,Doxercalciferol,Capsule,Oral,.5,ug/1,VITAMINS,VITAMINS,Vitamin D2 Analog,HUMAN PRESCRIPTION DRUG,true
23155-539,Doxercalciferol,Doxercalciferol,Capsule,Oral,1,ug/1,VITAMINS,VITAMINS,Vitamin D2 Analog,HUMAN PRESCRIPTION DRUG,true
55150-357,Doxercalciferol,Doxercalciferol,"Injection, Solution",Intravenous,2,ug/mL,VITAMINS,VITAMINS,Vitamin D2 Analog,HUMAN PRESCRIPTION DRUG,true
23155-540,Doxercalciferol,Doxercalciferol,Capsule,Oral,2.5,ug/1,VITAMINS,VITAMINS,Vitamin D2 Analog,HUMAN PRESCRIPTION DRUG,true
43598-850,Doxercalciferol,Doxercalciferol,Injection,Intravenous,4,ug/2mL,VITAMINS,VITAMINS,Vitamin D2 Analog,HUMAN PRESCRIPTION DRUG,true
55150-358,Doxercalciferol,Doxercalciferol,"Injection, Solution",Intravenous,4,ug/2mL,VITAMINS,VITAMINS,Vitamin D2 Analog,HUMAN PRESCRIPTION DRUG,true
0591-2132,Doxylamine Succinate And Pyridoxine Hydrochloride,Doxylamine Succinate And Pyridoxine Hydrochloride,"Tablet, Delayed Release",Oral,10,mg/1,VITAMINS,VITAMINS,"Antihistamine, Vitamin B6 Analog",HUMAN PRESCRIPTION DRUG,true
55494-120,Doxylamine Succinate And Pyridoxine Hydrochloride,Bonjesta,"Tablet, Extended Release",Oral,20,mg/1,VITAMINS,VITAMINS,"Antihistamine, Vitamin B6 Analog",HUMAN PRESCRIPTION DRUG,true
60986-2020,Echinacea Angustifolia,Echinacea,"Tablet, Orally Disintegrating",Oral,1,[hp_X]/1,VITAMINS,VITAMINS,"Blood Coagulation Factor, Phosphate Binder",HUMAN OTC DRUG,false
58264-0213,Echinacea Angustifolia,N-15,Solution,Sublingual,4,[hp_X]/mL,VITAMINS,VITAMINS,"Osmotic Laxative, Potassium Salt",HUMAN OTC DRUG,false
13668-757,Ergocalciferol,Ergocalciferol,Capsule,Oral,1.25,mg/1,VITAMINS,VITAMINS,Provitamin D2 Compound,HUMAN PRESCRIPTION DRUG,true
42291-266,Ergocalciferol,Ergocalciferol,"Capsule, Liquid Filled",Oral,1.25,mg/1,VITAMINS,VITAMINS,Provitamin D2 Compound,HUMAN PRESCRIPTION DRUG,true
0113-0032,Famotidine,Good Sense Dual Action Complete,"Tablet, Chewable",Oral,10,mg/1,VITAMINS,VITAMINS,"Calculi Dissolution Agent, Histamine-2 Receptor Antagonist, Osmotic Laxative",HUMAN OTC DRUG,false
67414-700,Famotidine,Pepcid Complete Dual Action Berry Flavor,Tablet,Oral,10,mg/1,VITAMINS,VITAMINS,"Blood Coagulation Factor, Calculi Dissolution Agent, Histamine-2 Receptor Antagonist, Osmotic Laxative, Phosphate Binder",HUMAN OTC DRUG,false
66715-6422,Famotidine,Pepcid Complete,"Tablet, Chewable",Oral,165,mg/1,VITAMINS,VITAMINS,Histamine-2 Receptor Antagonist,HUMAN OTC DRUG,false
75854-320,Ferrous Asparto Glycinate,Chromagen,Capsule,Oral,25,mg/1,VITAMINS,VITAMINS,"Folate Analog, Vitamin B12, Vitamin C",HUMAN PRESCRIPTION DRUG,true
75854-344,Ferrous Asparto Glycinate,Niferex,Tablet,Oral,75,mg/1,VITAMINS,VITAMINS,"Vitamin B12, Vitamin C",HUMAN PRESCRIPTION DRUG,true
59088-112,Ferrous Fumarate,PureVit DualFe Plus,Capsule,Oral,.8,mg/1,VITAMINS,VITAMINS,"Copper Absorption Inhibitor, Paramagnetic Contrast Agent, Parenteral Iron Replacement, Phosphate Binder, Vitamin B12, Vitamin B6 Analog, Vitamin C",HUMAN PRESCRIPTION DRUG,true
59088-008,Ferrous Fumarate,Finazol,Tablet,Oral,1500,ug/1,VITAMINS,VITAMINS,"Blood Coagulation Factor, Calculi Dissolution Agent, Copper Absorption Inhibitor, Folate Analog, Nicotinic Acid, Osmotic Laxative, Osmotic Laxative, Paramagnetic Contrast Agent, Phosphate Binder, Potassium Salt, Vitamin A, Vitamin B6 Analog, Vitamin C, Vitamin D",HUMAN PRESCRIPTION DRUG,true
59088-169,Ferrous Fumarate,Prenatryl,Tablet,Oral,200,mg/1,VITAMINS,VITAMINS,"Blood Coagulation Factor, Calculi Dissolution Agent, Copper Absorption Inhibitor, Osmotic Laxative, Paramagnetic Contrast Agent, Phosphate Binder, Vitamin A, Vitamin B12, Vitamin B6 Analog, Vitamin C, Vitamin D",HUMAN PRESCRIPTION DRUG,true
59088-166,Ferrous Fumarate,Prenatrix,Tablet,Oral,27,mg/1,VITAMINS,VITAMINS,"Blood Coagulation Factor, Calculi Dissolution Agent, Copper Absorption Inhibitor, Osmotic Laxative, Paramagnetic Contrast Agent, Phosphate Binder, Vitamin A, Vitamin B12, Vitamin B6 Analog, Vitamin C, Vitamin D",HUMAN PRESCRIPTION DRUG,true
59088-165,Ferrous Fumarate,Vitrexyl Plus Iron,Tablet,Oral,35,ug/1,VITAMINS,VITAMINS,"Blood Coagulation Factor, Calculi Dissolution Agent, Copper Absorption Inhibitor, Osmotic Laxative, Paramagnetic Contrast Agent, Vitamin A, Vitamin B12, Vitamin B6 Analog, Vitamin C, Vitamin D",HUMAN PRESCRIPTION DRUG,true
50419-540,Finerenone,Kerendia,"Tablet, Film Coated",Oral,10,mg/1,VITAMINS,VITAMINS,Nonsteroidal Mineralocorticoid-Receptor Antagonist,HUMAN PRESCRIPTION DRUG,true
50419-541,Finerenone,Kerendia,"Tablet, Film Coated",Oral,20,mg/1,VITAMINS,VITAMINS,Nonsteroidal Mineralocorticoid-Receptor Antagonist,HUMAN PRESCRIPTION DRUG,true
50419-542,Finerenone,Kerendia,Tablet,Oral,40,mg/1,VITAMINS,VITAMINS,Nonsteroidal Mineralocorticoid-Receptor Antagonist,HUMAN PRESCRIPTION DRUG,true
59088-156,Folate,Menatrol,Capsule,Oral,1.5,mg/1,VITAMINS,VITAMINS,"Blood Coagulation Factor, Calculi Dissolution Agent, Folate Analog, Non-Standardized Food Allergenic Extract, Non-Standardized Plant Allergenic Extract, Osmotic Laxative, Phosphate Binder, Vitamin B6 Analog, Vitamin D",HUMAN PRESCRIPTION DRUG,true
85477-823,Folate,Folvyris,Tablet,Oral,1.7,mg/1,VITAMINS,VITAMINS,Vitamin D,HUMAN PRESCRIPTION DRUG,true
59088-301,Folate,Folixate,Tablet,Oral,1000,ug/1,VITAMINS,VITAMINS,"Folate Analog, Vitamin D",HUMAN PRESCRIPTION DRUG,true
0615-8589,Folic Acid,Folic Acid,Tablet,Oral,1,mg/1,VITAMINS,VITAMINS,,HUMAN PRESCRIPTION DRUG,true
42192-301,Folic Acid,BP Vit 3,"Capsule, Coated",Oral,1,mg/1,VITAMINS,VITAMINS,"Omega-3 Fatty Acid, Vitamin B12, Vitamin B6 Analog",HUMAN PRESCRIPTION DRUG,true
69499-501,Folic Acid,Quiofic,Solution,Oral,1,mg/5mL,VITAMINS,VITAMINS,,HUMAN PRESCRIPTION DRUG,true
59088-171,Folic Acid,Vitranol,Tablet,Oral,20,mg/1,VITAMINS,VITAMINS,"Blood Coagulation Factor, Calculi Dissolution Agent, Copper Absorption Inhibitor, Osmotic Laxative, Paramagnetic Contrast Agent, Vitamin A, Vitamin B12, Vitamin B6 Analog, Vitamin C, Vitamin D",HUMAN PRESCRIPTION DRUG,true
59088-186,Folic Acid,Ventrixyl,Tablet,Oral,20,ug/1,VITAMINS,VITAMINS,"Blood Coagulation Factor, Calculi Dissolution Agent, Copper Absorption Inhibitor, Osmotic Laxative, Paramagnetic Contrast Agent, Phosphate Binder, Vitamin A, Vitamin B12, Vitamin B6 Analog, Vitamin C, Vitamin D",HUMAN PRESCRIPTION DRUG,true
59088-193,Folic Acid,Vitramyn,Tablet,Oral,3.4,mg/1,VITAMINS,VITAMINS,"Blood Coagulation Factor, Calculi Dissolution Agent, Copper Absorption Inhibitor, Osmotic Laxative, Paramagnetic Contrast Agent, Phosphate Binder, Vitamin A, Vitamin B12, Vitamin B6 Analog, Vitamin C, Vitamin D",HUMAN PRESCRIPTION DRUG,true
59088-164,Folic Acid,Vitrexyl,Tablet,Oral,30,mg/1,VITAMINS,VITAMINS,"Blood Coagulation Factor, Calculi Dissolution Agent, Copper Absorption Inhibitor, Osmotic Laxative, Paramagnetic Contrast Agent, Vitamin A, Vitamin B12, Vitamin B6 Analog, Vitamin C, Vitamin D",HUMAN PRESCRIPTION DRUG,true
39822-1100,Folic Acid,Folic Acid,"Injection, Solution",Intramuscular,5,mg/mL,VITAMINS,VITAMINS,,HUMAN PRESCRIPTION DRUG,true
44717-084,Homosalate,Perfecting Blendrops Broad Spectrum SPF 40,Solution/ Drops,Topical,12,g/100mL,VITAMINS,VITAMINS,,HUMAN OTC DRUG,false
44717-089,Homosalate,Perfecting Blendrops Broad Spectrum SPF 46,Solution/ Drops,Topical,12,g/100g,VITAMINS,VITAMINS,,HUMAN OTC DRUG,false
44717-083,Homosalate,Illuminizing Blendrops Broad Spectrum SPF 40,Solution/ Drops,Topical,5,g/100mL,VITAMINS,VITAMINS,,HUMAN OTC DRUG,false
44717-082,Homosalate,Bronzing Blendrops Broad Spectrum SPF 40,Solution/ Drops,Topical,6,g/100mL,VITAMINS,VITAMINS,,HUMAN OTC DRUG,false
44717-085,Homosalate,Bronzing Blendrops Broad Spectrum SPF 46,Solution/ Drops,Topical,6,g/100g,VITAMINS,VITAMINS,,HUMAN OTC DRUG,false
59088-160,Iron,Davimet With Iron,Tablet,Oral,750,ug/1,VITAMINS,VITAMINS,"Folate Analog, Vitamin A, Vitamin B6 Analog, Vitamin C, Vitamin C, Vitamin D",HUMAN PRESCRIPTION DRUG,true
0178-0089,Iron,Ferralet 90,"Tablet, Film Coated",Oral,90,mg/1,VITAMINS,VITAMINS,"Vitamin B12, Vitamin C",HUMAN PRESCRIPTION DRUG,true
84447-001,Magnesium Oxide,Magnesium Oxide,Tablet,Oral,241.3,mg/1000mg,VITAMINS,VITAMINS,"Calculi Dissolution Agent, Osmotic Laxative",HUMAN OTC DRUG,false
0603-0213,Magnesium Oxide,Magnesium Oxide,Tablet,Oral,253,mg/1,VITAMINS,VITAMINS,"Calculi Dissolution Agent, Osmotic Laxative",HUMAN OTC DRUG,false
0603-0209,Magnesium Oxide,Magnesium Oxide,Tablet,Oral,400,mg/1,VITAMINS,VITAMINS,"Calculi Dissolution Agent, Osmotic Laxative",HUMAN OTC DRUG,false
10135-721,Magnesium Oxide,Magnesium Oxide,Tablet,Oral,420,mg/1,VITAMINS,VITAMINS,"Calculi Dissolution Agent, Osmotic Laxative",HUMAN OTC DRUG,false
52862-030,Menthol And Zinc Oxide,Health Smart Medicated Body,Powder,Topical,.15,g/100g,VITAMINS,VITAMINS,,HUMAN OTC DRUG,false
0363-0552,Menthol And Zinc Oxide,Studio 35 External Analgesic Medicated Body,Powder,Topical,1.5,mg/g,VITAMINS,VITAMINS,Copper Absorption Inhibitor,HUMAN OTC DRUG,false
85304-029,Minoxidil,Agikenb 5% Minoxidil With Biotin Topical Solution,Solution,Topical,.005,g/mL,VITAMINS,VITAMINS,Arteriolar Vasodilator,HUMAN OTC DRUG,false
85304-028,Minoxidil,Tacruitf 5% Minoxidil With Biotin Topical Solution,Solution,Topical,.05,g/mL,VITAMINS,VITAMINS,Arteriolar Vasodilator,HUMAN OTC DRUG,false
85304-001,Minoxidil,5% Minoxidil With Biotin,Solution,Topical,.2,g/100mL,VITAMINS,VITAMINS,Arteriolar Vasodilator,HUMAN OTC DRUG,false
85304-021,Minoxidil,5% Minoxidil With Biotin Topical Solution,Solution,Topical,.5,g/100mL,VITAMINS,VITAMINS,Arteriolar Vasodilator,HUMAN OTC DRUG,false
84614-001,Minoxidil,5% Minoxidil Hair Regrowth Serum With Biotin,Solution,Topical,5,g/100mL,VITAMINS,VITAMINS,Arteriolar Vasodilator,HUMAN OTC DRUG,false
59088-170,Multivitamin,Davimet With Fluoride,"Tablet, Chewable",Oral,.75,mg/1,VITAMINS,VITAMINS,"Folate Analog, Nicotinic Acid, Vitamin A, Vitamin B6 Analog, Vitamin C, Vitamin C, Vitamin D",HUMAN PRESCRIPTION DRUG,true
59088-005,Multivitamin,Multitol-M,Tablet,Oral,13.5,mg/1,VITAMINS,VITAMINS,"Blood Coagulation Factor, Calculi Dissolution Agent, Copper Absorption Inhibitor, Folate Analog, Osmotic Laxative, Paramagnetic Contrast Agent, Phosphate Binder, Vitamin A, Vitamin B6 Analog, Vitamin C, Vitamin D",HUMAN PRESCRIPTION DRUG,true
59088-022,Multivitamin,Boostervite,Tablet,Oral,18,mg/1,VITAMINS,VITAMINS,"Folate Analog, Non-Standardized Food Allergenic Extract, Non-Standardized Plant Allergenic Extract, Vitamin B6 Analog, Vitamin C, Vitamin D",HUMAN PRESCRIPTION DRUG,true
59088-009,Multivitamin,Prenatol-M,Tablet,Oral,20,ug/1,VITAMINS,VITAMINS,"Blood Coagulation Factor, Calculi Dissolution Agent, Folate Analog, Osmotic Laxative, Paramagnetic Contrast Agent, Phosphate Binder, Vitamin A, Vitamin B6 Analog, Vitamin C, Vitamin D",HUMAN PRESCRIPTION DRUG,true
85477-902,Multivitamin,Folixia,Tablet,Oral,20,mg/1,VITAMINS,VITAMINS,"Blood Coagulation Factor, Calculi Dissolution Agent, Osmotic Laxative, Phosphate Binder, Vitamin B12, Vitamin B6 Analog, Vitamin C, Vitamin D",HUMAN PRESCRIPTION DRUG,true
59088-139,Multivitamin,Vitalux,Tablet,Oral,200,mg/1,VITAMINS,VITAMINS,"Blood Coagulation Factor, Calculi Dissolution Agent, Copper Absorption Inhibitor, Folate Analog, Osmotic Laxative, Paramagnetic Contrast Agent, Phosphate Binder, Vitamin A, Vitamin B12, Vitamin B6 Analog, Vitamin C, Vitamin D",HUMAN PRESCRIPTION DRUG,true
59088-078,Multivitamin,PNV Prenatol,Tablet,Oral,3.4,mg/1,VITAMINS,VITAMINS,"Blood Coagulation Factor, Calculi Dissolution Agent, Copper Absorption Inhibitor, Folate Analog, Osmotic Laxative, Paramagnetic Contrast Agent, Phosphate Binder, Vitamin A, Vitamin B12, Vitamin B6 Analog, Vitamin C, Vitamin D",HUMAN PRESCRIPTION DRUG,true
85477-511,Multivitamin,Folartex,Tablet,Oral,300,ug/1,VITAMINS,VITAMINS,"Blood Coagulation Factor, Calculi Dissolution Agent, Osmotic Laxative, Phosphate Binder, Vitamin B12, Vitamin B6 Analog, Vitamin C, Vitamin D",HUMAN PRESCRIPTION DRUG,true
59088-795,Multivitamin,Folcyteine,Tablet,Oral,47,mg/1,VITAMINS,VITAMINS,"Antidote, Antidote for Acetaminophen Overdose, Blood Coagulation Factor, Calculi Dissolution Agent, Mucolytic, Osmotic Laxative, Phosphate Binder, Vitamin D",HUMAN PRESCRIPTION DRUG,true
59088-191,Multivitamin,Inflamex,Capsule,Oral,5,mg/1,VITAMINS,VITAMINS,"Folate Analog, Non-Standardized Food Allergenic Extract, Non-Standardized Food Allergenic Extract",HUMAN PRESCRIPTION DRUG,true
59088-643,Multivitamin,Dexatran,Capsule,Cutaneous,6.9,mg/1,VITAMINS,VITAMINS,"Calculi Dissolution Agent, Copper Absorption Inhibitor, Osmotic Laxative, Paramagnetic Contrast Agent, Vitamin B12, Vitamin B6 Analog, Vitamin C",HUMAN PRESCRIPTION DRUG,true
59088-018,Multivitamin,Multivitamin,"Tablet, Chewable",Oral,750,ug/1,VITAMINS,VITAMINS,"Folate Analog, Nicotinic Acid, Vitamin A, Vitamin B6 Analog, Vitamin C, Vitamin C, Vitamin D",HUMAN PRESCRIPTION DRUG,true
59088-017,Multivitamins,Flotrex,"Tablet, Chewable",Oral,.25,mg/1,VITAMINS,VITAMINS,"Vitamin A, Vitamin B12, Vitamin B6 Analog, Vitamin C, Vitamin C, Vitamin D",HUMAN PRESCRIPTION DRUG,true
59088-015,Multivitamins,Flotrex,"Tablet, Chewable",Oral,.5,mg/1,VITAMINS,VITAMINS,"Vitamin A, Vitamin B12, Vitamin B6 Analog, Vitamin C, Vitamin C, Vitamin D",HUMAN PRESCRIPTION DRUG,true
59088-020,Multivitamins,Flotrex,"Tablet, Chewable",Oral,1,mg/1,VITAMINS,VITAMINS,"Vitamin A, Vitamin B12, Vitamin B6 Analog, Vitamin C, Vitamin C, Vitamin D",HUMAN PRESCRIPTION DRUG,true
33342-189,Niacin,Niacin,Tablet,Oral,1000,mg/1,VITAMINS,VITAMINS,Nicotinic Acid,HUMAN PRESCRIPTION DRUG,true
47335-613,Niacin,Niacin,"Tablet, Film Coated, Extended Release",Oral,1000,mg/1,VITAMINS,VITAMINS,Nicotinic Acid,HUMAN PRESCRIPTION DRUG,true
51407-268,Niacin,Niacin,"Tablet, Extended Release",Oral,1000,mg/1,VITAMINS,VITAMINS,Nicotinic Acid,HUMAN PRESCRIPTION DRUG,true
33342-187,Niacin,Niacin,Tablet,Oral,500,mg/1,VITAMINS,VITAMINS,Nicotinic Acid,HUMAN PRESCRIPTION DRUG,true
47335-539,Niacin,Niacin,"Tablet, Film Coated, Extended Release",Oral,500,mg/1,VITAMINS,VITAMINS,Nicotinic Acid,HUMAN PRESCRIPTION DRUG,true
50268-584,Niacin,Niacin,"Tablet, Extended Release",Oral,500,mg/1,VITAMINS,VITAMINS,Nicotinic Acid,HUMAN PRESCRIPTION DRUG,true
47335-614,Niacin,Niacin,"Tablet, Film Coated, Extended Release",Oral,750,mg/1,VITAMINS,VITAMINS,Nicotinic Acid,HUMAN PRESCRIPTION DRUG,true
59651-019,Niacin,Niacin,"Tablet, Extended Release",Oral,750,mg/1,VITAMINS,VITAMINS,Nicotinic Acid,HUMAN PRESCRIPTION DRUG,true
14141-382,Octinoxate,Lbel Divine Double USE Longwear 36H SPF 15 Creme 110,Powder,Topical,30,mg/g,VITAMINS,VITAMINS,,HUMAN OTC DRUG,false
14141-201,Octinoxate,Double Use Compact SPF 15 Gold Deluxe Edition Claire 1-2-3,Powder,Topical,4.9,g/100g,VITAMINS,VITAMINS,,HUMAN OTC DRUG,false
58264-0100,Oyster Shell Calcium Carbonate,D-94,Solution,Sublingual,10,[hp_X]/mL,VITAMINS,VITAMINS,,HUMAN OTC DRUG,false
54973-3093,Oyster Shell Calcium Carbonate,Leg Cramps PM,"Tablet, Soluble",Oral,12,[hp_X]/1,VITAMINS,VITAMINS,"Calculi Dissolution Agent, Copper-containing Intrauterine Device, Osmotic Laxative",HUMAN OTC DRUG,false
54973-3315,Oyster Shell Calcium Carbonate,Baby Oral Pain Relief,Tablet,Oral,12,[hp_X]/g,VITAMINS,VITAMINS,"Non-Standardized Food Allergenic Extract, Non-Standardized Plant Allergenic Extract",HUMAN OTC DRUG,false
0363-7174,Oyster Shell Calcium Carbonate,LEG Cramps PM,Tablet,Oral,3,[hp_X]/1,VITAMINS,VITAMINS,"Calculi Dissolution Agent, Copper-containing Intrauterine Device, Osmotic Laxative",HUMAN OTC DRUG,false
54973-3187,Oyster Shell Calcium Carbonate,Defend Sinus,"Tablet, Soluble",Oral,3,[hp_X]/1,VITAMINS,VITAMINS,,HUMAN OTC DRUG,false
58264-0034,Oyster Shell Calcium Carbonate,D-34,Solution,Sublingual,30,[hp_X]/mL,VITAMINS,VITAMINS,"Blood Coagulation Factor, Phosphate Binder",HUMAN OTC DRUG,false
58264-0122,Oyster Shell Calcium Carbonate,D-116,Solution,Sublingual,8,[hp_X]/mL,VITAMINS,VITAMINS,,HUMAN OTC DRUG,false
0074-9036,Paricalcitol,Zemplar,"Capsule, Liquid Filled",Oral,1,ug/1,VITAMINS,VITAMINS,"Vitamin D Analog, Vitamin D2 Analog",HUMAN PRESCRIPTION DRUG,true
63629-2452,Paricalcitol,Paricalcitol,Capsule,Oral,1,ug/1,VITAMINS,VITAMINS,"Vitamin D Analog, Vitamin D2 Analog",HUMAN PRESCRIPTION DRUG,true
55150-214,Paricalcitol,Paricalcitol,Injection,Intravenous,10,ug/2mL,VITAMINS,VITAMINS,"Vitamin D Analog, Vitamin D2 Analog",HUMAN PRESCRIPTION DRUG,true
0074-4637,Paricalcitol,Zemplar,"Injection, Solution",Intravenous,2,ug/mL,VITAMINS,VITAMINS,"Vitamin D Analog, Vitamin D2 Analog",HUMAN PRESCRIPTION DRUG,true
0074-9037,Paricalcitol,Zemplar,"Capsule, Liquid Filled",Oral,2,ug/1,VITAMINS,VITAMINS,"Vitamin D Analog, Vitamin D2 Analog",HUMAN PRESCRIPTION DRUG,true
0143-9625,Paricalcitol,Paricalcitol,Injection,Intravenous,2,ug/mL,VITAMINS,VITAMINS,Vitamin D3 Analog,HUMAN PRESCRIPTION DRUG,true
63629-2453,Paricalcitol,Paricalcitol,Capsule,Oral,2,ug/1,VITAMINS,VITAMINS,"Vitamin D Analog, Vitamin D2 Analog",HUMAN PRESCRIPTION DRUG,true
25000-017,Paricalcitol,Paricalcitol,"Capsule, Liquid Filled",Oral,4,ug/1,VITAMINS,VITAMINS,Vitamin D3 Analog,HUMAN PRESCRIPTION DRUG,true
65162-824,Paricalcitol,Paricalcitol,Capsule,Oral,4,ug/1,VITAMINS,VITAMINS,"Vitamin D Analog, Vitamin D2 Analog",HUMAN PRESCRIPTION DRUG,true
0074-1658,Paricalcitol,Zemplar,"Injection, Solution",Intravenous,5,ug/mL,VITAMINS,VITAMINS,"Vitamin D Analog, Vitamin D2 Analog",HUMAN PRESCRIPTION DRUG,true
0143-9596,Paricalcitol,Paricalcitol,Injection,Intravenous,5,ug/mL,VITAMINS,VITAMINS,Vitamin D3 Analog,HUMAN PRESCRIPTION DRUG,true
83021-617,Peg-40 Hydrogenated Castor Oil,Anubis Barcelona,Concentrate,Topical,.0000001,g/5mL,VITAMINS,VITAMINS,"Non-Standardized Food Allergenic Extract, Non-Standardized Fungal Allergenic Extract, Standardized Chemical Allergen, Standardized Chemical Allergen, Standardized Chemical Allergen, Standardized Chemical Allergen",HUMAN OTC DRUG,false
83021-624,Peg-40 Hydrogenated Castor Oil,Anubis Barcelona Regul OIl,Concentrate,Topical,3.512,mL/10mL,VITAMINS,VITAMINS,"Non-Standardized Food Allergenic Extract, Non-Standardized Fungal Allergenic Extract, Standardized Chemical Allergen, Standardized Chemical Allergen, Standardized Chemical Allergen, Standardized Chemical Allergen",HUMAN OTC DRUG,false
84540-230,Phosphatidylserine,Alzh L,Tablet,Oral,214.43,mg/450mg,VITAMINS,VITAMINS,"Calculi Dissolution Agent, Osmotic Laxative",HUMAN OTC DRUG,false
84540-130,Phosphatidylserine,Res B One,Tablet,Oral,6.38,mg/1100mg,VITAMINS,VITAMINS,,HUMAN OTC DRUG,false
0404-9935,Phytonadione,Phytonadione,"Injection, Emulsion",Parenteral,1,mg/.5mL,VITAMINS,VITAMINS,"Vitamin K, Warfarin Reversal Agent",HUMAN PRESCRIPTION DRUG,true
0404-9969,Phytonadione,Phytonadione,"Injection, Emulsion",Intramuscular,10,mg/mL,VITAMINS,VITAMINS,"Vitamin K, Warfarin Reversal Agent",HUMAN PRESCRIPTION DRUG,true
0409-9157,Phytonadione,Vitamin K1,"Injection, Emulsion",Intramuscular,2,mg/mL,VITAMINS,VITAMINS,"Vitamin K, Warfarin Reversal Agent",HUMAN PRESCRIPTION DRUG,true
0904-6882,Phytonadione,Phytonadione,Tablet,Oral,5,mg/1,VITAMINS,VITAMINS,"Vitamin K, Warfarin Reversal Agent",HUMAN PRESCRIPTION DRUG,true
79481-0250,Polyethylene Glycol 400,Meijer Multi-Symptom Relief,Solution/ Drops,Ophthalmic,.05,g/100mL,VITAMINS,VITAMINS,Copper Absorption Inhibitor,HUMAN OTC DRUG,false
11822-0277,Polyethylene Glycol 400,Rite Aid Multi-Symptom Relief Eye Drops,Solution/ Drops,Ophthalmic,.25,g/100mL,VITAMINS,VITAMINS,Copper Absorption Inhibitor,HUMAN OTC DRUG,false
69842-884,Polyethylene Glycol 400,CVS Multi-Symptom Eye Drops,Solution/ Drops,Ophthalmic,1,g/100mL,VITAMINS,VITAMINS,Copper Absorption Inhibitor,HUMAN OTC DRUG,false
81277-801,Pyrithione Zinc,Pert Plus 2 In 1,"Shampoo, Suspension",Topical,1,g/100mL,VITAMINS,VITAMINS,,HUMAN OTC DRUG,false
12022-023,Pyrithione Zinc,Sulfur 8 Kids Anti-Dandruff,"Shampoo, Suspension",Topical,10,mg/mL,VITAMINS,VITAMINS,,HUMAN OTC DRUG,false
58264-0045,Silver Nitrate,D-45,Solution,Sublingual,12,[hp_X]/mL,VITAMINS,VITAMINS,,HUMAN OTC DRUG,false
59469-305,Silver Nitrate,Dalektro N,Solution/ Drops,Oral,6,[hp_X]/100mL,VITAMINS,VITAMINS,"Calculi Dissolution Agent, Osmotic Laxative, Paramagnetic Contrast Agent",HUMAN OTC DRUG,false
59469-317,Silver Nitrate,Somcupin,Solution/ Drops,Oral,6,[hp_X]/50mL,VITAMINS,VITAMINS,"Non-Standardized Food Allergenic Extract, Non-Standardized Plant Allergenic Extract",HUMAN OTC DRUG,false
75826-169,Sodium Fluoride,Multivitamin With Fluoride,"Tablet, Chewable",Oral,.25,mg/1,VITAMINS,VITAMINS,"Vitamin A, Vitamin B12, Vitamin B6 Analog, Vitamin C, Vitamin C, Vitamin D",HUMAN PRESCRIPTION DRUG,true
75826-170,Sodium Fluoride,Multivitamin With Fluoride,"Tablet, Chewable",Oral,.5,mg/1,VITAMINS,VITAMINS,"Vitamin A, Vitamin B12, Vitamin B6 Analog, Vitamin C, Vitamin C, Vitamin D",HUMAN PRESCRIPTION DRUG,true
75826-171,Sodium Fluoride,Multivitamin With Fluoride,"Tablet, Chewable",Oral,1,mg/1,VITAMINS,VITAMINS,"Vitamin A, Vitamin B12, Vitamin B6 Analog, Vitamin C, Vitamin C, Vitamin D",HUMAN PRESCRIPTION DRUG,true
21130-755,Tetrahydrozoline HCl,Signature Care Eye Drops A.c.,Solution,Ophthalmic,.05,g/100mL,VITAMINS,VITAMINS,Copper Absorption Inhibitor,HUMAN OTC DRUG,false
83324-190,Tetrahydrozoline HCl,Quality Choice Eye Drops Irritation Relief,Solution/ Drops,Ophthalmic,.05,g/100mL,VITAMINS,VITAMINS,Copper Absorption Inhibitor,HUMAN OTC DRUG,false
67091-283,Tetrahydrozoline HCl,Winco Irritation Relief Eye,Solution/ Drops,Ophthalmic,50,mg/100mL,VITAMINS,VITAMINS,Copper Absorption Inhibitor,HUMAN OTC DRUG,false
69968-0360,Tetrahydrozoline Hydrochloride,Visine Red Eye Total Comfort Multi-Symptom,Solution/ Drops,Ophthalmic,.5,mg/mL,VITAMINS,VITAMINS,Copper Absorption Inhibitor,HUMAN OTC DRUG,false
55651-024,Tetrahydrozoline Hydrochloride,Medics Choice Eye Drops Seasonal Relief,Solution/ Drops,Ophthalmic,2.5,mg/mL,VITAMINS,VITAMINS,Copper Absorption Inhibitor,HUMAN OTC DRUG,false
0404-9799,Thiamine Hydrochloride,Thiamine Hydrochloride,"Injection, Solution",Intramuscular,100,mg/mL,VITAMINS,VITAMINS,,HUMAN PRESCRIPTION DRUG,true
67457-146,Thiamine Hydrochloride,Vitamin B Complex,Injection,Intravenous,100,mg/mL,VITAMINS,VITAMINS,Vitamin B6 Analog,HUMAN PRESCRIPTION DRUG,true
55150-273,Thiamine Hydrochloride,Thiamine Hydrochloride,"Injection, Solution",Intramuscular,200,mg/2mL,VITAMINS,VITAMINS,,HUMAN PRESCRIPTION DRUG,true
83103-1910,Titanium Dioxide,Ciele Filter And Protect,Powder,Topical,.125,g/g,VITAMINS,VITAMINS,,HUMAN OTC DRUG,false
54111-120,Titanium Dioxide,Rodan And Fields Enhancements,Powder,Topical,.384,g/4g,VITAMINS,VITAMINS,,HUMAN OTC DRUG,false
83369-001,Titanium Dioxide,Spf 50 Mineral Powder Sunscreen,Powder,Topical,23.9,g/100g,VITAMINS,VITAMINS,,HUMAN OTC DRUG,false
14141-300,Titanium Dioxide,Lbel Forever Stay Polvos Compactos DE Larga Duracion FPS 15 Long Lasting Compact SPF 15 Perla 100,Powder,Topical,49,mg/g,VITAMINS,VITAMINS,,HUMAN OTC DRUG,false
14141-301,Titanium Dioxide,Lbel Forever Stay Polvos Compactos DE Larga Duracion FPS 15 Long Lasting Compact SPF 15 Arena 200,Powder,Topical,57.5,mg/g,VITAMINS,VITAMINS,,HUMAN OTC DRUG,false
81352-521,Titanium Dioxide,Radiance Silky Mineral Primer Sunscreen Spf-42 Honey,Solution,Topical,60,mg/mL,VITAMINS,VITAMINS,Copper Absorption Inhibitor,HUMAN OTC DRUG,false
98132-024,Titanium Dioxide And Zinc Oxide,bareMinerals Original Foundation Broad Spectrum SPF 15,Powder,Topical,1008,mg/8g,VITAMINS,VITAMINS,,HUMAN OTC DRUG,false
98132-010,Titanium Dioxide And Zinc Oxide,bareMinerals Original Foundation Broad Spectrum SPF 15,Powder,Topical,1440,mg/8g,VITAMINS,VITAMINS,,HUMAN OTC DRUG,false
98132-017,Titanium Dioxide And Zinc Oxide,bareMinerals Original Foundation Broad Spectrum SPF 15,Powder,Topical,2000,mg/8g,VITAMINS,VITAMINS,,HUMAN OTC DRUG,false
68078-013,Titanium Dioxide And Zinc Oxide,Natural Finish Pressed Foundation SPF 20 Sunscreen,Powder,Topical,212,mg/g,VITAMINS,VITAMINS,,HUMAN OTC DRUG,false
68078-027,Titanium Dioxide And Zinc Oxide,Sunforgettable Total Protection Brush-On Shield SPF 50,Powder,Topical,225,mg/g,VITAMINS,VITAMINS,,HUMAN OTC DRUG,false
98132-159,Titanium Dioxide And Zinc Oxide,BareMinerals,Powder,Topical,25,g/100g,VITAMINS,VITAMINS,,HUMAN OTC DRUG,false
98132-008,Titanium Dioxide And Zinc Oxide,bareMinerals Multi-Tasking SPF 20 Concealer,Powder,Topical,320,mg/2g,VITAMINS,VITAMINS,,HUMAN OTC DRUG,false
98132-007,Titanium Dioxide And Zinc Oxide,bareMinerals Multi-Tasking SPF 20 Concealer,Powder,Topical,400,mg/2g,VITAMINS,VITAMINS,,HUMAN OTC DRUG,false
98132-006,Titanium Dioxide And Zinc Oxide,bareMinerals Multi-Tasking SPF 20 Concealer,Powder,Topical,500,mg/2g,VITAMINS,VITAMINS,,HUMAN OTC DRUG,false
98132-015,Titanium Dioxide And Zinc Oxide,bareMinerals Original Foundation Broad Spectrum SPF 15,Powder,Topical,560,mg/8g,VITAMINS,VITAMINS,,HUMAN OTC DRUG,false
98132-011,Titanium Dioxide And Zinc Oxide,bareMinerals Original Foundation Broad Spectrum SPF 15,Powder,Topical,688,mg/8g,VITAMINS,VITAMINS,,HUMAN OTC DRUG,false
98132-012,Titanium Dioxide And Zinc Oxide,bareMinerals Original Foundation Broad Spectrum SPF 15,Powder,Topical,720,mg/8g,VITAMINS,VITAMINS,,HUMAN OTC DRUG,false
98132-013,Titanium Dioxide And Zinc Oxide,bareMinerals Original Foundation Broad Spectrum SPF 15,Powder,Topical,777,mg/8g,VITAMINS,VITAMINS,,HUMAN OTC DRUG,false
98132-019,Titanium Dioxide And Zinc Oxide,bareMinerals Original Foundation Broad Spectrum SPF 15,Powder,Topical,936,mg/8g,VITAMINS,VITAMINS,,HUMAN OTC DRUG,false
0517-9302,Trace Elements Injection 4,Multrys,"Injection, Solution",Intravenous,2470,ug/mL,VITAMINS,VITAMINS,"Copper Absorption Inhibitor, Paramagnetic Contrast Agent",HUMAN PRESCRIPTION DRUG,true
0517-9305,Trace Elements Injection 4,Tralement,"Injection, Solution",Intravenous,3,mg/mL,VITAMINS,VITAMINS,"Copper Absorption Inhibitor, Paramagnetic Contrast Agent",HUMAN PRESCRIPTION DRUG,true
0642-0207,Vitamin A,Strovite One,Tablet,Oral,1.5,mg/1,VITAMINS,VITAMINS,"Calculi Dissolution Agent, Osmotic Laxative, Standardized Chemical Allergen, Vitamin A, Vitamin B12, Vitamin B6 Analog, Vitamin C, Vitamin D",HUMAN PRESCRIPTION DRUG,true
58657-170,Vitamin A,M-Natal Plus,Tablet,Oral,4000,[iU]/1,VITAMINS,VITAMINS,"Calcium, Copper-containing Intrauterine Device, Nicotinic Acid, Vitamin A, Vitamin B12, Vitamin B6 Analog, Vitamin C, Vitamin D",HUMAN PRESCRIPTION DRUG,true
52796-173,Vitamin A Acetate,Floriva,"Tablet, Chewable",Oral,1000,[iU]/1,VITAMINS,VITAMINS,"Copper Absorption Inhibitor, Vitamin A, Vitamin B12, Vitamin B6 Analog, Vitamin C, Vitamin D",HUMAN PRESCRIPTION DRUG,true
15370-103,Vitamin A Acetate,Quflora Pediatric,"Tablet, Chewable",Oral,1200,[iU]/1,VITAMINS,VITAMINS,"Calculi Dissolution Agent, Folate Analog, Osmotic Laxative, Vitamin A, Vitamin B12, Vitamin B6 Analog, Vitamin C, Vitamin D",HUMAN PRESCRIPTION DRUG,true
42192-320,Vitamin A Acetate,PNV-Select,"Tablet, Film Coated",Oral,2500,[iU]/1,VITAMINS,VITAMINS,"Blood Coagulation Factor, Calculi Dissolution Agent, Copper Absorption Inhibitor, Osmotic Laxative, Phosphate Binder, Vitamin A, Vitamin B12, Vitamin B6 Analog, Vitamin C, Vitamin D",HUMAN PRESCRIPTION DRUG,true
50967-410,Vitamin C,Nestabs ONE,"Capsule, Gelatin Coated",Oral,1,mg/1,VITAMINS,VITAMINS,"Calculi Dissolution Agent, Osmotic Laxative, Vitamin B12, Vitamin B6 Analog, Vitamin C, Vitamin D",HUMAN PRESCRIPTION DRUG,true
13411-848,Vitamin C,JBA Collagen-Electrolyte Mocktail,Powder,Oral,100,mg/12g,VITAMINS,VITAMINS,"Nicotinic Acid, Vitamin B6 Analog, Vitamin C",HUMAN OTC DRUG,false
13411-861,Vitamin C,St. Paul Brands Verestor,Capsule,Oral,100,mg/1,VITAMINS,VITAMINS,Vitamin C,HUMAN OTC DRUG,false
13411-862,Vitamin C,JBA Verestor Mega Fiber Powder,Powder,Oral,100,mg/1,VITAMINS,VITAMINS,"Non-Standardized Food Allergenic Extract, Vitamin C",HUMAN OTC DRUG,false
0178-0821,Vitamin C,CitraNatal 90 DHA,Tablet,Oral,120,mg/1,VITAMINS,VITAMINS,"Blood Coagulation Factor, Phosphate Binder, Vitamin B6 Analog, Vitamin C",HUMAN PRESCRIPTION DRUG,true
85477-606,Vitamin C,Virexa,Tablet,Oral,125,mg/1,VITAMINS,VITAMINS,"Vitamin C, Vitamin D",HUMAN PRESCRIPTION DRUG,true
59088-003,Vitamin C,Bruselix Bruising,Tablet,Oral,50,mg/1,VITAMINS,VITAMINS,"Copper Absorption Inhibitor, Vitamin C",HUMAN PRESCRIPTION DRUG,true
10237-461,Zinc Acetate Anhydrous,Zicam,Tablet,Oral,2,[hp_X]/1,VITAMINS,VITAMINS,"Copper Absorption Inhibitor, Copper Absorption Inhibitor",HUMAN OTC DRUG,false
10237-462,Zinc Acetate Anhydrous,Zicam,Lozenge,Oral,2,[hp_X]/1,VITAMINS,VITAMINS,"Copper Absorption Inhibitor, Copper Absorption Inhibitor",HUMAN OTC DRUG,false
10237-479,Zinc Acetate Anhydrous,Zicam Cold And Flu-like Symptoms,"Tablet, Multilayer",Oral,2,[hp_X]/1,VITAMINS,VITAMINS,"Copper Absorption Inhibitor, Copper Absorption Inhibitor",HUMAN OTC DRUG,false
10237-459,Zinc Acetate Anhydrous And Zinc Gluconate,Zicam,Tablet,Oral,2,[hp_X]/1,VITAMINS,VITAMINS,"Copper Absorption Inhibitor, Copper Absorption Inhibitor",HUMAN OTC DRUG,false
10237-473,Zinc Acetate Anhydrous And Zinc Gluconate,Zicam Cold Remedy,Lozenge,Oral,2,[hp_X]/1,VITAMINS,VITAMINS,"Copper Absorption Inhibitor, Copper Absorption Inhibitor",HUMAN OTC DRUG,false
0409-4090,Zinc Chloride,Zinc,"Injection, Solution",Intravenous,1,mg/mL,VITAMINS,VITAMINS,Copper Absorption Inhibitor,HUMAN PRESCRIPTION DRUG,true
51754-0102,Zinc Chloride,Zinc Chloride,Injection,Intravenous,1,mg/mL,VITAMINS,VITAMINS,Copper Absorption Inhibitor,HUMAN PRESCRIPTION DRUG,true
82969-1038,Zinc Chloride,Bestmade Natural Products Zinc Chloride (Zinc Mur),"Tablet, Soluble",Oral,6,[hp_X]/6[hp_X],VITAMINS,VITAMINS,Copper Absorption Inhibitor,HUMAN OTC DRUG,false
85816-1038,Zinc Chloride,BM Zinc Chloride (Zinc Mur),Tablet,Oral,6,[hp_X]/60mg,VITAMINS,VITAMINS,Copper Absorption Inhibitor,HUMAN OTC DRUG,false
11673-118,Zinc Gluconate,Target Zinc Cold Therapy,"Tablet, Chewable",Oral,1,[hp_X]/1,VITAMINS,VITAMINS,Copper Absorption Inhibitor,HUMAN OTC DRUG,false
30142-999,Zinc Gluconate,Zinc Cold Therapy,Tablet,Oral,1,[hp_X]/1,VITAMINS,VITAMINS,Copper Absorption Inhibitor,HUMAN OTC DRUG,false
71179-320,Zinc Gluconate,Cold-EEZE Cold Remedy,Lozenge,Oral,13.3,mg/1,VITAMINS,VITAMINS,Copper Absorption Inhibitor,HUMAN OTC DRUG,false
71179-350,Zinc Gluconate,Cold-EEZE Cold Remedy,"Tablet, Chewable",Oral,13.3,mg/1,VITAMINS,VITAMINS,Copper Absorption Inhibitor,HUMAN OTC DRUG,false
42961-105,Zinc Gluconate,First Aid Direct Cold-EEZE Cold Remedy,Lozenge,Oral,2,[hp_X]/1,VITAMINS,VITAMINS,Copper Absorption Inhibitor,HUMAN OTC DRUG,false
71179-323,Zinc Gluconate,Cold-EEZE Cold Remedy,Lozenge,Oral,6.2,mg/1,VITAMINS,VITAMINS,Copper Absorption Inhibitor,HUMAN OTC DRUG,false
42851-049,Zinc Oxide,ZO Skin Health Sunscreen Plus Powder Broad-Spectrum SPF 45 (Light),Powder,Topical,.675,mg/g,VITAMINS,VITAMINS,,HUMAN OTC DRUG,false
42851-068,Zinc Oxide,ZO Skin Health Sunscreen Plus Powder Broad-Spectrum SPF 45,Powder,Topical,.675,mg/2.7g,VITAMINS,VITAMINS,,HUMAN OTC DRUG,false
87879-004,Zinc Oxide,Zinc Oxide,Granule,Topical,100,kg/100kg,VITAMINS,VITAMINS,,HUMAN OTC DRUG,false
81159-393,Zinc Oxide,Seaweed Bath CO. Clear Moisture Mineral Spf-30,Solution,Topical,120,mg/mL,VITAMINS,VITAMINS,Copper Absorption Inhibitor,HUMAN OTC DRUG,false
98132-014,Zinc Oxide,bareMinerals Original Foundation Broad Spectrum SPF 15,Powder,Topical,1440,mg/8g,VITAMINS,VITAMINS,,HUMAN OTC DRUG,false
51316-518,Zinc Oxide,Fresh Scent Protective Baby,Powder,Topical,15,g/100g,VITAMINS,VITAMINS,Copper Absorption Inhibitor,HUMAN OTC DRUG,false
85179-033,Zinc Oxide,Sugargirl Set Screen SPF 30 Setting Powder Sunscreen Light,Powder,Topical,151.8,mg/g,VITAMINS,VITAMINS,Copper Absorption Inhibitor,HUMAN OTC DRUG,false
82520-263,Zinc Oxide,Hawaiian SOL Natural Sunscreen Spf-30,Solution,Topical,160,mg/mL,VITAMINS,VITAMINS,Copper Absorption Inhibitor,HUMAN OTC DRUG,false
98132-026,Zinc Oxide,bareMinerals Original Foundation Broad Spectrum SPF 15,Powder,Topical,1600,mg/8g,VITAMINS,VITAMINS,,HUMAN OTC DRUG,false
81159-394,Zinc Oxide,Seaweed Bath CO. Sheer Mineral Sensitive Spf-50,Solution,Topical,170,mg/mL,VITAMINS,VITAMINS,Copper Absorption Inhibitor,HUMAN OTC DRUG,false
73665-102,Zinc Oxide,Kari Gran Essential SPF,Solution,Topical,18,g/100mL,VITAMINS,VITAMINS,Copper Absorption Inhibitor,HUMAN OTC DRUG,false
81159-388,Zinc Oxide,Seaweed Bath CO. Super Sheer Face Serum Spf-50,Solution,Topical,180,mg/mL,VITAMINS,VITAMINS,Copper Absorption Inhibitor,HUMAN OTC DRUG,false
73391-0102,Zinc Oxide,Whamisa Organic Pear Blossom Sunscreen Powder,Powder,Topical,19,g/100g,VITAMINS,VITAMINS,,HUMAN OTC DRUG,false
84130-018,Zinc Oxide,Sun Veil Illuminating Sunscreen Spf30,Powder,Topical,19.24,g/100g,VITAMINS,VITAMINS,,HUMAN OTC DRUG,false
54111-190,Zinc Oxide,111 Skin Sunscreen SPF 50,Solution,Topical,19.5,g/100mL,VITAMINS,VITAMINS,Copper Absorption Inhibitor,HUMAN OTC DRUG,false
58274-020,Zinc Oxide,Brush On Block SPF 30 Mineral Powder Translucent Zinc Only,Powder,Topical,22.1,g/100g,VITAMINS,VITAMINS,,HUMAN OTC DRUG,false
68078-036,Zinc Oxide,Sunforgettable Total Protection Sheet Matte Sunscreen SPF 30,Powder,Topical,225,mg/g,VITAMINS,VITAMINS,,HUMAN OTC DRUG,false
65928-100,Zinc Oxide,Sunnysidekick Uva/uvb Broad Spectrum SPF 30 Brush-On Mineral,Powder,Topical,23,g/100g,VITAMINS,VITAMINS,Copper Absorption Inhibitor,HUMAN OTC DRUG,false
15751-3601,Zinc Oxide,Sun Defense Minerals (Fair),Powder,Topical,235,mg/g,VITAMINS,VITAMINS,,HUMAN OTC DRUG,false
55789-1501,Zinc Oxide,Mineral SPF 30 Brush-On Sun Defense,Powder,Topical,24,g/100g,VITAMINS,VITAMINS,,HUMAN OTC DRUG,false
63354-820,Zinc Oxide,Hawaiian Tropic Mineral Translucent Sunscreen Powder SPF 30,Powder,Topical,24.5,g/100g,VITAMINS,VITAMINS,,HUMAN OTC DRUG,false
75936-166,Zinc Oxide,(Re) Setting 100% Mineral Powder Light Broad Spectrum SPF 35,Powder,Topical,24.7,g/100g,VITAMINS,VITAMINS,,HUMAN OTC DRUG,false
83512-0008,Zinc Oxide,Aspen Glow 100% Mineral Broad Spectrum SPF 30 Powder Sunscreen 0.16 Oz / 4.6 G,Powder,Topical,24.9,g/100g,VITAMINS,VITAMINS,,HUMAN OTC DRUG,false
54108-1486,Zinc Oxide,Derma E Sun Protection Mineral,Powder,Topical,241,mg/g,VITAMINS,VITAMINS,,HUMAN OTC DRUG,false
54108-1487,Zinc Oxide,Sun Protection Mineral,Powder,Topical,245,mg/g,VITAMINS,VITAMINS,,HUMAN OTC DRUG,false
69219-111,Zinc Oxide,PerfecTint Powder SPF 40,Powder,Topical,25,g/100g,VITAMINS,VITAMINS,,HUMAN OTC DRUG,false
14141-206,Zinc Oxide,Lbel Divine Double Use Compact SPF 15 Gold Deluxe Edition Obscure 8-9,Powder,Topical,4.9,g/100g,VITAMINS,VITAMINS,,HUMAN OTC DRUG,false
15751-3600,Zinc Oxide,Sun Defense Minerals (Sheer),Powder,Topical,96,mg/g,VITAMINS,VITAMINS,,HUMAN OTC DRUG,false
58274-025,Zinc Oxide/titanium Dioxide,Brush ON Block SPF 50 Mineral Translucent Zinc Only Refill,Powder,Topical,6,g/100g,VITAMINS,VITAMINS,,HUMAN OTC DRUG,false
58274-030,Zinc Oxide/titanium Dioxide,SUN Buff SPF 30 Mineral Sunscreen,Powder,Topical,8.05,g/100g,VITAMINS,VITAMINS,,HUMAN OTC DRUG,false
0517-6101,Zinc Sulfate,Zinc Sulfate,"Injection, Solution",Intravenous,1,mg/mL,VITAMINS,VITAMINS,Copper Absorption Inhibitor,HUMAN PRESCRIPTION DRUG,true
66794-239,Zinc Sulfate,Zinc Sulfate,"Injection, Solution",Intravenous,25,mg/5mL,VITAMINS,VITAMINS,Copper Absorption Inhibitor,HUMAN PRESCRIPTION DRUG,true
0517-6103,Zinc Sulfate,Zinc Sulfate,"Injection, Solution",Intravenous,3,mg/mL,VITAMINS,VITAMINS,Copper Absorption Inhibitor,HUMAN PRESCRIPTION DRUG,true
70069-692,Zinc Sulfate,Zinc Sulfate,Solution,Intravenous,3,mg/mL,VITAMINS,VITAMINS,Copper Absorption Inhibitor,HUMAN PRESCRIPTION DRUG,true
66794-240,Zinc Sulfate,Zinc Sulfate,"Injection, Solution",Intravenous,30,mg/10mL,VITAMINS,VITAMINS,Copper Absorption Inhibitor,HUMAN PRESCRIPTION DRUG,true
0517-8005,Zinc Sulfate,Zinc Sulfate,"Injection, Solution",Intravenous,5,mg/mL,VITAMINS,VITAMINS,Copper Absorption Inhibitor,HUMAN PRESCRIPTION DRUG,true
70069-691,Zinc Sulfate,Zinc Sulfate,Solution,Intravenous,5,mg/mL,VITAMINS,VITAMINS,Copper Absorption Inhibitor,HUMAN PRESCRIPTION DRUG,true
60505-6261,Zinc Sulfate Injection,Zinc Sulfate,Injection,Intravenous,1,mg/mL,VITAMINS,VITAMINS,Copper Absorption Inhibitor,HUMAN PRESCRIPTION DRUG,true
70710-1876,Zinc Sulfate Injection,Zinc Sulfate,Solution,Intravenous,1,mg/mL,VITAMINS,VITAMINS,Copper Absorption Inhibitor,HUMAN PRESCRIPTION DRUG,true
70710-1877,Zinc Sulfate Injection,Zinc Sulfate,Solution,Intravenous,3,mg/mL,VITAMINS,VITAMINS,Copper Absorption Inhibitor,HUMAN PRESCRIPTION DRUG,true
60505-6260,Zinc Sulfate Injection,Zinc Sulfate,Injection,Intravenous,5,mg/mL,VITAMINS,VITAMINS,Copper Absorption Inhibitor,HUMAN PRESCRIPTION DRUG,true
70710-1878,Zinc Sulfate Injection,Zinc Sulfate,Solution,Intravenous,5,mg/mL,VITAMINS,VITAMINS,Copper Absorption Inhibitor,HUMAN PRESCRIPTION DRUG,true
0363-1180,Zincum Gluconicum,Walgreen Cold Therapy,Tablet,Oral,1,[hp_X]/1,VITAMINS,VITAMINS,Copper Absorption Inhibitor,HUMAN OTC DRUG,false
0363-1181,Zincum Gluconicum,Walgreen Zinc Cold Therapy,"Tablet, Chewable",Oral,1,[hp_X]/1,VITAMINS,VITAMINS,Copper Absorption Inhibitor,HUMAN OTC DRUG,false
